SHEET_KEY,SEQ,OBS_TYPE_KEY,READ_TS,READ_VALUE,ACCEPTED_FLAG
8000000,6,8,2023-10-06 15:36:49,106,Y
8000001,6,30418,2023-10-07 19:37:40,19,Y
8000002,1,7,2025-01-11 16:25:23,13,Y
8000003,1,31102,2023-09-06 04:59:37,36,Y
8000004,6,31102,2024-01-11 00:50:21,7,Y
8000005,4,30418,2024-06-19 01:58:18,1,Y
8000006,2,8,2025-02-17 14:43:36,124,Y
8000007,2,7,2024-01-07 21:11:15,17,Y
8000008,2,14,2023-01-16 18:29:18,1437.7,Y
8000009,5,14,2023-11-13 06:08:45,415.2,Y
8000010,1,14,2025-09-12 02:24:17,2151.1,Y
8000011,3,10,2024-06-12 14:46:34,100,Y
8000011,3,52,2024-06-12 14:28:41,49,Y
8000011,3,52,2024-06-12 14:29:41,51,Y
8000011,3,52,2024-06-12 14:30:41,51,Y
8000011,3,52,2024-06-12 14:31:41,51,Y
8000011,3,52,2024-06-12 14:32:41,47,Y
8000011,3,52,2024-06-12 14:33:41,51,Y
8000011,3,52,2024-06-12 14:34:41,51,Y
8000011,3,52,2024-06-12 14:35:41,56,Y
8000011,3,52,2024-06-12 14:36:41,51,Y
8000011,3,52,2024-06-12 14:37:41,52,Y
8000011,3,52,2024-06-12 14:38:41,45,Y
8000011,3,52,2024-06-12 14:39:41,44,Y
8000011,3,52,2024-06-12 14:40:41,46,Y
8000011,3,52,2024-06-12 14:41:41,51,Y
8000011,3,52,2024-06-12 14:42:41,50,Y
8000011,3,52,2024-06-12 14:43:41,48,Y
8000011,3,52,2024-06-12 14:44:41,44,Y
8000011,3,52,2024-06-12 14:45:41,42,Y
8000011,3,52,2024-06-12 14:46:41,44,Y
8000011,3,52,2024-06-12 14:47:41,51,Y
8000011,3,52,2024-06-12 14:48:41,51,Y
8000011,3,52,2024-06-12 14:49:41,52,Y
8000011,3,52,2024-06-12 14:50:41,52,Y
8000011,3,52,2024-06-12 14:51:41,56,Y
8000011,3,52,2024-06-12 14:52:41,60,Y
8000011,3,52,2024-06-12 14:53:41,56,Y
8000011,3,52,2024-06-12 14:54:41,53,Y
8000011,3,52,2024-06-12 14:55:41,54,Y
8000011,3,52,2024-06-12 14:56:41,55,Y
8000011,3,52,2024-06-12 14:57:41,58,Y
8000011,3,52,2024-06-12 14:58:41,53,Y
8000011,3,52,2024-06-12 14:59:41,54,Y
8000011,3,52,2024-06-12 15:00:41,53,Y
8000011,3,52,2024-06-12 15:01:41,56,Y
8000011,3,52,2024-06-12 15:02:41,55,Y
8000011,3,52,2024-06-12 15:03:41,58,Y
8000011,3,52,2024-06-12 15:04:41,57,Y
8000011,3,52,2024-06-12 15:05:41,55,Y
8000011,3,52,2024-06-12 15:06:41,50,Y
8000011,3,52,2024-06-12 15:07:41,48,Y
8000011,3,52,2024-06-12 15:08:41,50,Y
8000011,3,52,2024-06-12 15:09:41,50,Y
8000011,3,52,2024-06-12 15:10:41,54,Y
8000011,3,52,2024-06-12 15:11:41,53,Y
8000011,3,52,2024-06-12 15:12:41,53,Y
8000011,3,52,2024-06-12 15:13:41,54,Y
8000011,3,52,2024-06-12 15:14:41,50,Y
8000011,3,52,2024-06-12 15:15:41,54,Y
8000011,3,52,2024-06-12 15:16:41,49,Y
8000011,3,52,2024-06-12 15:17:41,50,Y
8000011,3,52,2024-06-12 15:18:41,46,Y
8000011,3,52,2024-06-12 15:19:41,51,Y
8000011,3,52,2024-06-12 15:20:41,54,Y
8000011,3,52,2024-06-12 15:21:41,52,Y
8000011,3,52,2024-06-12 15:22:41,46,Y
8000011,3,52,2024-06-12 15:23:41,46,Y
8000011,3,52,2024-06-12 15:24:41,46,Y
8000011,3,52,2024-06-12 15:25:41,45,Y
8000011,3,52,2024-06-12 15:26:41,50,Y
8000011,3,52,2024-06-12 15:27:41,54,Y
8000011,3,52,2024-06-12 15:28:41,54,Y
8000012,5,7,2023-06-02 02:01:40,25,Y
8000013,1,30417,2025-09-30 08:53:00,8,Y
8000014,5,7,2024-04-21 01:28:14,11,Y
8000015,5,14,2025-05-12 04:26:01,662.7,Y
8000016,1,8,2024-01-31 22:56:57,64,Y
8000017,6,8,2025-11-11 16:40:36,102,Y
8000018,1,7,2024-01-09 04:09:10,9,Y
8000019,5,7,2024-06-13 12:59:55,34,Y
8000020,3,7,2023-01-28 20:52:21,36,Y
8000021,4,30417,2023-03-25 14:21:13,17,Y
8000021,4,52,2023-03-25 13:36:50,59,Y
8000021,4,52,2023-03-25 13:37:50,57,Y
8000021,4,52,2023-03-25 13:38:50,60,Y
8000021,4,52,2023-03-25 13:39:50,57,Y
8000021,4,52,2023-03-25 13:40:50,60,Y
8000021,4,52,2023-03-25 13:41:50,65,Y
8000021,4,52,2023-03-25 13:42:50,69,Y
8000021,4,52,2023-03-25 13:43:50,61,Y
8000021,4,52,2023-03-25 13:44:50,61,Y
8000021,4,52,2023-03-25 13:45:50,60,Y
8000021,4,52,2023-03-25 13:46:50,66,Y
8000021,4,52,2023-03-25 13:47:50,65,Y
8000021,4,52,2023-03-25 13:48:50,65,Y
8000021,4,52,2023-03-25 13:49:50,58,Y
8000021,4,52,2023-03-25 13:50:50,55,Y
8000021,4,52,2023-03-25 13:51:50,53,Y
8000021,4,52,2023-03-25 13:52:50,56,Y
8000021,4,52,2023-03-25 13:53:50,55,Y
8000021,4,52,2023-03-25 13:54:50,61,Y
8000021,4,52,2023-03-25 13:55:50,66,Y
8000021,4,52,2023-03-25 13:56:50,65,Y
8000021,4,52,2023-03-25 13:57:50,68,Y
8000021,4,52,2023-03-25 13:58:50,60,Y
8000021,4,52,2023-03-25 13:59:50,64,Y
8000021,4,52,2023-03-25 14:00:50,64,Y
8000021,4,52,2023-03-25 14:01:50,66,Y
8000021,4,52,2023-03-25 14:02:50,59,Y
8000021,4,52,2023-03-25 14:03:50,57,Y
8000021,4,52,2023-03-25 14:04:50,58,Y
8000021,4,52,2023-03-25 14:05:50,63,Y
8000021,4,52,2023-03-25 14:06:50,64,Y
8000021,4,52,2023-03-25 14:07:50,68,Y
8000021,4,52,2023-03-25 14:08:50,70,Y
8000021,4,52,2023-03-25 14:09:50,62,Y
8000021,4,52,2023-03-25 14:10:50,56,Y
8000021,4,52,2023-03-25 14:11:50,50,Y
8000021,4,52,2023-03-25 14:12:50,55,Y
8000021,4,52,2023-03-25 14:13:50,60,Y
8000021,4,52,2023-03-25 14:14:50,60,Y
8000021,4,52,2023-03-25 14:15:50,60,Y
8000021,4,52,2023-03-25 14:16:50,57,Y
8000021,4,52,2023-03-25 14:17:50,59,Y
8000021,4,52,2023-03-25 14:18:50,53,Y
8000021,4,52,2023-03-25 14:19:50,56,Y
8000021,4,52,2023-03-25 14:20:50,60,Y
8000021,4,52,2023-03-25 14:21:50,60,Y
8000021,4,52,2023-03-25 14:22:50,63,Y
8000021,4,52,2023-03-25 14:23:50,56,Y
8000021,4,52,2023-03-25 14:24:50,65,Y
8000021,4,52,2023-03-25 14:25:50,64,Y
8000021,4,52,2023-03-25 14:26:50,64,Y
8000021,4,52,2023-03-25 14:27:50,61,Y
8000021,4,52,2023-03-25 14:28:50,59,Y
8000021,4,52,2023-03-25 14:29:50,67,Y
8000021,4,52,2023-03-25 14:30:50,72,Y
8000021,4,52,2023-03-25 14:31:50,75,Y
8000021,4,52,2023-03-25 14:32:50,64,Y
8000021,4,52,2023-03-25 14:33:50,63,Y
8000021,4,52,2023-03-25 14:34:50,61,Y
8000021,4,52,2023-03-25 14:35:50,63,Y
8000021,4,52,2023-03-25 14:36:50,55,Y
8000021,4,52,2023-03-25 14:37:50,55,Y
8000021,4,52,2023-03-25 14:38:50,62,Y
8000021,4,52,2023-03-25 14:39:50,62,Y
8000021,4,52,2023-03-25 14:40:50,66,Y
8000021,4,52,2023-03-25 14:41:50,64,Y
8000021,4,52,2023-03-25 14:42:50,62,Y
8000021,4,52,2023-03-25 14:43:50,55,Y
8000021,4,52,2023-03-25 14:44:50,53,Y
8000021,4,52,2023-03-25 14:45:50,60,Y
8000021,4,52,2023-03-25 14:46:50,60,Y
8000021,4,52,2023-03-25 14:47:50,59,Y
8000021,4,52,2023-03-25 14:48:50,57,Y
8000021,4,52,2023-03-25 14:49:50,65,Y
8000021,4,52,2023-03-25 14:50:50,63,Y
8000021,4,52,2023-03-25 14:51:50,67,Y
8000021,4,52,2023-03-25 14:52:50,58,Y
8000021,4,52,2023-03-25 14:53:50,63,Y
8000021,4,52,2023-03-25 14:54:50,55,Y
8000021,4,52,2023-03-25 14:55:50,63,Y
8000021,4,52,2023-03-25 14:56:50,63,Y
8000021,4,52,2023-03-25 14:57:50,71,Y
8000021,4,52,2023-03-25 14:58:50,67,Y
8000021,4,52,2023-03-25 14:59:50,63,Y
8000021,4,52,2023-03-25 15:00:50,54,Y
8000021,4,52,2023-03-25 15:01:50,55,Y
8000021,4,52,2023-03-25 15:02:50,61,Y
8000021,4,52,2023-03-25 15:03:50,68,Y
8000021,4,52,2023-03-25 15:04:50,73,Y
8000021,4,52,2023-03-25 15:05:50,67,Y
8000021,4,52,2023-03-25 15:06:50,59,Y
8000021,4,52,2023-03-25 15:07:50,55,Y
8000021,4,52,2023-03-25 15:08:50,51,Y
8000021,4,52,2023-03-25 15:09:50,52,Y
8000021,4,52,2023-03-25 15:10:50,51,Y
8000021,4,52,2023-03-25 15:11:50,61,Y
8000021,4,52,2023-03-25 15:12:50,65,Y
8000021,4,52,2023-03-25 15:13:50,62,Y
8000021,4,52,2023-03-25 15:14:50,60,Y
8000021,4,52,2023-03-25 15:15:50,58,Y
8000021,4,52,2023-03-25 15:16:50,58,Y
8000021,4,52,2023-03-25 15:17:50,51,Y
8000021,4,52,2023-03-25 15:18:50,56,Y
8000021,4,52,2023-03-25 15:19:50,56,Y
8000021,4,52,2023-03-25 15:20:50,58,Y
8000021,4,52,2023-03-25 15:21:50,51,Y
8000021,4,52,2023-03-25 15:22:50,55,Y
8000021,4,52,2023-03-25 15:23:50,62,Y
8000021,4,52,2023-03-25 15:24:50,62,Y
8000021,4,52,2023-03-25 15:25:50,59,Y
8000021,4,52,2023-03-25 15:26:50,56,Y
8000021,4,52,2023-03-25 15:27:50,59,Y
8000021,4,52,2023-03-25 15:28:50,65,Y
8000021,4,52,2023-03-25 15:29:50,63,Y
8000021,4,52,2023-03-25 15:30:50,63,Y
8000021,4,52,2023-03-25 15:31:50,55,Y
8000021,4,52,2023-03-25 15:32:50,61,Y
8000021,4,52,2023-03-25 15:33:50,60,Y
8000021,4,52,2023-03-25 15:34:50,65,Y
8000021,4,52,2023-03-25 15:35:50,63,Y
8000021,4,52,2023-03-25 15:36:50,69,Y
8000021,4,52,2023-03-25 15:37:50,73,Y
8000021,4,52,2023-03-25 15:38:50,68,Y
8000021,4,52,2023-03-25 15:39:50,65,Y
8000021,4,52,2023-03-25 15:40:50,65,Y
8000021,4,52,2023-03-25 15:41:50,70,Y
8000021,4,52,2023-03-25 15:42:50,65,Y
8000021,4,52,2023-03-25 15:43:50,61,Y
8000021,4,52,2023-03-25 15:44:50,63,Y
8000021,4,52,2023-03-25 15:45:50,62,Y
8000021,4,52,2023-03-25 15:46:50,62,Y
8000021,4,52,2023-03-25 15:47:50,59,Y
8000021,4,52,2023-03-25 15:48:50,63,Y
8000021,4,52,2023-03-25 15:49:50,63,Y
8000021,4,52,2023-03-25 15:50:50,58,Y
8000021,4,52,2023-03-25 15:51:50,56,Y
8000021,4,52,2023-03-25 15:52:50,53,Y
8000021,4,52,2023-03-25 15:53:50,52,Y
8000021,4,52,2023-03-25 15:54:50,57,Y
8000021,4,52,2023-03-25 15:55:50,55,Y
8000021,4,52,2023-03-25 15:56:50,59,Y
8000022,2,31102,2025-05-24 21:53:58,10,Y
8000023,6,8,2025-07-09 01:17:19,,Y
8000024,5,14,2024-02-27 03:52:08,214.9,Y
8000025,1,30418,2024-05-17 23:08:18,24,Y
8000026,3,30417,2023-01-20 20:28:17,36,Y
8000027,2,30418,2023-12-14 01:31:36,27,Y
8000028,4,30417,2024-12-24 09:13:04,34,Y
8000029,5,31102,2025-06-10 08:06:43,3,Y
8000030,6,30417,2023-03-24 09:23:47,33,Y
8000031,2,30418,2023-06-29 08:43:06,0,Y
8000032,5,30418,2023-10-07 07:48:37,16,Y
8000033,1,8,2024-01-05 03:32:28,76,N
8000034,5,30418,2025-09-22 10:34:16,24,Y
8000035,2,5,2025-04-10 15:01:20,86/30,Y
8000035,2,51,2025-04-10 15:01:20,49,Y
8000036,4,30418,2025-05-04 21:43:58,27,Y
8000036,4,52,2025-05-04 18:37:24,53,Y
8000036,4,52,2025-05-04 18:38:24,51,Y
8000036,4,52,2025-05-04 18:39:24,48,Y
8000036,4,52,2025-05-04 18:40:24,44,Y
8000036,4,52,2025-05-04 18:41:24,42,Y
8000036,4,52,2025-05-04 18:42:24,44,Y
8000036,4,52,2025-05-04 18:43:24,48,Y
8000036,4,52,2025-05-04 18:44:24,50,Y
8000036,4,52,2025-05-04 18:45:24,51,Y
8000036,4,52,2025-05-04 18:46:24,54,Y
8000036,4,52,2025-05-04 18:47:24,49,Y
8000036,4,52,2025-05-04 18:48:24,42,Y
8000036,4,52,2025-05-04 18:49:24,43,Y
8000036,4,52,2025-05-04 18:50:24,47,Y
8000036,4,52,2025-05-04 18:51:24,53,Y
8000036,4,52,2025-05-04 18:52:24,51,Y
8000036,4,52,2025-05-04 18:53:24,46,Y
8000036,4,52,2025-05-04 18:54:24,41,Y
8000036,4,52,2025-05-04 18:55:24,38,Y
8000036,4,52,2025-05-04 18:56:24,38,Y
8000036,4,52,2025-05-04 18:57:24,37,Y
8000036,4,52,2025-05-04 18:58:24,39,Y
8000036,4,52,2025-05-04 18:59:24,46,Y
8000036,4,52,2025-05-04 19:00:24,48,Y
8000036,4,52,2025-05-04 19:01:24,45,Y
8000036,4,52,2025-05-04 19:02:24,42,Y
8000036,4,52,2025-05-04 19:03:24,40,Y
8000036,4,52,2025-05-04 19:04:24,40,Y
8000036,4,52,2025-05-04 19:05:24,41,Y
8000036,4,52,2025-05-04 19:06:24,44,Y
8000036,4,52,2025-05-04 19:07:24,49,Y
8000036,4,52,2025-05-04 19:08:24,49,Y
8000036,4,52,2025-05-04 19:09:24,51,Y
8000036,4,52,2025-05-04 19:10:24,50,Y
8000036,4,52,2025-05-04 19:11:24,46,Y
8000036,4,52,2025-05-04 19:12:24,44,Y
8000036,4,52,2025-05-04 19:13:24,42,Y
8000036,4,52,2025-05-04 19:14:24,40,Y
8000036,4,52,2025-05-04 19:15:24,38,Y
8000036,4,52,2025-05-04 19:16:24,38,Y
8000036,4,52,2025-05-04 19:17:24,45,Y
8000036,4,52,2025-05-04 19:18:24,51,Y
8000036,4,52,2025-05-04 19:19:24,55,Y
8000036,4,52,2025-05-04 19:20:24,54,Y
8000036,4,52,2025-05-04 19:21:24,46,Y
8000036,4,52,2025-05-04 19:22:24,44,Y
8000036,4,52,2025-05-04 19:23:24,45,Y
8000036,4,52,2025-05-04 19:24:24,48,Y
8000036,4,52,2025-05-04 19:25:24,45,Y
8000036,4,52,2025-05-04 19:26:24,40,Y
8000036,4,52,2025-05-04 19:27:24,44,Y
8000036,4,52,2025-05-04 19:28:24,44,Y
8000036,4,52,2025-05-04 19:29:24,50,Y
8000036,4,52,2025-05-04 19:30:24,48,Y
8000036,4,52,2025-05-04 19:31:24,45,Y
8000036,4,52,2025-05-04 19:32:24,42,Y
8000036,4,52,2025-05-04 19:33:24,38,Y
8000036,4,52,2025-05-04 19:34:24,45,Y
8000036,4,52,2025-05-04 19:35:24,44,Y
8000036,4,52,2025-05-04 19:36:24,46,Y
8000036,4,52,2025-05-04 19:37:24,46,Y
8000036,4,52,2025-05-04 19:38:24,46,Y
8000036,4,52,2025-05-04 19:39:24,44,Y
8000036,4,52,2025-05-04 19:40:24,39,Y
8000036,4,52,2025-05-04 19:41:24,45,Y
8000036,4,52,2025-05-04 19:42:24,50,Y
8000036,4,52,2025-05-04 19:43:24,48,Y
8000036,4,52,2025-05-04 19:44:24,48,Y
8000036,4,52,2025-05-04 19:45:24,43,Y
8000036,4,52,2025-05-04 19:46:24,50,Y
8000036,4,52,2025-05-04 19:47:24,47,Y
8000036,4,52,2025-05-04 19:48:24,54,Y
8000036,4,52,2025-05-04 19:49:24,53,Y
8000036,4,52,2025-05-04 19:50:24,50,Y
8000036,4,52,2025-05-04 19:51:24,43,Y
8000036,4,52,2025-05-04 19:52:24,40,Y
8000036,4,52,2025-05-04 19:53:24,44,Y
8000036,4,52,2025-05-04 19:54:24,45,Y
8000036,4,52,2025-05-04 19:55:24,39,Y
8000036,4,52,2025-05-04 19:56:24,35,Y
8000036,4,52,2025-05-04 19:57:24,36,Y
8000036,4,52,2025-05-04 19:58:24,37,Y
8000036,4,52,2025-05-04 19:59:24,41,Y
8000036,4,52,2025-05-04 20:00:24,48,Y
8000036,4,52,2025-05-04 20:01:24,49,Y
8000036,4,52,2025-05-04 20:02:24,44,Y
8000036,4,52,2025-05-04 20:03:24,36,Y
8000036,4,52,2025-05-04 20:04:24,42,Y
8000036,4,52,2025-05-04 20:05:24,44,Y
8000036,4,52,2025-05-04 20:06:24,52,Y
8000036,4,52,2025-05-04 20:07:24,46,Y
8000036,4,52,2025-05-04 20:08:24,44,Y
8000036,4,52,2025-05-04 20:09:24,44,Y
8000036,4,52,2025-05-04 20:10:24,47,Y
8000036,4,52,2025-05-04 20:11:24,52,Y
8000036,4,52,2025-05-04 20:12:24,46,Y
8000036,4,52,2025-05-04 20:13:24,41,Y
8000036,4,52,2025-05-04 20:14:24,38,Y
8000036,4,52,2025-05-04 20:15:24,42,Y
8000036,4,52,2025-05-04 20:16:24,48,Y
8000036,4,52,2025-05-04 20:17:24,51,Y
8000036,4,52,2025-05-04 20:18:24,51,Y
8000036,4,52,2025-05-04 20:19:24,48,Y
8000036,4,52,2025-05-04 20:20:24,50,Y
8000036,4,52,2025-05-04 20:21:24,44,Y
8000036,4,52,2025-05-04 20:22:24,47,Y
8000036,4,52,2025-05-04 20:23:24,41,Y
8000036,4,52,2025-05-04 20:24:24,40,Y
8000036,4,52,2025-05-04 20:25:24,39,Y
8000036,4,52,2025-05-04 20:26:24,42,Y
8000036,4,52,2025-05-04 20:27:24,50,Y
8000036,4,52,2025-05-04 20:28:24,54,Y
8000036,4,52,2025-05-04 20:29:24,56,Y
8000036,4,52,2025-05-04 20:30:24,48,Y
8000036,4,52,2025-05-04 20:31:24,39,Y
8000036,4,52,2025-05-04 20:32:24,35,Y
8000036,4,52,2025-05-04 20:33:24,38,Y
8000036,4,52,2025-05-04 20:34:24,42,Y
8000036,4,52,2025-05-04 20:35:24,39,Y
8000036,4,52,2025-05-04 20:36:24,40,Y
8000036,4,52,2025-05-04 20:37:24,39,Y
8000036,4,52,2025-05-04 20:38:24,47,Y
8000036,4,52,2025-05-04 20:39:24,44,Y
8000036,4,52,2025-05-04 20:40:24,48,Y
8000036,4,52,2025-05-04 20:41:24,43,Y
8000036,4,52,2025-05-04 20:42:24,49,Y
8000036,4,52,2025-05-04 20:43:24,43,Y
8000036,4,52,2025-05-04 20:44:24,45,Y
8000036,4,52,2025-05-04 20:45:24,46,Y
8000036,4,52,2025-05-04 20:46:24,47,Y
8000036,4,52,2025-05-04 20:47:24,48,Y
8000036,4,52,2025-05-04 20:48:24,45,Y
8000036,4,52,2025-05-04 20:49:24,51,Y
8000036,4,52,2025-05-04 20:50:24,52,Y
8000036,4,52,2025-05-04 20:51:24,54,Y
8000036,4,52,2025-05-04 20:52:24,50,Y
8000036,4,52,2025-05-04 20:53:24,51,Y
8000036,4,52,2025-05-04 20:54:24,51,Y
8000036,4,52,2025-05-04 20:55:24,51,Y
8000036,4,52,2025-05-04 20:56:24,51,Y
8000036,4,52,2025-05-04 20:57:24,46,Y
8000036,4,52,2025-05-04 20:58:24,46,Y
8000036,4,52,2025-05-04 20:59:24,43,Y
8000036,4,52,2025-05-04 21:00:24,48,Y
8000036,4,52,2025-05-04 21:01:24,47,Y
8000036,4,52,2025-05-04 21:02:24,50,Y
8000036,4,52,2025-05-04 21:03:24,46,Y
8000036,4,52,2025-05-04 21:04:24,44,Y
8000036,4,52,2025-05-04 21:05:24,36,Y
8000036,4,52,2025-05-04 21:06:24,41,Y
8000036,4,52,2025-05-04 21:07:24,47,Y
8000036,4,52,2025-05-04 21:08:24,47,Y
8000036,4,52,2025-05-04 21:09:24,41,Y
8000036,4,52,2025-05-04 21:10:24,41,Y
8000036,4,52,2025-05-04 21:11:24,45,Y
8000036,4,52,2025-05-04 21:12:24,46,Y
8000036,4,52,2025-05-04 21:13:24,47,Y
8000036,4,52,2025-05-04 21:14:24,49,Y
8000036,4,52,2025-05-04 21:15:24,51,Y
8000036,4,52,2025-05-04 21:16:24,48,Y
8000036,4,52,2025-05-04 21:17:24,48,Y
8000036,4,52,2025-05-04 21:18:24,50,Y
8000036,4,52,2025-05-04 21:19:24,52,Y
8000036,4,52,2025-05-04 21:20:24,45,Y
8000036,4,52,2025-05-04 21:21:24,38,Y
8000036,4,52,2025-05-04 21:22:24,34,Y
8000036,4,52,2025-05-04 21:23:24,38,Y
8000036,4,52,2025-05-04 21:24:24,40,Y
8000036,4,52,2025-05-04 21:25:24,38,Y
8000036,4,52,2025-05-04 21:26:24,43,Y
8000036,4,52,2025-05-04 21:27:24,49,Y
8000036,4,52,2025-05-04 21:28:24,56,Y
8000036,4,52,2025-05-04 21:29:24,48,Y
8000036,4,52,2025-05-04 21:30:24,42,Y
8000036,4,52,2025-05-04 21:31:24,39,Y
8000036,4,52,2025-05-04 21:32:24,39,Y
8000036,4,52,2025-05-04 21:33:24,44,Y
8000036,4,52,2025-05-04 21:34:24,40,Y
8000036,4,52,2025-05-04 21:35:24,46,Y
8000036,4,52,2025-05-04 21:36:24,46,Y
8000036,4,52,2025-05-04 21:37:24,45,Y
8000036,4,52,2025-05-04 21:38:24,47,Y
8000036,4,52,2025-05-04 21:39:24,43,Y
8000036,4,52,2025-05-04 21:40:24,48,Y
8000036,4,52,2025-05-04 21:41:24,45,Y
8000036,4,52,2025-05-04 21:42:24,45,Y
8000036,4,52,2025-05-04 21:43:24,41,Y
8000036,4,52,2025-05-04 21:44:24,36,Y
8000036,4,52,2025-05-04 21:45:24,33,Y
8000036,4,52,2025-05-04 21:46:24,40,Y
8000036,4,52,2025-05-04 21:47:24,42,Y
8000036,4,52,2025-05-04 21:48:24,42,Y
8000036,4,52,2025-05-04 21:49:24,38,Y
8000036,4,52,2025-05-04 21:50:24,40,Y
8000036,4,52,2025-05-04 21:51:24,43,Y
8000036,4,52,2025-05-04 21:52:24,47,Y
8000036,4,52,2025-05-04 21:53:24,43,Y
8000036,4,52,2025-05-04 21:54:24,48,Y
8000036,4,52,2025-05-04 21:55:24,50,Y
8000036,4,52,2025-05-04 21:56:24,49,Y
8000036,4,52,2025-05-04 21:57:24,48,Y
8000036,4,52,2025-05-04 21:58:24,41,Y
8000036,4,52,2025-05-04 21:59:24,46,Y
8000036,4,52,2025-05-04 22:00:24,43,Y
8000036,4,52,2025-05-04 22:01:24,45,Y
8000036,4,52,2025-05-04 22:02:24,44,Y
8000036,4,52,2025-05-04 22:03:24,42,Y
8000036,4,52,2025-05-04 22:04:24,39,Y
8000036,4,52,2025-05-04 22:05:24,42,Y
8000036,4,52,2025-05-04 22:06:24,43,Y
8000036,4,52,2025-05-04 22:07:24,46,Y
8000036,4,52,2025-05-04 22:08:24,40,Y
8000036,4,52,2025-05-04 22:09:24,46,Y
8000036,4,52,2025-05-04 22:10:24,48,Y
8000036,4,52,2025-05-04 22:11:24,50,Y
8000036,4,52,2025-05-04 22:12:24,50,Y
8000036,4,52,2025-05-04 22:13:24,45,Y
8000036,4,52,2025-05-04 22:14:24,42,Y
8000036,4,52,2025-05-04 22:15:24,38,Y
8000036,4,52,2025-05-04 22:16:24,37,Y
8000036,4,52,2025-05-04 22:17:24,43,Y
8000036,4,52,2025-05-04 22:18:24,39,Y
8000036,4,52,2025-05-04 22:19:24,40,Y
8000036,4,52,2025-05-04 22:20:24,37,Y
8000036,4,52,2025-05-04 22:21:24,45,Y
8000036,4,52,2025-05-04 22:22:24,47,Y
8000036,4,52,2025-05-04 22:23:24,44,Y
8000036,4,52,2025-05-04 22:24:24,38,Y
8000036,4,52,2025-05-04 22:25:24,38,Y
8000036,4,52,2025-05-04 22:26:24,40,Y
8000036,4,52,2025-05-04 22:27:24,45,Y
8000036,4,52,2025-05-04 22:28:24,48,Y
8000036,4,52,2025-05-04 22:29:24,52,Y
8000036,4,52,2025-05-04 22:30:24,51,Y
8000036,4,52,2025-05-04 22:31:24,47,Y
8000036,4,52,2025-05-04 22:32:24,40,Y
8000036,4,52,2025-05-04 22:33:24,33,Y
8000036,4,52,2025-05-04 22:34:24,32,Y
8000036,4,52,2025-05-04 22:35:24,40,Y
8000036,4,52,2025-05-04 22:36:24,46,Y
8000036,4,52,2025-05-04 22:37:24,53,Y
8000036,4,52,2025-05-04 22:38:24,46,Y
8000036,4,52,2025-05-04 22:39:24,45,Y
8000036,4,52,2025-05-04 22:40:24,38,Y
8000036,4,52,2025-05-04 22:41:24,44,Y
8000036,4,52,2025-05-04 22:42:24,49,Y
8000036,4,52,2025-05-04 22:43:24,55,Y
8000036,4,52,2025-05-04 22:44:24,48,Y
8000036,4,52,2025-05-04 22:45:24,46,Y
8000036,4,52,2025-05-04 22:46:24,44,Y
8000036,4,52,2025-05-04 22:47:24,50,Y
8000036,4,52,2025-05-04 22:48:24,43,Y
8000036,4,52,2025-05-04 22:49:24,45,Y
8000036,4,52,2025-05-04 22:50:24,42,Y
8000036,4,52,2025-05-04 22:51:24,50,Y
8000036,4,52,2025-05-04 22:52:24,44,Y
8000036,4,52,2025-05-04 22:53:24,46,Y
8000036,4,52,2025-05-04 22:54:24,45,Y
8000036,4,52,2025-05-04 22:55:24,45,Y
8000036,4,52,2025-05-04 22:56:24,41,Y
8000036,4,52,2025-05-04 22:57:24,41,Y
8000036,4,52,2025-05-04 22:58:24,48,Y
8000036,4,52,2025-05-04 22:59:24,53,Y
8000036,4,52,2025-05-04 23:00:24,46,Y
8000036,4,52,2025-05-04 23:01:24,41,Y
8000036,4,52,2025-05-04 23:02:24,44,Y
8000036,4,52,2025-05-04 23:03:24,50,Y
8000036,4,52,2025-05-04 23:04:24,53,Y
8000036,4,52,2025-05-04 23:05:24,45,Y
8000036,4,52,2025-05-04 23:06:24,45,Y
8000036,4,52,2025-05-04 23:07:24,44,Y
8000036,4,52,2025-05-04 23:08:24,43,Y
8000036,4,52,2025-05-04 23:09:24,37,Y
8000036,4,52,2025-05-04 23:10:24,34,Y
8000036,4,52,2025-05-04 23:11:24,39,Y
8000036,4,52,2025-05-04 23:12:24,47,Y
8000036,4,52,2025-05-04 23:13:24,52,Y
8000036,4,52,2025-05-04 23:14:24,47,Y
8000036,4,52,2025-05-04 23:15:24,45,Y
8000036,4,52,2025-05-04 23:16:24,43,Y
8000036,4,52,2025-05-04 23:17:24,50,Y
8000036,4,52,2025-05-04 23:18:24,52,Y
8000036,4,52,2025-05-04 23:19:24,55,Y
8000036,4,52,2025-05-04 23:20:24,56,Y
8000036,4,52,2025-05-04 23:21:24,49,Y
8000036,4,52,2025-05-04 23:22:24,44,Y
8000036,4,52,2025-05-04 23:23:24,40,Y
8000036,4,52,2025-05-04 23:24:24,40,Y
8000036,4,52,2025-05-04 23:25:24,36,Y
8000036,4,52,2025-05-04 23:26:24,34,Y
8000036,4,52,2025-05-04 23:27:24,34,Y
8000036,4,52,2025-05-04 23:28:24,43,Y
8000036,4,52,2025-05-04 23:29:24,50,Y
8000036,4,52,2025-05-04 23:30:24,50,Y
8000036,4,52,2025-05-04 23:31:24,43,Y
8000036,4,52,2025-05-04 23:32:24,38,Y
8000036,4,52,2025-05-04 23:33:24,43,Y
8000036,4,52,2025-05-04 23:34:24,44,Y
8000036,4,52,2025-05-04 23:35:24,42,Y
8000036,4,52,2025-05-04 23:36:24,37,Y
8000036,4,52,2025-05-04 23:37:24,39,Y
8000036,4,52,2025-05-04 23:38:24,40,Y
8000036,4,52,2025-05-04 23:39:24,41,Y
8000036,4,52,2025-05-04 23:40:24,44,Y
8000036,4,52,2025-05-04 23:41:24,48,Y
8000036,4,52,2025-05-04 23:42:24,47,Y
8000036,4,52,2025-05-04 23:43:24,47,Y
8000036,4,52,2025-05-04 23:44:24,47,Y
8000036,4,52,2025-05-04 23:45:24,49,Y
8000036,4,52,2025-05-04 23:46:24,49,Y
8000036,4,52,2025-05-04 23:47:24,43,Y
8000036,4,52,2025-05-04 23:48:24,47,Y
8000036,4,52,2025-05-04 23:49:24,48,Y
8000036,4,52,2025-05-04 23:50:24,56,Y
8000036,4,52,2025-05-04 23:51:24,56,Y
8000036,4,52,2025-05-04 23:52:24,54,Y
8000036,4,52,2025-05-04 23:53:24,53,Y
8000036,4,52,2025-05-04 23:54:24,49,Y
8000036,4,52,2025-05-04 23:55:24,48,Y
8000036,4,52,2025-05-04 23:56:24,40,Y
8000036,4,52,2025-05-04 23:57:24,40,Y
8000037,5,5,2025-03-15 05:33:47,82/37,Y
8000037,5,51,2025-03-15 05:33:47,52,Y
8000038,4,52,2025-06-20 04:39:52,41,Y
8000038,4,52,2025-06-20 04:40:52,36,Y
8000038,4,52,2025-06-20 04:41:52,35,Y
8000038,4,52,2025-06-20 04:42:52,35,Y
8000038,4,52,2025-06-20 04:43:52,40,Y
8000038,4,52,2025-06-20 04:44:52,42,Y
8000038,4,52,2025-06-20 04:45:52,40,Y
8000038,4,52,2025-06-20 04:46:52,38,Y
8000038,4,52,2025-06-20 04:47:52,37,Y
8000038,4,52,2025-06-20 04:48:52,42,Y
8000038,4,52,2025-06-20 04:49:52,41,Y
8000038,4,52,2025-06-20 04:50:52,39,Y
8000038,4,52,2025-06-20 04:51:52,37,Y
8000038,4,52,2025-06-20 04:52:52,40,Y
8000038,4,52,2025-06-20 04:53:52,36,Y
8000038,4,52,2025-06-20 04:54:52,37,Y
8000038,4,52,2025-06-20 04:55:52,36,Y
8000038,4,52,2025-06-20 04:56:52,35,Y
8000038,4,52,2025-06-20 04:57:52,37,Y
8000038,4,52,2025-06-20 04:58:52,39,Y
8000038,4,52,2025-06-20 04:59:52,41,Y
8000038,4,52,2025-06-20 05:00:52,36,Y
8000038,4,52,2025-06-20 05:01:52,33,Y
8000038,4,52,2025-06-20 05:02:52,40,Y
8000038,4,52,2025-06-20 05:03:52,46,Y
8000038,4,52,2025-06-20 05:04:52,46,Y
8000038,4,52,2025-06-20 05:05:52,43,Y
8000038,4,52,2025-06-20 05:06:52,41,Y
8000038,4,52,2025-06-20 05:07:52,37,Y
8000038,4,52,2025-06-20 05:08:52,34,Y
8000038,4,52,2025-06-20 05:09:52,31,Y
8000038,4,52,2025-06-20 05:10:52,33,Y
8000038,4,52,2025-06-20 05:11:52,37,Y
8000038,4,52,2025-06-20 05:12:52,35,Y
8000038,4,52,2025-06-20 05:13:52,39,Y
8000038,4,52,2025-06-20 05:14:52,35,Y
8000038,4,52,2025-06-20 05:15:52,40,Y
8000038,4,52,2025-06-20 05:16:52,36,Y
8000038,4,52,2025-06-20 05:17:52,41,Y
8000038,4,52,2025-06-20 05:18:52,39,Y
8000038,4,52,2025-06-20 05:19:52,35,Y
8000038,4,52,2025-06-20 05:20:52,30,Y
8000038,4,52,2025-06-20 05:21:52,32,Y
8000038,4,52,2025-06-20 05:22:52,39,Y
8000038,4,52,2025-06-20 05:23:52,42,Y
8000038,4,52,2025-06-20 05:24:52,41,Y
8000038,4,52,2025-06-20 05:25:52,34,Y
8000038,4,52,2025-06-20 05:26:52,31,Y
8000038,4,52,2025-06-20 05:27:52,29,Y
8000038,4,52,2025-06-20 05:28:52,36,Y
8000038,4,52,2025-06-20 05:29:52,37,Y
8000038,4,52,2025-06-20 05:30:52,40,Y
8000038,4,52,2025-06-20 05:31:52,35,Y
8000038,4,52,2025-06-20 05:32:52,40,Y
8000038,4,52,2025-06-20 05:33:52,40,Y
8000038,4,52,2025-06-20 05:34:52,46,Y
8000038,4,52,2025-06-20 05:35:52,44,Y
8000038,4,52,2025-06-20 05:36:52,44,Y
8000038,4,52,2025-06-20 05:37:52,42,Y
8000038,4,52,2025-06-20 05:38:52,39,Y
8000038,4,52,2025-06-20 05:39:52,33,Y
8000038,4,52,2025-06-20 05:40:52,35,Y
8000038,4,52,2025-06-20 05:41:52,36,Y
8000038,4,52,2025-06-20 05:42:52,43,Y
8000038,4,52,2025-06-20 05:43:52,43,Y
8000038,4,52,2025-06-20 05:44:52,45,Y
8000038,4,52,2025-06-20 05:45:52,38,Y
8000038,4,52,2025-06-20 05:46:52,33,Y
8000038,4,52,2025-06-20 05:47:52,37,Y
8000038,4,52,2025-06-20 05:48:52,43,Y
8000038,4,52,2025-06-20 05:49:52,40,Y
8000038,4,52,2025-06-20 05:50:52,38,Y
8000038,4,52,2025-06-20 05:51:52,34,Y
8000038,4,52,2025-06-20 05:52:52,39,Y
8000038,4,52,2025-06-20 05:53:52,33,Y
8000038,4,52,2025-06-20 05:54:52,32,Y
8000038,4,52,2025-06-20 05:55:52,36,Y
8000038,4,52,2025-06-20 05:56:52,40,Y
8000038,4,52,2025-06-20 05:57:52,45,Y
8000038,4,52,2025-06-20 05:58:52,43,Y
8000038,4,52,2025-06-20 05:59:52,39,Y
8000038,4,52,2025-06-20 06:00:52,37,Y
8000038,4,52,2025-06-20 06:01:52,33,Y
8000038,4,52,2025-06-20 06:02:52,37,Y
8000038,4,52,2025-06-20 06:03:52,35,Y
8000038,4,52,2025-06-20 06:04:52,34,Y
8000038,4,52,2025-06-20 06:05:52,28,Y
8000038,4,52,2025-06-20 06:06:52,33,Y
8000038,4,52,2025-06-20 06:07:52,33,Y
8000038,4,52,2025-06-20 06:08:52,40,Y
8000038,4,52,2025-06-20 06:09:52,40,Y
8000038,4,52,2025-06-20 06:10:52,47,Y
8000038,4,52,2025-06-20 06:11:52,43,Y
8000038,4,52,2025-06-20 06:12:52,39,Y
8000038,4,52,2025-06-20 06:13:52,38,Y
8000038,4,52,2025-06-20 06:14:52,34,Y
8000038,4,52,2025-06-20 06:15:52,33,Y
8000038,4,52,2025-06-20 06:16:52,35,Y
8000038,4,52,2025-06-20 06:17:52,42,Y
8000038,4,52,2025-06-20 06:18:52,43,Y
8000038,4,52,2025-06-20 06:19:52,40,Y
8000038,4,52,2025-06-20 06:20:52,38,Y
8000038,4,52,2025-06-20 06:21:52,36,Y
8000038,4,52,2025-06-20 06:22:52,32,Y
8000038,4,52,2025-06-20 06:23:52,35,Y
8000038,4,52,2025-06-20 06:24:52,36,Y
8000038,4,52,2025-06-20 06:25:52,43,Y
8000038,4,52,2025-06-20 06:26:52,35,Y
8000038,4,52,2025-06-20 06:27:52,35,Y
8000038,4,52,2025-06-20 06:28:52,33,Y
8000038,4,52,2025-06-20 06:29:52,39,Y
8000038,4,52,2025-06-20 06:30:52,36,Y
8000038,4,52,2025-06-20 06:31:52,39,Y
8000038,4,52,2025-06-20 06:32:52,37,Y
8000038,4,52,2025-06-20 06:33:52,40,Y
8000038,4,52,2025-06-20 06:34:52,34,Y
8000038,4,52,2025-06-20 06:35:52,33,Y
8000038,4,52,2025-06-20 06:36:52,38,Y
8000038,4,52,2025-06-20 06:37:52,43,Y
8000038,4,52,2025-06-20 06:38:52,48,Y
8000038,4,52,2025-06-20 06:39:52,41,Y
8000038,4,52,2025-06-20 06:40:52,40,Y
8000038,4,52,2025-06-20 06:41:52,38,Y
8000038,4,52,2025-06-20 06:42:52,40,Y
8000038,4,52,2025-06-20 06:43:52,41,Y
8000038,4,52,2025-06-20 06:44:52,35,Y
8000038,4,52,2025-06-20 06:45:52,40,Y
8000038,4,52,2025-06-20 06:46:52,36,Y
8000038,4,52,2025-06-20 06:47:52,43,Y
8000038,4,52,2025-06-20 06:48:52,40,Y
8000038,4,52,2025-06-20 06:49:52,38,Y
8000038,4,52,2025-06-20 06:50:52,33,Y
8000038,4,52,2025-06-20 06:51:52,32,Y
8000038,4,52,2025-06-20 06:52:52,38,Y
8000038,4,52,2025-06-20 06:53:52,44,Y
8000038,4,52,2025-06-20 06:54:52,41,Y
8000038,4,52,2025-06-20 06:55:52,34,Y
8000038,4,52,2025-06-20 06:56:52,31,Y
8000038,4,52,2025-06-20 06:57:52,38,Y
8000038,4,52,2025-06-20 06:58:52,45,Y
8000038,4,52,2025-06-20 06:59:52,40,Y
8000038,4,52,2025-06-20 07:00:52,39,Y
8000038,4,52,2025-06-20 07:01:52,36,Y
8000038,4,52,2025-06-20 07:02:52,36,Y
8000038,4,52,2025-06-20 07:03:52,38,Y
8000038,4,52,2025-06-20 07:04:52,37,Y
8000038,4,52,2025-06-20 07:05:52,45,Y
8000038,4,52,2025-06-20 07:06:52,44,Y
8000038,4,52,2025-06-20 07:07:52,42,Y
8000038,4,52,2025-06-20 07:08:52,43,Y
8000038,4,52,2025-06-20 07:09:52,43,Y
8000038,4,52,2025-06-20 07:10:52,50,Y
8000038,4,52,2025-06-20 07:11:52,45,Y
8000038,4,52,2025-06-20 07:12:52,43,Y
8000038,4,52,2025-06-20 07:13:52,43,Y
8000038,4,52,2025-06-20 07:14:52,47,Y
8000038,4,52,2025-06-20 07:15:52,48,Y
8000038,4,52,2025-06-20 07:16:52,42,Y
8000038,4,52,2025-06-20 07:17:52,42,Y
8000038,4,52,2025-06-20 07:18:52,36,Y
8000038,4,52,2025-06-20 07:19:52,36,Y
8000038,4,52,2025-06-20 07:20:52,32,Y
8000038,4,52,2025-06-20 07:21:52,31,Y
8000038,4,52,2025-06-20 07:22:52,34,Y
8000038,4,52,2025-06-20 07:23:52,33,Y
8000038,4,52,2025-06-20 07:24:52,40,Y
8000038,4,52,2025-06-20 07:25:52,36,Y
8000038,4,52,2025-06-20 07:26:52,36,Y
8000038,4,52,2025-06-20 07:27:52,32,Y
8000038,4,52,2025-06-20 07:28:52,35,Y
8000038,4,52,2025-06-20 07:29:52,35,Y
8000038,4,52,2025-06-20 07:30:52,34,Y
8000038,4,52,2025-06-20 07:31:52,32,Y
8000038,4,52,2025-06-20 07:32:52,38,Y
8000038,4,52,2025-06-20 07:33:52,38,Y
8000038,4,52,2025-06-20 07:34:52,35,Y
8000038,4,52,2025-06-20 07:35:52,30,Y
8000038,4,52,2025-06-20 07:36:52,33,Y
8000038,4,52,2025-06-20 07:37:52,33,Y
8000038,4,52,2025-06-20 07:38:52,33,Y
8000038,4,52,2025-06-20 07:39:52,36,Y
8000038,4,52,2025-06-20 07:40:52,44,Y
8000038,4,52,2025-06-20 07:41:52,49,Y
8000038,4,52,2025-06-20 07:42:52,47,Y
8000038,4,52,2025-06-20 07:43:52,45,Y
8000038,4,52,2025-06-20 07:44:52,37,Y
8000038,4,52,2025-06-20 07:45:52,36,Y
8000038,4,52,2025-06-20 07:46:52,31,Y
8000038,4,52,2025-06-20 07:47:52,37,Y
8000038,4,52,2025-06-20 07:48:52,39,Y
8000038,4,52,2025-06-20 07:49:52,42,Y
8000038,4,52,2025-06-20 07:50:52,39,Y
8000038,4,52,2025-06-20 07:51:52,38,Y
8000038,4,52,2025-06-20 07:52:52,39,Y
8000038,4,52,2025-06-20 07:53:52,36,Y
8000038,4,52,2025-06-20 07:54:52,33,Y
8000038,4,7,2025-06-20 05:11:51,25,Y
8000039,4,31102,2024-10-25 02:41:54,21,Y
8000040,5,10,2024-03-22 17:43:28,100,Y
8000041,3,30417,2025-08-15 17:26:02,6,Y
8000042,1,31102,2023-10-23 17:29:28,20,Y
8000043,3,14,2024-10-19 12:25:53,752.8,Y
8000044,3,5,2023-06-19 11:05:40,85/41,Y
8000044,3,51,2023-06-19 11:05:40,56,Y
8000045,2,8,2025-03-12 16:20:53,94,Y
8000046,3,10,2024-12-17 11:37:51,96,Y
8000047,2,7,2025-02-04 20:10:04,13,Y
8000048,2,5,2024-06-15 18:03:33,85/40,Y
8000048,2,51,2024-06-15 18:03:33,55,Y
8000049,1,7,2025-01-25 17:56:38,7,Y
8000050,2,8,2025-01-04 02:41:40,77,Y
8000051,4,10,2024-04-14 09:37:41,96,Y
8000052,5,8,2025-01-15 21:09:55,69,Y
8000053,4,30418,2025-04-21 03:07:55,34,Y
8000054,1,7,2024-08-24 13:23:56,26,Y
8000055,3,30417,2025-08-21 13:01:14,31,Y
8000056,5,8,2023-01-03 18:53:44,70,Y
8000057,1,5,2023-05-28 17:19:04,97/42,Y
8000057,1,51,2023-05-28 17:19:04,60,Y
8000058,2,8,2024-11-25 14:33:10,90,Y
8000059,2,8,2025-01-07 03:26:59,96,N
8000060,6,10,2025-08-29 00:41:41,96,Y
8000061,3,30418,2023-07-01 10:49:33,35,Y
8000062,2,8,2024-08-16 12:56:48,101,Y
8000063,1,30417,2023-09-16 08:20:45,4,Y
8000064,6,5,2024-10-18 01:30:58,108/50,Y
8000064,6,51,2024-10-18 01:30:58,69,Y
8000065,4,14,2025-11-03 17:03:27,1361.2,Y
8000066,1,14,2025-06-14 06:50:47,348.7,Y
8000067,5,31102,2025-11-02 02:13:48,38,Y
8000068,1,14,2025-02-20 11:05:58,1517.3,Y
8000069,1,52,2025-07-17 12:01:28,48,Y
8000069,1,52,2025-07-17 12:02:28,47,Y
8000069,1,52,2025-07-17 12:03:28,50,Y
8000069,1,52,2025-07-17 12:04:28,47,Y
8000069,1,52,2025-07-17 12:05:28,47,Y
8000069,1,52,2025-07-17 12:06:28,47,Y
8000069,1,52,2025-07-17 12:07:28,49,Y
8000069,1,52,2025-07-17 12:08:28,48,Y
8000069,1,52,2025-07-17 12:09:28,46,Y
8000069,1,52,2025-07-17 12:10:28,50,Y
8000069,1,52,2025-07-17 12:11:28,45,Y
8000069,1,52,2025-07-17 12:12:28,40,Y
8000069,1,52,2025-07-17 12:13:28,37,Y
8000069,1,52,2025-07-17 12:14:28,42,Y
8000069,1,52,2025-07-17 12:15:28,49,Y
8000069,1,52,2025-07-17 12:16:28,53,Y
8000069,1,52,2025-07-17 12:17:28,53,Y
8000069,1,52,2025-07-17 12:18:28,49,Y
8000069,1,52,2025-07-17 12:19:28,42,Y
8000069,1,52,2025-07-17 12:20:28,35,Y
8000069,1,52,2025-07-17 12:21:28,32,Y
8000069,1,52,2025-07-17 12:22:28,35,Y
8000069,1,52,2025-07-17 12:23:28,40,Y
8000069,1,52,2025-07-17 12:24:28,42,Y
8000069,1,52,2025-07-17 12:25:28,38,Y
8000069,1,52,2025-07-17 12:26:28,35,Y
8000069,1,52,2025-07-17 12:27:28,38,Y
8000069,1,52,2025-07-17 12:28:28,40,Y
8000069,1,52,2025-07-17 12:29:28,46,Y
8000069,1,52,2025-07-17 12:30:28,39,Y
8000069,1,52,2025-07-17 12:31:28,40,Y
8000069,1,52,2025-07-17 12:32:28,36,Y
8000069,1,52,2025-07-17 12:33:28,43,Y
8000069,1,52,2025-07-17 12:34:28,48,Y
8000069,1,52,2025-07-17 12:35:28,44,Y
8000069,1,52,2025-07-17 12:36:28,45,Y
8000069,1,52,2025-07-17 12:37:28,39,Y
8000069,1,52,2025-07-17 12:38:28,42,Y
8000069,1,52,2025-07-17 12:39:28,36,Y
8000069,1,52,2025-07-17 12:40:28,35,Y
8000069,1,52,2025-07-17 12:41:28,39,Y
8000069,1,52,2025-07-17 12:42:28,40,Y
8000069,1,52,2025-07-17 12:43:28,48,Y
8000069,1,52,2025-07-17 12:44:28,40,Y
8000069,1,52,2025-07-17 12:45:28,43,Y
8000069,1,52,2025-07-17 12:46:28,34,Y
8000069,1,52,2025-07-17 12:47:28,40,Y
8000069,1,52,2025-07-17 12:48:28,34,Y
8000069,1,52,2025-07-17 12:49:28,43,Y
8000069,1,52,2025-07-17 12:50:28,39,Y
8000069,1,52,2025-07-17 12:51:28,44,Y
8000069,1,52,2025-07-17 12:52:28,37,Y
8000069,1,52,2025-07-17 12:53:28,40,Y
8000069,1,52,2025-07-17 12:54:28,38,Y
8000069,1,52,2025-07-17 12:55:28,36,Y
8000069,1,52,2025-07-17 12:56:28,38,Y
8000069,1,52,2025-07-17 12:57:28,40,Y
8000069,1,52,2025-07-17 12:58:28,40,Y
8000069,1,52,2025-07-17 12:59:28,34,Y
8000069,1,52,2025-07-17 13:00:28,36,Y
8000069,1,52,2025-07-17 13:01:28,41,Y
8000069,1,52,2025-07-17 13:02:28,48,Y
8000069,1,52,2025-07-17 13:03:28,48,Y
8000069,1,52,2025-07-17 13:04:28,53,Y
8000069,1,52,2025-07-17 13:05:28,48,Y
8000069,1,52,2025-07-17 13:06:28,42,Y
8000069,1,52,2025-07-17 13:07:28,42,Y
8000069,1,52,2025-07-17 13:08:28,41,Y
8000069,1,52,2025-07-17 13:09:28,43,Y
8000069,1,52,2025-07-17 13:10:28,41,Y
8000069,1,52,2025-07-17 13:11:28,41,Y
8000069,1,52,2025-07-17 13:12:28,44,Y
8000069,1,52,2025-07-17 13:13:28,39,Y
8000069,1,52,2025-07-17 13:14:28,43,Y
8000069,1,52,2025-07-17 13:15:28,41,Y
8000069,1,52,2025-07-17 13:16:28,44,Y
8000069,1,52,2025-07-17 13:17:28,40,Y
8000069,1,52,2025-07-17 13:18:28,38,Y
8000069,1,52,2025-07-17 13:19:28,35,Y
8000069,1,52,2025-07-17 13:20:28,32,Y
8000069,1,52,2025-07-17 13:21:28,38,Y
8000069,1,52,2025-07-17 13:22:28,39,Y
8000069,1,52,2025-07-17 13:23:28,45,Y
8000069,1,52,2025-07-17 13:24:28,41,Y
8000069,1,52,2025-07-17 13:25:28,37,Y
8000069,1,52,2025-07-17 13:26:28,35,Y
8000069,1,52,2025-07-17 13:27:28,33,Y
8000069,1,52,2025-07-17 13:28:28,38,Y
8000069,1,52,2025-07-17 13:29:28,39,Y
8000069,1,52,2025-07-17 13:30:28,35,Y
8000069,1,52,2025-07-17 13:31:28,30,Y
8000069,1,52,2025-07-17 13:32:28,37,Y
8000069,1,52,2025-07-17 13:33:28,42,Y
8000069,1,52,2025-07-17 13:34:28,51,Y
8000069,1,52,2025-07-17 13:35:28,42,Y
8000069,1,52,2025-07-17 13:36:28,44,Y
8000069,1,52,2025-07-17 13:37:28,41,Y
8000069,1,52,2025-07-17 13:38:28,41,Y
8000069,1,52,2025-07-17 13:39:28,39,Y
8000069,1,52,2025-07-17 13:40:28,34,Y
8000069,1,52,2025-07-17 13:41:28,41,Y
8000069,1,52,2025-07-17 13:42:28,37,Y
8000069,1,52,2025-07-17 13:43:28,41,Y
8000069,1,52,2025-07-17 13:44:28,35,Y
8000069,1,52,2025-07-17 13:45:28,36,Y
8000069,1,52,2025-07-17 13:46:28,38,Y
8000069,1,52,2025-07-17 13:47:28,37,Y
8000069,1,52,2025-07-17 13:48:28,36,Y
8000069,1,52,2025-07-17 13:49:28,35,Y
8000069,1,52,2025-07-17 13:50:28,37,Y
8000069,1,52,2025-07-17 13:51:28,35,Y
8000069,1,52,2025-07-17 13:52:28,32,Y
8000069,1,52,2025-07-17 13:53:28,32,Y
8000069,1,52,2025-07-17 13:54:28,33,Y
8000069,1,52,2025-07-17 13:55:28,41,Y
8000069,1,52,2025-07-17 13:56:28,46,Y
8000069,1,52,2025-07-17 13:57:28,52,Y
8000069,1,52,2025-07-17 13:58:28,44,Y
8000069,1,52,2025-07-17 13:59:28,36,Y
8000069,1,52,2025-07-17 14:00:28,39,Y
8000069,1,52,2025-07-17 14:01:28,41,Y
8000069,1,7,2025-07-17 13:08:04,18,Y
8000070,2,8,2023-03-30 01:53:22,162,Y
8000071,4,14,2025-11-30 00:47:46,995.8,Y
8000072,1,30417,2024-01-04 15:54:02,7,Y
8000072,1,52,2024-01-04 14:59:30,73,Y
8000072,1,52,2024-01-04 15:00:30,64,Y
8000072,1,52,2024-01-04 15:01:30,62,Y
8000072,1,52,2024-01-04 15:02:30,58,Y
8000072,1,52,2024-01-04 15:03:30,58,Y
8000072,1,52,2024-01-04 15:04:30,64,Y
8000072,1,52,2024-01-04 15:05:30,68,Y
8000072,1,52,2024-01-04 15:06:30,72,Y
8000072,1,52,2024-01-04 15:07:30,65,Y
8000072,1,52,2024-01-04 15:08:30,66,Y
8000072,1,52,2024-01-04 15:09:30,70,Y
8000072,1,52,2024-01-04 15:10:30,77,Y
8000072,1,52,2024-01-04 15:11:30,72,Y
8000072,1,52,2024-01-04 15:12:30,68,Y
8000072,1,52,2024-01-04 15:13:30,60,Y
8000072,1,52,2024-01-04 15:14:30,63,Y
8000072,1,52,2024-01-04 15:15:30,59,Y
8000072,1,52,2024-01-04 15:16:30,60,Y
8000072,1,52,2024-01-04 15:17:30,60,Y
8000072,1,52,2024-01-04 15:18:30,67,Y
8000072,1,52,2024-01-04 15:19:30,74,Y
8000072,1,52,2024-01-04 15:20:30,76,Y
8000072,1,52,2024-01-04 15:21:30,74,Y
8000072,1,52,2024-01-04 15:22:30,71,Y
8000072,1,52,2024-01-04 15:23:30,71,Y
8000072,1,52,2024-01-04 15:24:30,71,Y
8000072,1,52,2024-01-04 15:25:30,66,Y
8000072,1,52,2024-01-04 15:26:30,70,Y
8000072,1,52,2024-01-04 15:27:30,65,Y
8000072,1,52,2024-01-04 15:28:30,71,Y
8000072,1,52,2024-01-04 15:29:30,64,Y
8000072,1,52,2024-01-04 15:30:30,73,Y
8000072,1,52,2024-01-04 15:31:30,69,Y
8000072,1,52,2024-01-04 15:32:30,68,Y
8000072,1,52,2024-01-04 15:33:30,65,Y
8000072,1,52,2024-01-04 15:34:30,67,Y
8000072,1,52,2024-01-04 15:35:30,70,Y
8000072,1,52,2024-01-04 15:36:30,68,Y
8000072,1,52,2024-01-04 15:37:30,73,Y
8000072,1,52,2024-01-04 15:38:30,73,Y
8000072,1,52,2024-01-04 15:39:30,78,Y
8000072,1,52,2024-01-04 15:40:30,72,Y
8000072,1,52,2024-01-04 15:41:30,71,Y
8000072,1,52,2024-01-04 15:42:30,64,Y
8000072,1,52,2024-01-04 15:43:30,64,Y
8000072,1,52,2024-01-04 15:44:30,67,Y
8000072,1,52,2024-01-04 15:45:30,68,Y
8000072,1,52,2024-01-04 15:46:30,71,Y
8000072,1,52,2024-01-04 15:47:30,67,Y
8000072,1,52,2024-01-04 15:48:30,71,Y
8000072,1,52,2024-01-04 15:49:30,70,Y
8000072,1,52,2024-01-04 15:50:30,74,Y
8000072,1,52,2024-01-04 15:51:30,74,Y
8000072,1,52,2024-01-04 15:52:30,77,Y
8000072,1,52,2024-01-04 15:53:30,80,Y
8000072,1,52,2024-01-04 15:54:30,79,Y
8000072,1,52,2024-01-04 15:55:30,70,Y
8000072,1,52,2024-01-04 15:56:30,69,Y
8000072,1,52,2024-01-04 15:57:30,69,Y
8000072,1,52,2024-01-04 15:58:30,75,Y
8000072,1,52,2024-01-04 15:59:30,70,Y
8000072,1,52,2024-01-04 16:00:30,73,Y
8000072,1,52,2024-01-04 16:01:30,67,Y
8000072,1,52,2024-01-04 16:02:30,66,Y
8000072,1,52,2024-01-04 16:03:30,62,Y
8000072,1,52,2024-01-04 16:04:30,64,Y
8000072,1,52,2024-01-04 16:05:30,71,Y
8000072,1,52,2024-01-04 16:06:30,66,Y
8000072,1,52,2024-01-04 16:07:30,70,Y
8000072,1,52,2024-01-04 16:08:30,65,Y
8000072,1,52,2024-01-04 16:09:30,69,Y
8000073,2,7,2024-03-31 18:50:51,35,Y
8000074,5,31102,2023-07-01 23:28:01,12,Y
8000075,3,30417,2023-11-09 23:03:00,16,Y
8000076,2,30418,2025-12-12 22:09:13,18,Y
8000077,3,31102,2025-05-08 12:14:58,39,Y
8000078,2,30417,2024-06-08 21:33:06,36,N
8000079,4,30418,2024-08-31 20:58:20,36,Y
8000080,5,52,2025-12-11 19:54:29,56,Y
8000080,5,52,2025-12-11 19:55:29,51,Y
8000080,5,52,2025-12-11 19:56:29,58,Y
8000080,5,52,2025-12-11 19:57:29,51,Y
8000080,5,52,2025-12-11 19:58:29,58,Y
8000080,5,52,2025-12-11 19:59:29,53,Y
8000080,5,52,2025-12-11 20:00:29,55,Y
8000080,5,52,2025-12-11 20:01:29,52,Y
8000080,5,52,2025-12-11 20:02:29,53,Y
8000080,5,52,2025-12-11 20:03:29,47,Y
8000080,5,52,2025-12-11 20:04:29,52,Y
8000080,5,52,2025-12-11 20:05:29,50,Y
8000080,5,52,2025-12-11 20:06:29,58,Y
8000080,5,52,2025-12-11 20:07:29,50,Y
8000080,5,52,2025-12-11 20:08:29,58,Y
8000080,5,52,2025-12-11 20:09:29,52,Y
8000080,5,52,2025-12-11 20:10:29,53,Y
8000080,5,52,2025-12-11 20:11:29,47,Y
8000080,5,52,2025-12-11 20:12:29,51,Y
8000080,5,52,2025-12-11 20:13:29,48,Y
8000080,5,52,2025-12-11 20:14:29,46,Y
8000080,5,52,2025-12-11 20:15:29,51,Y
8000080,5,52,2025-12-11 20:16:29,51,Y
8000080,5,52,2025-12-11 20:17:29,61,Y
8000080,5,52,2025-12-11 20:18:29,59,Y
8000080,5,52,2025-12-11 20:19:29,64,Y
8000080,5,52,2025-12-11 20:20:29,63,Y
8000080,5,52,2025-12-11 20:21:29,62,Y
8000080,5,52,2025-12-11 20:22:29,64,Y
8000080,5,52,2025-12-11 20:23:29,62,Y
8000080,5,52,2025-12-11 20:24:29,62,Y
8000080,5,52,2025-12-11 20:25:29,60,Y
8000080,5,52,2025-12-11 20:26:29,59,Y
8000080,5,52,2025-12-11 20:27:29,53,Y
8000080,5,52,2025-12-11 20:28:29,46,Y
8000080,5,52,2025-12-11 20:29:29,49,Y
8000080,5,52,2025-12-11 20:30:29,51,Y
8000080,5,52,2025-12-11 20:31:29,57,Y
8000080,5,52,2025-12-11 20:32:29,56,Y
8000080,5,52,2025-12-11 20:33:29,59,Y
8000080,5,52,2025-12-11 20:34:29,53,Y
8000080,5,52,2025-12-11 20:35:29,47,Y
8000080,5,52,2025-12-11 20:36:29,51,Y
8000080,5,52,2025-12-11 20:37:29,60,Y
8000080,5,52,2025-12-11 20:38:29,58,Y
8000080,5,52,2025-12-11 20:39:29,60,Y
8000080,5,52,2025-12-11 20:40:29,58,Y
8000080,5,52,2025-12-11 20:41:29,62,Y
8000080,5,52,2025-12-11 20:42:29,58,Y
8000080,5,52,2025-12-11 20:43:29,52,Y
8000080,5,52,2025-12-11 20:44:29,54,Y
8000080,5,52,2025-12-11 20:45:29,56,Y
8000080,5,52,2025-12-11 20:46:29,59,Y
8000080,5,52,2025-12-11 20:47:29,62,Y
8000080,5,52,2025-12-11 20:48:29,54,Y
8000080,5,52,2025-12-11 20:49:29,58,Y
8000080,5,52,2025-12-11 20:50:29,48,Y
8000080,5,52,2025-12-11 20:51:29,48,Y
8000080,5,52,2025-12-11 20:52:29,46,Y
8000080,5,52,2025-12-11 20:53:29,51,Y
8000080,5,52,2025-12-11 20:54:29,54,Y
8000080,5,52,2025-12-11 20:55:29,52,Y
8000080,5,52,2025-12-11 20:56:29,48,Y
8000080,5,52,2025-12-11 20:57:29,55,Y
8000080,5,52,2025-12-11 20:58:29,57,Y
8000080,5,52,2025-12-11 20:59:29,61,Y
8000080,5,52,2025-12-11 21:00:29,56,Y
8000080,5,52,2025-12-11 21:01:29,59,Y
8000080,5,52,2025-12-11 21:02:29,55,Y
8000080,5,52,2025-12-11 21:03:29,53,Y
8000080,5,52,2025-12-11 21:04:29,47,Y
8000080,5,52,2025-12-11 21:05:29,56,Y
8000080,5,52,2025-12-11 21:06:29,59,Y
8000080,5,52,2025-12-11 21:07:29,56,Y
8000080,5,52,2025-12-11 21:08:29,53,Y
8000080,5,52,2025-12-11 21:09:29,46,Y
8000080,5,52,2025-12-11 21:10:29,46,Y
8000080,5,52,2025-12-11 21:11:29,49,Y
8000080,5,52,2025-12-11 21:12:29,55,Y
8000080,5,52,2025-12-11 21:13:29,54,Y
8000080,5,52,2025-12-11 21:14:29,46,Y
8000080,5,52,2025-12-11 21:15:29,41,Y
8000080,5,52,2025-12-11 21:16:29,50,Y
8000080,5,52,2025-12-11 21:17:29,50,Y
8000080,5,52,2025-12-11 21:18:29,54,Y
8000080,5,52,2025-12-11 21:19:29,51,Y
8000080,5,52,2025-12-11 21:20:29,62,Y
8000080,5,52,2025-12-11 21:21:29,60,Y
8000080,5,52,2025-12-11 21:22:29,63,Y
8000080,5,52,2025-12-11 21:23:29,60,Y
8000080,5,52,2025-12-11 21:24:29,67,Y
8000080,5,52,2025-12-11 21:25:29,66,Y
8000080,5,52,2025-12-11 21:26:29,69,Y
8000080,5,52,2025-12-11 21:27:29,65,Y
8000080,5,52,2025-12-11 21:28:29,65,Y
8000080,5,52,2025-12-11 21:29:29,56,Y
8000080,5,52,2025-12-11 21:30:29,57,Y
8000080,5,52,2025-12-11 21:31:29,51,Y
8000080,5,52,2025-12-11 21:32:29,57,Y
8000080,5,52,2025-12-11 21:33:29,53,Y
8000080,5,52,2025-12-11 21:34:29,58,Y
8000080,5,52,2025-12-11 21:35:29,59,Y
8000080,5,52,2025-12-11 21:36:29,64,Y
8000080,5,52,2025-12-11 21:37:29,57,Y
8000080,5,52,2025-12-11 21:38:29,53,Y
8000080,5,52,2025-12-11 21:39:29,46,Y
8000080,5,52,2025-12-11 21:40:29,52,Y
8000080,5,52,2025-12-11 21:41:29,50,Y
8000080,5,52,2025-12-11 21:42:29,55,Y
8000080,5,52,2025-12-11 21:43:29,54,Y
8000080,5,52,2025-12-11 21:44:29,56,Y
8000080,5,52,2025-12-11 21:45:29,51,Y
8000080,5,52,2025-12-11 21:46:29,47,Y
8000080,5,52,2025-12-11 21:47:29,53,Y
8000080,5,52,2025-12-11 21:48:29,53,Y
8000080,5,52,2025-12-11 21:49:29,60,Y
8000080,5,52,2025-12-11 21:50:29,58,Y
8000080,5,52,2025-12-11 21:51:29,57,Y
8000080,5,52,2025-12-11 21:52:29,55,Y
8000080,5,52,2025-12-11 21:53:29,52,Y
8000080,5,52,2025-12-11 21:54:29,54,Y
8000080,5,52,2025-12-11 21:55:29,54,Y
8000080,5,52,2025-12-11 21:56:29,52,Y
8000080,5,52,2025-12-11 21:57:29,55,Y
8000080,5,52,2025-12-11 21:58:29,54,Y
8000080,5,52,2025-12-11 21:59:29,58,Y
8000080,5,52,2025-12-11 22:00:29,61,Y
8000080,5,52,2025-12-11 22:01:29,67,Y
8000080,5,52,2025-12-11 22:02:29,66,Y
8000080,5,52,2025-12-11 22:03:29,59,Y
8000080,5,52,2025-12-11 22:04:29,51,Y
8000080,5,52,2025-12-11 22:05:29,51,Y
8000080,5,52,2025-12-11 22:06:29,51,Y
8000080,5,52,2025-12-11 22:07:29,52,Y
8000080,5,52,2025-12-11 22:08:29,53,Y
8000080,5,52,2025-12-11 22:09:29,52,Y
8000080,5,52,2025-12-11 22:10:29,53,Y
8000080,5,52,2025-12-11 22:11:29,49,Y
8000080,5,52,2025-12-11 22:12:29,52,Y
8000080,5,52,2025-12-11 22:13:29,57,Y
8000080,5,52,2025-12-11 22:14:29,54,Y
8000080,5,52,2025-12-11 22:15:29,50,Y
8000080,5,52,2025-12-11 22:16:29,49,Y
8000080,5,52,2025-12-11 22:17:29,53,Y
8000080,5,52,2025-12-11 22:18:29,63,Y
8000080,5,52,2025-12-11 22:19:29,58,Y
8000080,5,52,2025-12-11 22:20:29,59,Y
8000080,5,52,2025-12-11 22:21:29,52,Y
8000080,5,52,2025-12-11 22:22:29,60,Y
8000080,5,52,2025-12-11 22:23:29,60,Y
8000080,5,52,2025-12-11 22:24:29,57,Y
8000080,5,52,2025-12-11 22:25:29,55,Y
8000080,5,52,2025-12-11 22:26:29,47,Y
8000080,5,52,2025-12-11 22:27:29,54,Y
8000080,5,52,2025-12-11 22:28:29,54,Y
8000080,5,52,2025-12-11 22:29:29,57,Y
8000080,5,52,2025-12-11 22:30:29,50,Y
8000080,5,52,2025-12-11 22:31:29,43,Y
8000080,5,52,2025-12-11 22:32:29,45,Y
8000080,5,52,2025-12-11 22:33:29,51,Y
8000080,5,52,2025-12-11 22:34:29,62,Y
8000080,5,52,2025-12-11 22:35:29,61,Y
8000080,5,52,2025-12-11 22:36:29,57,Y
8000080,5,52,2025-12-11 22:37:29,47,Y
8000080,5,52,2025-12-11 22:38:29,48,Y
8000080,5,52,2025-12-11 22:39:29,51,Y
8000080,5,8,2025-12-11 22:38:59,96,Y
8000081,3,8,2024-04-25 14:08:49,116,Y
8000082,5,5,2023-12-04 10:31:23,84/29,Y
8000082,5,51,2023-12-04 10:31:23,47,Y
8000083,6,31102,2023-08-18 06:55:31,27,Y
8000084,1,30417,2024-12-05 12:53:20,36,Y
8000085,2,31102,2024-09-25 10:54:41,8,Y
8000086,2,10,2024-07-28 05:46:07,97,Y
8000087,2,10,2025-11-28 20:46:54,97,Y
8000087,2,52,2025-11-28 19:37:18,52,Y
8000087,2,52,2025-11-28 19:38:18,56,Y
8000087,2,52,2025-11-28 19:39:18,57,Y
8000087,2,52,2025-11-28 19:40:18,57,Y
8000087,2,52,2025-11-28 19:41:18,52,Y
8000087,2,52,2025-11-28 19:42:18,49,Y
8000087,2,52,2025-11-28 19:43:18,44,Y
8000087,2,52,2025-11-28 19:44:18,47,Y
8000087,2,52,2025-11-28 19:45:18,49,Y
8000087,2,52,2025-11-28 19:46:18,48,Y
8000087,2,52,2025-11-28 19:47:18,52,Y
8000087,2,52,2025-11-28 19:48:18,52,Y
8000087,2,52,2025-11-28 19:49:18,52,Y
8000087,2,52,2025-11-28 19:50:18,50,Y
8000087,2,52,2025-11-28 19:51:18,47,Y
8000087,2,52,2025-11-28 19:52:18,46,Y
8000087,2,52,2025-11-28 19:53:18,49,Y
8000087,2,52,2025-11-28 19:54:18,51,Y
8000087,2,52,2025-11-28 19:55:18,51,Y
8000087,2,52,2025-11-28 19:56:18,48,Y
8000087,2,52,2025-11-28 19:57:18,50,Y
8000087,2,52,2025-11-28 19:58:18,52,Y
8000087,2,52,2025-11-28 19:59:18,48,Y
8000087,2,52,2025-11-28 20:00:18,46,Y
8000087,2,52,2025-11-28 20:01:18,49,Y
8000087,2,52,2025-11-28 20:02:18,49,Y
8000087,2,52,2025-11-28 20:03:18,48,Y
8000087,2,52,2025-11-28 20:04:18,49,Y
8000087,2,52,2025-11-28 20:05:18,51,Y
8000087,2,52,2025-11-28 20:06:18,52,Y
8000087,2,52,2025-11-28 20:07:18,49,Y
8000087,2,52,2025-11-28 20:08:18,51,Y
8000087,2,52,2025-11-28 20:09:18,50,Y
8000087,2,52,2025-11-28 20:10:18,55,Y
8000087,2,52,2025-11-28 20:11:18,53,Y
8000087,2,52,2025-11-28 20:12:18,52,Y
8000087,2,52,2025-11-28 20:13:18,44,Y
8000087,2,52,2025-11-28 20:14:18,40,Y
8000087,2,52,2025-11-28 20:15:18,46,Y
8000087,2,52,2025-11-28 20:16:18,53,Y
8000087,2,52,2025-11-28 20:17:18,56,Y
8000087,2,52,2025-11-28 20:18:18,53,Y
8000087,2,52,2025-11-28 20:19:18,50,Y
8000087,2,52,2025-11-28 20:20:18,50,Y
8000087,2,52,2025-11-28 20:21:18,50,Y
8000087,2,52,2025-11-28 20:22:18,46,Y
8000087,2,52,2025-11-28 20:23:18,43,Y
8000087,2,52,2025-11-28 20:24:18,43,Y
8000087,2,52,2025-11-28 20:25:18,50,Y
8000087,2,52,2025-11-28 20:26:18,58,Y
8000087,2,52,2025-11-28 20:27:18,57,Y
8000087,2,52,2025-11-28 20:28:18,54,Y
8000087,2,52,2025-11-28 20:29:18,48,Y
8000087,2,52,2025-11-28 20:30:18,46,Y
8000087,2,52,2025-11-28 20:31:18,42,Y
8000087,2,52,2025-11-28 20:32:18,46,Y
8000087,2,52,2025-11-28 20:33:18,53,Y
8000087,2,52,2025-11-28 20:34:18,54,Y
8000087,2,52,2025-11-28 20:35:18,56,Y
8000087,2,52,2025-11-28 20:36:18,48,Y
8000087,2,52,2025-11-28 20:37:18,52,Y
8000087,2,52,2025-11-28 20:38:18,50,Y
8000087,2,52,2025-11-28 20:39:18,57,Y
8000087,2,52,2025-11-28 20:40:18,56,Y
8000087,2,52,2025-11-28 20:41:18,53,Y
8000087,2,52,2025-11-28 20:42:18,53,Y
8000087,2,52,2025-11-28 20:43:18,55,Y
8000087,2,52,2025-11-28 20:44:18,52,Y
8000087,2,52,2025-11-28 20:45:18,54,Y
8000087,2,52,2025-11-28 20:46:18,47,Y
8000087,2,52,2025-11-28 20:47:18,48,Y
8000087,2,52,2025-11-28 20:48:18,46,Y
8000087,2,52,2025-11-28 20:49:18,53,Y
8000087,2,52,2025-11-28 20:50:18,54,Y
8000087,2,52,2025-11-28 20:51:18,48,Y
8000087,2,52,2025-11-28 20:52:18,41,Y
8000087,2,52,2025-11-28 20:53:18,46,Y
8000087,2,52,2025-11-28 20:54:18,53,Y
8000087,2,52,2025-11-28 20:55:18,55,Y
8000087,2,52,2025-11-28 20:56:18,55,Y
8000087,2,52,2025-11-28 20:57:18,52,Y
8000087,2,52,2025-11-28 20:58:18,55,Y
8000087,2,52,2025-11-28 20:59:18,55,Y
8000087,2,52,2025-11-28 21:00:18,56,Y
8000087,2,52,2025-11-28 21:01:18,57,Y
8000087,2,52,2025-11-28 21:02:18,55,Y
8000087,2,52,2025-11-28 21:03:18,54,Y
8000087,2,52,2025-11-28 21:04:18,47,Y
8000087,2,52,2025-11-28 21:05:18,52,Y
8000087,2,52,2025-11-28 21:06:18,54,Y
8000087,2,52,2025-11-28 21:07:18,55,Y
8000087,2,52,2025-11-28 21:08:18,53,Y
8000087,2,52,2025-11-28 21:09:18,50,Y
8000087,2,52,2025-11-28 21:10:18,52,Y
8000087,2,52,2025-11-28 21:11:18,50,Y
8000087,2,52,2025-11-28 21:12:18,49,Y
8000087,2,52,2025-11-28 21:13:18,50,Y
8000087,2,52,2025-11-28 21:14:18,47,Y
8000087,2,52,2025-11-28 21:15:18,51,Y
8000087,2,52,2025-11-28 21:16:18,49,Y
8000087,2,52,2025-11-28 21:17:18,58,Y
8000087,2,52,2025-11-28 21:18:18,53,Y
8000087,2,52,2025-11-28 21:19:18,53,Y
8000087,2,52,2025-11-28 21:20:18,49,Y
8000087,2,52,2025-11-28 21:21:18,53,Y
8000087,2,52,2025-11-28 21:22:18,58,Y
8000087,2,52,2025-11-28 21:23:18,57,Y
8000087,2,52,2025-11-28 21:24:18,52,Y
8000087,2,52,2025-11-28 21:25:18,49,Y
8000087,2,52,2025-11-28 21:26:18,51,Y
8000087,2,52,2025-11-28 21:27:18,51,Y
8000087,2,52,2025-11-28 21:28:18,46,Y
8000087,2,52,2025-11-28 21:29:18,44,Y
8000087,2,52,2025-11-28 21:30:18,50,Y
8000087,2,52,2025-11-28 21:31:18,51,Y
8000087,2,52,2025-11-28 21:32:18,53,Y
8000087,2,52,2025-11-28 21:33:18,47,Y
8000087,2,52,2025-11-28 21:34:18,47,Y
8000087,2,52,2025-11-28 21:35:18,49,Y
8000087,2,52,2025-11-28 21:36:18,54,Y
8000087,2,52,2025-11-28 21:37:18,60,Y
8000088,5,7,2025-03-19 04:12:04,11,Y
8000089,1,14,2024-03-26 03:10:02,1210.6,N
8000090,3,8,2025-04-26 02:29:47,92,Y
8000091,4,31102,2023-10-27 14:02:47,33,Y
8000091,4,52,2023-10-27 10:24:09,54,Y
8000091,4,52,2023-10-27 10:25:09,56,Y
8000091,4,52,2023-10-27 10:26:09,62,Y
8000091,4,52,2023-10-27 10:27:09,62,Y
8000091,4,52,2023-10-27 10:28:09,57,Y
8000091,4,52,2023-10-27 10:29:09,52,Y
8000091,4,52,2023-10-27 10:30:09,58,Y
8000091,4,52,2023-10-27 10:31:09,66,Y
8000091,4,52,2023-10-27 10:32:09,72,Y
8000091,4,52,2023-10-27 10:33:09,67,Y
8000091,4,52,2023-10-27 10:34:09,60,Y
8000091,4,52,2023-10-27 10:35:09,57,Y
8000091,4,52,2023-10-27 10:36:09,58,Y
8000091,4,52,2023-10-27 10:37:09,62,Y
8000091,4,52,2023-10-27 10:38:09,63,Y
8000091,4,52,2023-10-27 10:39:09,65,Y
8000091,4,52,2023-10-27 10:40:09,64,Y
8000091,4,52,2023-10-27 10:41:09,60,Y
8000091,4,52,2023-10-27 10:42:09,59,Y
8000091,4,52,2023-10-27 10:43:09,63,Y
8000091,4,52,2023-10-27 10:44:09,70,Y
8000091,4,52,2023-10-27 10:45:09,77,Y
8000091,4,52,2023-10-27 10:46:09,71,Y
8000091,4,52,2023-10-27 10:47:09,61,Y
8000091,4,52,2023-10-27 10:48:09,62,Y
8000091,4,52,2023-10-27 10:49:09,61,Y
8000091,4,52,2023-10-27 10:50:09,72,Y
8000091,4,52,2023-10-27 10:51:09,69,Y
8000091,4,52,2023-10-27 10:52:09,67,Y
8000091,4,52,2023-10-27 10:53:09,61,Y
8000091,4,52,2023-10-27 10:54:09,63,Y
8000091,4,52,2023-10-27 10:55:09,67,Y
8000091,4,52,2023-10-27 10:56:09,72,Y
8000091,4,52,2023-10-27 10:57:09,62,Y
8000091,4,52,2023-10-27 10:58:09,62,Y
8000091,4,52,2023-10-27 10:59:09,59,Y
8000091,4,52,2023-10-27 11:00:09,59,Y
8000091,4,52,2023-10-27 11:01:09,55,Y
8000091,4,52,2023-10-27 11:02:09,52,Y
8000091,4,52,2023-10-27 11:03:09,59,Y
8000091,4,52,2023-10-27 11:04:09,63,Y
8000091,4,52,2023-10-27 11:05:09,61,Y
8000091,4,52,2023-10-27 11:06:09,62,Y
8000091,4,52,2023-10-27 11:07:09,67,Y
8000091,4,52,2023-10-27 11:08:09,76,Y
8000091,4,52,2023-10-27 11:09:09,70,Y
8000091,4,52,2023-10-27 11:10:09,67,Y
8000091,4,52,2023-10-27 11:11:09,63,Y
8000091,4,52,2023-10-27 11:12:09,71,Y
8000091,4,52,2023-10-27 11:13:09,69,Y
8000091,4,52,2023-10-27 11:14:09,68,Y
8000091,4,52,2023-10-27 11:15:09,69,Y
8000091,4,52,2023-10-27 11:16:09,73,Y
8000091,4,52,2023-10-27 11:17:09,69,Y
8000091,4,52,2023-10-27 11:18:09,66,Y
8000091,4,52,2023-10-27 11:19:09,62,Y
8000091,4,52,2023-10-27 11:20:09,69,Y
8000091,4,52,2023-10-27 11:21:09,64,Y
8000091,4,52,2023-10-27 11:22:09,65,Y
8000091,4,52,2023-10-27 11:23:09,61,Y
8000091,4,52,2023-10-27 11:24:09,65,Y
8000091,4,52,2023-10-27 11:25:09,62,Y
8000091,4,52,2023-10-27 11:26:09,61,Y
8000091,4,52,2023-10-27 11:27:09,59,Y
8000091,4,52,2023-10-27 11:28:09,62,Y
8000091,4,52,2023-10-27 11:29:09,70,Y
8000091,4,52,2023-10-27 11:30:09,73,Y
8000091,4,52,2023-10-27 11:31:09,70,Y
8000091,4,52,2023-10-27 11:32:09,65,Y
8000091,4,52,2023-10-27 11:33:09,62,Y
8000091,4,52,2023-10-27 11:34:09,64,Y
8000091,4,52,2023-10-27 11:35:09,66,Y
8000091,4,52,2023-10-27 11:36:09,70,Y
8000091,4,52,2023-10-27 11:37:09,66,Y
8000091,4,52,2023-10-27 11:38:09,65,Y
8000091,4,52,2023-10-27 11:39:09,60,Y
8000091,4,52,2023-10-27 11:40:09,61,Y
8000091,4,52,2023-10-27 11:41:09,64,Y
8000091,4,52,2023-10-27 11:42:09,64,Y
8000091,4,52,2023-10-27 11:43:09,69,Y
8000091,4,52,2023-10-27 11:44:09,64,Y
8000091,4,52,2023-10-27 11:45:09,64,Y
8000091,4,52,2023-10-27 11:46:09,56,Y
8000091,4,52,2023-10-27 11:47:09,60,Y
8000091,4,52,2023-10-27 11:48:09,65,Y
8000091,4,52,2023-10-27 11:49:09,72,Y
8000091,4,52,2023-10-27 11:50:09,74,Y
8000091,4,52,2023-10-27 11:51:09,73,Y
8000091,4,52,2023-10-27 11:52:09,70,Y
8000091,4,52,2023-10-27 11:53:09,70,Y
8000091,4,52,2023-10-27 11:54:09,70,Y
8000091,4,52,2023-10-27 11:55:09,66,Y
8000091,4,52,2023-10-27 11:56:09,65,Y
8000091,4,52,2023-10-27 11:57:09,70,Y
8000091,4,52,2023-10-27 11:58:09,76,Y
8000091,4,52,2023-10-27 11:59:09,68,Y
8000091,4,52,2023-10-27 12:00:09,59,Y
8000091,4,52,2023-10-27 12:01:09,52,Y
8000091,4,52,2023-10-27 12:02:09,61,Y
8000091,4,52,2023-10-27 12:03:09,63,Y
8000091,4,52,2023-10-27 12:04:09,73,Y
8000091,4,52,2023-10-27 12:05:09,65,Y
8000091,4,52,2023-10-27 12:06:09,61,Y
8000091,4,52,2023-10-27 12:07:09,57,Y
8000091,4,52,2023-10-27 12:08:09,63,Y
8000091,4,52,2023-10-27 12:09:09,71,Y
8000091,4,52,2023-10-27 12:10:09,63,Y
8000091,4,52,2023-10-27 12:11:09,61,Y
8000091,4,52,2023-10-27 12:12:09,59,Y
8000091,4,52,2023-10-27 12:13:09,59,Y
8000091,4,52,2023-10-27 12:14:09,63,Y
8000091,4,52,2023-10-27 12:15:09,61,Y
8000091,4,52,2023-10-27 12:16:09,67,Y
8000091,4,52,2023-10-27 12:17:09,69,Y
8000091,4,52,2023-10-27 12:18:09,72,Y
8000091,4,52,2023-10-27 12:19:09,74,Y
8000091,4,52,2023-10-27 12:20:09,68,Y
8000091,4,52,2023-10-27 12:21:09,65,Y
8000091,4,52,2023-10-27 12:22:09,61,Y
8000091,4,52,2023-10-27 12:23:09,58,Y
8000091,4,52,2023-10-27 12:24:09,60,Y
8000091,4,52,2023-10-27 12:25:09,61,Y
8000091,4,52,2023-10-27 12:26:09,70,Y
8000091,4,52,2023-10-27 12:27:09,71,Y
8000091,4,52,2023-10-27 12:28:09,68,Y
8000091,4,52,2023-10-27 12:29:09,59,Y
8000091,4,52,2023-10-27 12:30:09,59,Y
8000091,4,52,2023-10-27 12:31:09,68,Y
8000091,4,52,2023-10-27 12:32:09,69,Y
8000091,4,52,2023-10-27 12:33:09,62,Y
8000091,4,52,2023-10-27 12:34:09,56,Y
8000091,4,52,2023-10-27 12:35:09,62,Y
8000091,4,52,2023-10-27 12:36:09,61,Y
8000091,4,52,2023-10-27 12:37:09,67,Y
8000091,4,52,2023-10-27 12:38:09,64,Y
8000091,4,52,2023-10-27 12:39:09,70,Y
8000091,4,52,2023-10-27 12:40:09,64,Y
8000091,4,52,2023-10-27 12:41:09,68,Y
8000091,4,52,2023-10-27 12:42:09,66,Y
8000091,4,52,2023-10-27 12:43:09,71,Y
8000091,4,52,2023-10-27 12:44:09,61,Y
8000091,4,52,2023-10-27 12:45:09,59,Y
8000091,4,52,2023-10-27 12:46:09,52,Y
8000091,4,52,2023-10-27 12:47:09,54,Y
8000091,4,52,2023-10-27 12:48:09,53,Y
8000091,4,52,2023-10-27 12:49:09,54,Y
8000091,4,52,2023-10-27 12:50:09,59,Y
8000091,4,52,2023-10-27 12:51:09,61,Y
8000091,4,52,2023-10-27 12:52:09,60,Y
8000091,4,52,2023-10-27 12:53:09,56,Y
8000091,4,52,2023-10-27 12:54:09,60,Y
8000091,4,52,2023-10-27 12:55:09,70,Y
8000091,4,52,2023-10-27 12:56:09,75,Y
8000091,4,52,2023-10-27 12:57:09,66,Y
8000091,4,52,2023-10-27 12:58:09,61,Y
8000091,4,52,2023-10-27 12:59:09,53,Y
8000091,4,52,2023-10-27 13:00:09,55,Y
8000091,4,52,2023-10-27 13:01:09,60,Y
8000091,4,52,2023-10-27 13:02:09,67,Y
8000091,4,52,2023-10-27 13:03:09,66,Y
8000091,4,52,2023-10-27 13:04:09,64,Y
8000091,4,52,2023-10-27 13:05:09,65,Y
8000091,4,52,2023-10-27 13:06:09,65,Y
8000091,4,52,2023-10-27 13:07:09,60,Y
8000091,4,52,2023-10-27 13:08:09,58,Y
8000091,4,52,2023-10-27 13:09:09,68,Y
8000091,4,52,2023-10-27 13:10:09,66,Y
8000091,4,52,2023-10-27 13:11:09,66,Y
8000091,4,52,2023-10-27 13:12:09,59,Y
8000091,4,52,2023-10-27 13:13:09,68,Y
8000091,4,52,2023-10-27 13:14:09,69,Y
8000091,4,52,2023-10-27 13:15:09,71,Y
8000091,4,52,2023-10-27 13:16:09,63,Y
8000091,4,52,2023-10-27 13:17:09,55,Y
8000091,4,52,2023-10-27 13:18:09,56,Y
8000091,4,52,2023-10-27 13:19:09,57,Y
8000091,4,52,2023-10-27 13:20:09,59,Y
8000091,4,52,2023-10-27 13:21:09,52,Y
8000091,4,52,2023-10-27 13:22:09,55,Y
8000091,4,52,2023-10-27 13:23:09,62,Y
8000091,4,52,2023-10-27 13:24:09,71,Y
8000091,4,52,2023-10-27 13:25:09,68,Y
8000091,4,52,2023-10-27 13:26:09,70,Y
8000091,4,52,2023-10-27 13:27:09,67,Y
8000091,4,52,2023-10-27 13:28:09,76,Y
8000091,4,52,2023-10-27 13:29:09,72,Y
8000091,4,52,2023-10-27 13:30:09,69,Y
8000091,4,52,2023-10-27 13:31:09,61,Y
8000091,4,52,2023-10-27 13:32:09,64,Y
8000091,4,52,2023-10-27 13:33:09,68,Y
8000091,4,52,2023-10-27 13:34:09,71,Y
8000091,4,52,2023-10-27 13:35:09,71,Y
8000091,4,52,2023-10-27 13:36:09,64,Y
8000091,4,52,2023-10-27 13:37:09,64,Y
8000091,4,52,2023-10-27 13:38:09,64,Y
8000091,4,52,2023-10-27 13:39:09,66,Y
8000091,4,52,2023-10-27 13:40:09,63,Y
8000091,4,52,2023-10-27 13:41:09,64,Y
8000091,4,52,2023-10-27 13:42:09,65,Y
8000091,4,52,2023-10-27 13:43:09,73,Y
8000091,4,52,2023-10-27 13:44:09,72,Y
8000091,4,52,2023-10-27 13:45:09,79,Y
8000091,4,52,2023-10-27 13:46:09,75,Y
8000091,4,52,2023-10-27 13:47:09,65,Y
8000091,4,52,2023-10-27 13:48:09,63,Y
8000091,4,52,2023-10-27 13:49:09,57,Y
8000091,4,52,2023-10-27 13:50:09,67,Y
8000091,4,52,2023-10-27 13:51:09,66,Y
8000091,4,52,2023-10-27 13:52:09,68,Y
8000091,4,52,2023-10-27 13:53:09,61,Y
8000091,4,52,2023-10-27 13:54:09,56,Y
8000091,4,52,2023-10-27 13:55:09,62,Y
8000091,4,52,2023-10-27 13:56:09,60,Y
8000091,4,52,2023-10-27 13:57:09,64,Y
8000091,4,52,2023-10-27 13:58:09,57,Y
8000091,4,52,2023-10-27 13:59:09,60,Y
8000091,4,52,2023-10-27 14:00:09,58,Y
8000091,4,52,2023-10-27 14:01:09,58,Y
8000091,4,52,2023-10-27 14:02:09,57,Y
8000091,4,52,2023-10-27 14:03:09,54,Y
8000091,4,52,2023-10-27 14:04:09,54,Y
8000091,4,52,2023-10-27 14:05:09,52,Y
8000091,4,52,2023-10-27 14:06:09,56,Y
8000091,4,52,2023-10-27 14:07:09,59,Y
8000091,4,52,2023-10-27 14:08:09,71,Y
8000091,4,52,2023-10-27 14:09:09,69,Y
8000091,4,52,2023-10-27 14:10:09,72,Y
8000091,4,52,2023-10-27 14:11:09,67,Y
8000091,4,52,2023-10-27 14:12:09,64,Y
8000091,4,52,2023-10-27 14:13:09,55,Y
8000091,4,52,2023-10-27 14:14:09,60,Y
8000091,4,52,2023-10-27 14:15:09,67,Y
8000091,4,52,2023-10-27 14:16:09,70,Y
8000091,4,52,2023-10-27 14:17:09,68,Y
8000091,4,52,2023-10-27 14:18:09,60,Y
8000091,4,52,2023-10-27 14:19:09,57,Y
8000091,4,52,2023-10-27 14:20:09,60,Y
8000091,4,52,2023-10-27 14:21:09,60,Y
8000091,4,52,2023-10-27 14:22:09,64,Y
8000091,4,52,2023-10-27 14:23:09,59,Y
8000091,4,52,2023-10-27 14:24:09,70,Y
8000092,4,7,2025-03-06 10:46:13,15,Y
8000093,6,31102,2024-10-25 03:40:13,15,Y
8000094,3,30417,2023-07-10 15:30:44,16,Y
8000094,3,52,2023-07-10 14:27:25,81,Y
8000094,3,52,2023-07-10 14:28:25,74,Y
8000094,3,52,2023-07-10 14:29:25,79,Y
8000094,3,52,2023-07-10 14:30:25,81,Y
8000094,3,52,2023-07-10 14:31:25,87,Y
8000094,3,52,2023-07-10 14:32:25,82,Y
8000094,3,52,2023-07-10 14:33:25,77,Y
8000094,3,52,2023-07-10 14:34:25,69,Y
8000094,3,52,2023-07-10 14:35:25,76,Y
8000094,3,52,2023-07-10 14:36:25,79,Y
8000094,3,52,2023-07-10 14:37:25,79,Y
8000094,3,52,2023-07-10 14:38:25,70,Y
8000094,3,52,2023-07-10 14:39:25,65,Y
8000094,3,52,2023-07-10 14:40:25,66,Y
8000094,3,52,2023-07-10 14:41:25,71,Y
8000094,3,52,2023-07-10 14:42:25,76,Y
8000094,3,52,2023-07-10 14:43:25,72,Y
8000094,3,52,2023-07-10 14:44:25,74,Y
8000094,3,52,2023-07-10 14:45:25,74,Y
8000094,3,52,2023-07-10 14:46:25,84,Y
8000094,3,52,2023-07-10 14:47:25,82,Y
8000094,3,52,2023-07-10 14:48:25,87,Y
8000094,3,52,2023-07-10 14:49:25,79,Y
8000094,3,52,2023-07-10 14:50:25,82,Y
8000094,3,52,2023-07-10 14:51:25,77,Y
8000094,3,52,2023-07-10 14:52:25,81,Y
8000094,3,52,2023-07-10 14:53:25,75,Y
8000094,3,52,2023-07-10 14:54:25,71,Y
8000094,3,52,2023-07-10 14:55:25,73,Y
8000094,3,52,2023-07-10 14:56:25,79,Y
8000094,3,52,2023-07-10 14:57:25,81,Y
8000094,3,52,2023-07-10 14:58:25,77,Y
8000094,3,52,2023-07-10 14:59:25,71,Y
8000094,3,52,2023-07-10 15:00:25,77,Y
8000094,3,52,2023-07-10 15:01:25,77,Y
8000094,3,52,2023-07-10 15:02:25,82,Y
8000094,3,52,2023-07-10 15:03:25,80,Y
8000094,3,52,2023-07-10 15:04:25,87,Y
8000094,3,52,2023-07-10 15:05:25,80,Y
8000094,3,52,2023-07-10 15:06:25,83,Y
8000094,3,52,2023-07-10 15:07:25,82,Y
8000094,3,52,2023-07-10 15:08:25,90,Y
8000094,3,52,2023-07-10 15:09:25,89,Y
8000094,3,52,2023-07-10 15:10:25,80,Y
8000094,3,52,2023-07-10 15:11:25,73,Y
8000094,3,52,2023-07-10 15:12:25,74,Y
8000094,3,52,2023-07-10 15:13:25,80,Y
8000094,3,52,2023-07-10 15:14:25,84,Y
8000094,3,52,2023-07-10 15:15:25,77,Y
8000094,3,52,2023-07-10 15:16:25,75,Y
8000094,3,52,2023-07-10 15:17:25,75,Y
8000094,3,52,2023-07-10 15:18:25,76,Y
8000094,3,52,2023-07-10 15:19:25,82,Y
8000094,3,52,2023-07-10 15:20:25,84,Y
8000094,3,52,2023-07-10 15:21:25,79,Y
8000094,3,52,2023-07-10 15:22:25,74,Y
8000094,3,52,2023-07-10 15:23:25,70,Y
8000094,3,52,2023-07-10 15:24:25,77,Y
8000094,3,52,2023-07-10 15:25:25,83,Y
8000094,3,52,2023-07-10 15:26:25,77,Y
8000094,3,52,2023-07-10 15:27:25,71,Y
8000094,3,52,2023-07-10 15:28:25,62,Y
8000094,3,52,2023-07-10 15:29:25,64,Y
8000094,3,52,2023-07-10 15:30:25,67,Y
8000094,3,52,2023-07-10 15:31:25,68,Y
8000094,3,52,2023-07-10 15:32:25,75,Y
8000094,3,52,2023-07-10 15:33:25,74,Y
8000094,3,52,2023-07-10 15:34:25,82,Y
8000094,3,52,2023-07-10 15:35:25,76,Y
8000094,3,52,2023-07-10 15:36:25,81,Y
8000094,3,52,2023-07-10 15:37:25,75,Y
8000094,3,52,2023-07-10 15:38:25,73,Y
8000094,3,52,2023-07-10 15:39:25,65,Y
8000094,3,52,2023-07-10 15:40:25,67,Y
8000094,3,52,2023-07-10 15:41:25,76,Y
8000094,3,52,2023-07-10 15:42:25,83,Y
8000094,3,52,2023-07-10 15:43:25,87,Y
8000094,3,52,2023-07-10 15:44:25,88,Y
8000094,3,52,2023-07-10 15:45:25,90,Y
8000094,3,52,2023-07-10 15:46:25,81,Y
8000094,3,52,2023-07-10 15:47:25,74,Y
8000094,3,52,2023-07-10 15:48:25,68,Y
8000094,3,52,2023-07-10 15:49:25,68,Y
8000094,3,52,2023-07-10 15:50:25,68,Y
8000094,3,52,2023-07-10 15:51:25,66,Y
8000094,3,52,2023-07-10 15:52:25,75,Y
8000094,3,52,2023-07-10 15:53:25,73,Y
8000094,3,52,2023-07-10 15:54:25,75,Y
8000094,3,52,2023-07-10 15:55:25,76,Y
8000094,3,52,2023-07-10 15:56:25,82,Y
8000094,3,52,2023-07-10 15:57:25,81,Y
8000094,3,52,2023-07-10 15:58:25,76,Y
8000094,3,52,2023-07-10 15:59:25,72,Y
8000094,3,52,2023-07-10 16:00:25,76,Y
8000094,3,52,2023-07-10 16:01:25,74,Y
8000094,3,52,2023-07-10 16:02:25,78,Y
8000094,3,52,2023-07-10 16:03:25,78,Y
8000094,3,52,2023-07-10 16:04:25,80,Y
8000094,3,52,2023-07-10 16:05:25,74,Y
8000094,3,52,2023-07-10 16:06:25,77,Y
8000094,3,52,2023-07-10 16:07:25,70,Y
8000094,3,52,2023-07-10 16:08:25,75,Y
8000094,3,52,2023-07-10 16:09:25,68,Y
8000094,3,52,2023-07-10 16:10:25,76,Y
8000094,3,52,2023-07-10 16:11:25,76,Y
8000094,3,52,2023-07-10 16:12:25,83,Y
8000095,3,30417,2025-12-02 23:33:22,26,Y
8000096,2,30418,2025-05-24 08:25:35,15,Y
8000097,1,10,2025-05-15 01:55:22,96,Y
8000098,1,8,2024-12-05 22:18:33,102,Y
8000099,4,8,2025-09-16 01:16:22,115,Y
8000100,2,30418,2024-08-13 08:43:46,3,Y
8000101,2,30417,2024-01-30 15:18:21,39,Y
8000102,2,31102,2025-10-01 18:43:21,7,Y
8000102,2,52,2025-10-01 16:21:02,68,Y
8000102,2,52,2025-10-01 16:22:02,72,Y
8000102,2,52,2025-10-01 16:23:02,74,Y
8000102,2,52,2025-10-01 16:24:02,65,Y
8000102,2,52,2025-10-01 16:25:02,67,Y
8000102,2,52,2025-10-01 16:26:02,63,Y
8000102,2,52,2025-10-01 16:27:02,71,Y
8000102,2,52,2025-10-01 16:28:02,63,Y
8000102,2,52,2025-10-01 16:29:02,66,Y
8000102,2,52,2025-10-01 16:30:02,64,Y
8000102,2,52,2025-10-01 16:31:02,63,Y
8000102,2,52,2025-10-01 16:32:02,58,Y
8000102,2,52,2025-10-01 16:33:02,55,Y
8000102,2,52,2025-10-01 16:34:02,54,Y
8000102,2,52,2025-10-01 16:35:02,55,Y
8000102,2,52,2025-10-01 16:36:02,51,Y
8000102,2,52,2025-10-01 16:37:02,59,Y
8000102,2,52,2025-10-01 16:38:02,59,Y
8000102,2,52,2025-10-01 16:39:02,67,Y
8000102,2,52,2025-10-01 16:40:02,67,Y
8000102,2,52,2025-10-01 16:41:02,65,Y
8000102,2,52,2025-10-01 16:42:02,67,Y
8000102,2,52,2025-10-01 16:43:02,60,Y
8000102,2,52,2025-10-01 16:44:02,68,Y
8000102,2,52,2025-10-01 16:45:02,68,Y
8000102,2,52,2025-10-01 16:46:02,70,Y
8000102,2,52,2025-10-01 16:47:02,66,Y
8000102,2,52,2025-10-01 16:48:02,67,Y
8000102,2,52,2025-10-01 16:49:02,75,Y
8000102,2,52,2025-10-01 16:50:02,77,Y
8000102,2,52,2025-10-01 16:51:02,72,Y
8000102,2,52,2025-10-01 16:52:02,72,Y
8000102,2,52,2025-10-01 16:53:02,73,Y
8000102,2,52,2025-10-01 16:54:02,78,Y
8000102,2,52,2025-10-01 16:55:02,78,Y
8000102,2,52,2025-10-01 16:56:02,70,Y
8000102,2,52,2025-10-01 16:57:02,64,Y
8000102,2,52,2025-10-01 16:58:02,62,Y
8000102,2,52,2025-10-01 16:59:02,71,Y
8000102,2,52,2025-10-01 17:00:02,69,Y
8000102,2,52,2025-10-01 17:01:02,68,Y
8000102,2,52,2025-10-01 17:02:02,63,Y
8000102,2,52,2025-10-01 17:03:02,69,Y
8000102,2,52,2025-10-01 17:04:02,71,Y
8000102,2,52,2025-10-01 17:05:02,77,Y
8000102,2,52,2025-10-01 17:06:02,73,Y
8000102,2,52,2025-10-01 17:07:02,73,Y
8000102,2,52,2025-10-01 17:08:02,68,Y
8000102,2,52,2025-10-01 17:09:02,67,Y
8000102,2,52,2025-10-01 17:10:02,65,Y
8000102,2,52,2025-10-01 17:11:02,68,Y
8000102,2,52,2025-10-01 17:12:02,70,Y
8000102,2,52,2025-10-01 17:13:02,70,Y
8000102,2,52,2025-10-01 17:14:02,62,Y
8000102,2,52,2025-10-01 17:15:02,67,Y
8000102,2,52,2025-10-01 17:16:02,65,Y
8000102,2,52,2025-10-01 17:17:02,73,Y
8000102,2,52,2025-10-01 17:18:02,70,Y
8000102,2,52,2025-10-01 17:19:02,68,Y
8000102,2,52,2025-10-01 17:20:02,68,Y
8000102,2,52,2025-10-01 17:21:02,72,Y
8000102,2,52,2025-10-01 17:22:02,71,Y
8000102,2,52,2025-10-01 17:23:02,68,Y
8000102,2,52,2025-10-01 17:24:02,61,Y
8000102,2,52,2025-10-01 17:25:02,65,Y
8000102,2,52,2025-10-01 17:26:02,72,Y
8000102,2,52,2025-10-01 17:27:02,73,Y
8000102,2,52,2025-10-01 17:28:02,68,Y
8000102,2,52,2025-10-01 17:29:02,62,Y
8000102,2,52,2025-10-01 17:30:02,62,Y
8000102,2,52,2025-10-01 17:31:02,66,Y
8000102,2,52,2025-10-01 17:32:02,67,Y
8000102,2,52,2025-10-01 17:33:02,65,Y
8000102,2,52,2025-10-01 17:34:02,64,Y
8000102,2,52,2025-10-01 17:35:02,64,Y
8000102,2,52,2025-10-01 17:36:02,69,Y
8000102,2,52,2025-10-01 17:37:02,67,Y
8000102,2,52,2025-10-01 17:38:02,63,Y
8000102,2,52,2025-10-01 17:39:02,60,Y
8000102,2,52,2025-10-01 17:40:02,58,Y
8000102,2,52,2025-10-01 17:41:02,61,Y
8000102,2,52,2025-10-01 17:42:02,65,Y
8000102,2,52,2025-10-01 17:43:02,73,Y
8000102,2,52,2025-10-01 17:44:02,73,Y
8000102,2,52,2025-10-01 17:45:02,64,Y
8000102,2,52,2025-10-01 17:46:02,63,Y
8000102,2,52,2025-10-01 17:47:02,63,Y
8000102,2,52,2025-10-01 17:48:02,67,Y
8000102,2,52,2025-10-01 17:49:02,67,Y
8000102,2,52,2025-10-01 17:50:02,67,Y
8000102,2,52,2025-10-01 17:51:02,67,Y
8000102,2,52,2025-10-01 17:52:02,66,Y
8000102,2,52,2025-10-01 17:53:02,63,Y
8000102,2,52,2025-10-01 17:54:02,69,Y
8000102,2,52,2025-10-01 17:55:02,67,Y
8000102,2,52,2025-10-01 17:56:02,64,Y
8000102,2,52,2025-10-01 17:57:02,64,Y
8000102,2,52,2025-10-01 17:58:02,61,Y
8000102,2,52,2025-10-01 17:59:02,64,Y
8000102,2,52,2025-10-01 18:00:02,63,Y
8000102,2,52,2025-10-01 18:01:02,70,Y
8000102,2,52,2025-10-01 18:02:02,69,Y
8000102,2,52,2025-10-01 18:03:02,69,Y
8000102,2,52,2025-10-01 18:04:02,62,Y
8000102,2,52,2025-10-01 18:05:02,66,Y
8000102,2,52,2025-10-01 18:06:02,64,Y
8000102,2,52,2025-10-01 18:07:02,62,Y
8000102,2,52,2025-10-01 18:08:02,68,Y
8000102,2,52,2025-10-01 18:09:02,64,Y
8000102,2,52,2025-10-01 18:10:02,63,Y
8000102,2,52,2025-10-01 18:11:02,55,Y
8000102,2,52,2025-10-01 18:12:02,57,Y
8000102,2,52,2025-10-01 18:13:02,57,Y
8000102,2,52,2025-10-01 18:14:02,56,Y
8000102,2,52,2025-10-01 18:15:02,53,Y
8000102,2,52,2025-10-01 18:16:02,54,Y
8000102,2,52,2025-10-01 18:17:02,57,Y
8000102,2,52,2025-10-01 18:18:02,59,Y
8000102,2,52,2025-10-01 18:19:02,60,Y
8000102,2,52,2025-10-01 18:20:02,59,Y
8000102,2,52,2025-10-01 18:21:02,66,Y
8000102,2,52,2025-10-01 18:22:02,69,Y
8000102,2,52,2025-10-01 18:23:02,70,Y
8000102,2,52,2025-10-01 18:24:02,66,Y
8000102,2,52,2025-10-01 18:25:02,67,Y
8000102,2,52,2025-10-01 18:26:02,64,Y
8000102,2,52,2025-10-01 18:27:02,69,Y
8000102,2,52,2025-10-01 18:28:02,65,Y
8000102,2,52,2025-10-01 18:29:02,66,Y
8000102,2,52,2025-10-01 18:30:02,62,Y
8000102,2,52,2025-10-01 18:31:02,59,Y
8000102,2,52,2025-10-01 18:32:02,66,Y
8000102,2,52,2025-10-01 18:33:02,62,Y
8000102,2,52,2025-10-01 18:34:02,71,Y
8000102,2,52,2025-10-01 18:35:02,65,Y
8000102,2,52,2025-10-01 18:36:02,66,Y
8000102,2,52,2025-10-01 18:37:02,64,Y
8000102,2,52,2025-10-01 18:38:02,64,Y
8000102,2,52,2025-10-01 18:39:02,66,Y
8000102,2,52,2025-10-01 18:40:02,61,Y
8000102,2,52,2025-10-01 18:41:02,65,Y
8000102,2,52,2025-10-01 18:42:02,70,Y
8000102,2,52,2025-10-01 18:43:02,74,Y
8000102,2,52,2025-10-01 18:44:02,68,Y
8000102,2,52,2025-10-01 18:45:02,67,Y
8000102,2,52,2025-10-01 18:46:02,66,Y
8000102,2,52,2025-10-01 18:47:02,76,Y
8000102,2,52,2025-10-01 18:48:02,68,Y
8000102,2,52,2025-10-01 18:49:02,66,Y
8000102,2,52,2025-10-01 18:50:02,64,Y
8000102,2,52,2025-10-01 18:51:02,69,Y
8000102,2,52,2025-10-01 18:52:02,64,Y
8000102,2,52,2025-10-01 18:53:02,64,Y
8000102,2,52,2025-10-01 18:54:02,69,Y
8000102,2,52,2025-10-01 18:55:02,74,Y
8000102,2,52,2025-10-01 18:56:02,72,Y
8000102,2,52,2025-10-01 18:57:02,63,Y
8000102,2,52,2025-10-01 18:58:02,57,Y
8000102,2,52,2025-10-01 18:59:02,60,Y
8000102,2,52,2025-10-01 19:00:02,67,Y
8000102,2,52,2025-10-01 19:01:02,74,Y
8000102,2,52,2025-10-01 19:02:02,70,Y
8000102,2,52,2025-10-01 19:03:02,69,Y
8000102,2,52,2025-10-01 19:04:02,63,Y
8000102,2,52,2025-10-01 19:05:02,65,Y
8000102,2,52,2025-10-01 19:06:02,67,Y
8000102,2,52,2025-10-01 19:07:02,71,Y
8000102,2,52,2025-10-01 19:08:02,73,Y
8000102,2,52,2025-10-01 19:09:02,72,Y
8000102,2,52,2025-10-01 19:10:02,74,Y
8000102,2,52,2025-10-01 19:11:02,72,Y
8000102,2,52,2025-10-01 19:12:02,71,Y
8000102,2,52,2025-10-01 19:13:02,68,Y
8000102,2,52,2025-10-01 19:14:02,63,Y
8000102,2,52,2025-10-01 19:15:02,58,Y
8000102,2,52,2025-10-01 19:16:02,57,Y
8000102,2,52,2025-10-01 19:17:02,63,Y
8000102,2,52,2025-10-01 19:18:02,62,Y
8000102,2,52,2025-10-01 19:19:02,63,Y
8000102,2,52,2025-10-01 19:20:02,54,Y
8000102,2,52,2025-10-01 19:21:02,53,Y
8000102,2,52,2025-10-01 19:22:02,54,Y
8000102,2,52,2025-10-01 19:23:02,54,Y
8000102,2,52,2025-10-01 19:24:02,59,Y
8000102,2,52,2025-10-01 19:25:02,56,Y
8000102,2,52,2025-10-01 19:26:02,58,Y
8000102,2,52,2025-10-01 19:27:02,60,Y
8000102,2,52,2025-10-01 19:28:02,68,Y
8000102,2,52,2025-10-01 19:29:02,74,Y
8000102,2,52,2025-10-01 19:30:02,68,Y
8000102,2,52,2025-10-01 19:31:02,67,Y
8000102,2,52,2025-10-01 19:32:02,64,Y
8000102,2,52,2025-10-01 19:33:02,65,Y
8000102,2,52,2025-10-01 19:34:02,59,Y
8000102,2,52,2025-10-01 19:35:02,63,Y
8000102,2,52,2025-10-01 19:36:02,71,Y
8000102,2,52,2025-10-01 19:37:02,73,Y
8000102,2,52,2025-10-01 19:38:02,69,Y
8000102,2,52,2025-10-01 19:39:02,69,Y
8000102,2,52,2025-10-01 19:40:02,75,Y
8000102,2,52,2025-10-01 19:41:02,74,Y
8000102,2,52,2025-10-01 19:42:02,73,Y
8000102,2,52,2025-10-01 19:43:02,73,Y
8000102,2,52,2025-10-01 19:44:02,72,Y
8000102,2,52,2025-10-01 19:45:02,67,Y
8000102,2,52,2025-10-01 19:46:02,65,Y
8000102,2,52,2025-10-01 19:47:02,70,Y
8000102,2,52,2025-10-01 19:48:02,70,Y
8000102,2,52,2025-10-01 19:49:02,71,Y
8000102,2,52,2025-10-01 19:50:02,61,Y
8000102,2,52,2025-10-01 19:51:02,56,Y
8000102,2,52,2025-10-01 19:52:02,60,Y
8000102,2,52,2025-10-01 19:53:02,69,Y
8000102,2,52,2025-10-01 19:54:02,74,Y
8000102,2,52,2025-10-01 19:55:02,69,Y
8000102,2,52,2025-10-01 19:56:02,68,Y
8000102,2,52,2025-10-01 19:57:02,65,Y
8000102,2,52,2025-10-01 19:58:02,63,Y
8000102,2,52,2025-10-01 19:59:02,65,Y
8000102,2,52,2025-10-01 20:00:02,70,Y
8000102,2,52,2025-10-01 20:01:02,70,Y
8000102,2,52,2025-10-01 20:02:02,70,Y
8000102,2,52,2025-10-01 20:03:02,73,Y
8000102,2,52,2025-10-01 20:04:02,79,Y
8000102,2,52,2025-10-01 20:05:02,69,Y
8000102,2,52,2025-10-01 20:06:02,60,Y
8000102,2,52,2025-10-01 20:07:02,57,Y
8000102,2,52,2025-10-01 20:08:02,67,Y
8000102,2,52,2025-10-01 20:09:02,71,Y
8000102,2,52,2025-10-01 20:10:02,73,Y
8000102,2,52,2025-10-01 20:11:02,64,Y
8000102,2,52,2025-10-01 20:12:02,68,Y
8000102,2,52,2025-10-01 20:13:02,67,Y
8000102,2,52,2025-10-01 20:14:02,70,Y
8000102,2,52,2025-10-01 20:15:02,63,Y
8000102,2,52,2025-10-01 20:16:02,59,Y
8000102,2,52,2025-10-01 20:17:02,60,Y
8000102,2,52,2025-10-01 20:18:02,69,Y
8000102,2,52,2025-10-01 20:19:02,71,Y
8000102,2,52,2025-10-01 20:20:02,76,Y
8000102,2,52,2025-10-01 20:21:02,68,Y
8000103,2,7,2023-03-29 09:51:29,10,Y
8000104,4,5,2024-12-10 05:32:42,105/50,Y
8000104,4,51,2024-12-10 05:32:42,68,Y
8000105,1,8,2025-11-03 00:06:45,78,Y
8000106,6,5,2023-12-03 16:03:27,105/44,Y
8000106,6,51,2023-12-03 16:03:27,64,Y
8000107,3,14,2024-12-07 03:26:19,2522.3,Y
8000108,1,52,2025-04-14 04:01:21,51,Y
8000108,1,52,2025-04-14 04:02:21,56,Y
8000108,1,52,2025-04-14 04:03:21,47,Y
8000108,1,52,2025-04-14 04:04:21,49,Y
8000108,1,52,2025-04-14 04:05:21,47,Y
8000108,1,52,2025-04-14 04:06:21,54,Y
8000108,1,52,2025-04-14 04:07:21,55,Y
8000108,1,52,2025-04-14 04:08:21,63,Y
8000108,1,52,2025-04-14 04:09:21,64,Y
8000108,1,52,2025-04-14 04:10:21,57,Y
8000108,1,52,2025-04-14 04:11:21,56,Y
8000108,1,52,2025-04-14 04:12:21,50,Y
8000108,1,52,2025-04-14 04:13:21,54,Y
8000108,1,52,2025-04-14 04:14:21,49,Y
8000108,1,52,2025-04-14 04:15:21,53,Y
8000108,1,52,2025-04-14 04:16:21,57,Y
8000108,1,52,2025-04-14 04:17:21,57,Y
8000108,1,52,2025-04-14 04:18:21,59,Y
8000108,1,52,2025-04-14 04:19:21,52,Y
8000108,1,52,2025-04-14 04:20:21,49,Y
8000108,1,52,2025-04-14 04:21:21,46,Y
8000108,1,52,2025-04-14 04:22:21,52,Y
8000108,1,52,2025-04-14 04:23:21,57,Y
8000108,1,52,2025-04-14 04:24:21,57,Y
8000108,1,52,2025-04-14 04:25:21,54,Y
8000108,1,52,2025-04-14 04:26:21,53,Y
8000108,1,52,2025-04-14 04:27:21,53,Y
8000108,1,52,2025-04-14 04:28:21,51,Y
8000108,1,52,2025-04-14 04:29:21,55,Y
8000108,1,52,2025-04-14 04:30:21,51,Y
8000108,1,52,2025-04-14 04:31:21,51,Y
8000108,1,52,2025-04-14 04:32:21,43,Y
8000108,1,52,2025-04-14 04:33:21,46,Y
8000108,1,52,2025-04-14 04:34:21,52,Y
8000108,1,52,2025-04-14 04:35:21,57,Y
8000108,1,52,2025-04-14 04:36:21,61,Y
8000108,1,52,2025-04-14 04:37:21,59,Y
8000108,1,52,2025-04-14 04:38:21,56,Y
8000108,1,52,2025-04-14 04:39:21,56,Y
8000108,1,52,2025-04-14 04:40:21,50,Y
8000108,1,52,2025-04-14 04:41:21,52,Y
8000108,1,52,2025-04-14 04:42:21,46,Y
8000108,1,52,2025-04-14 04:43:21,52,Y
8000108,1,52,2025-04-14 04:44:21,47,Y
8000108,1,52,2025-04-14 04:45:21,54,Y
8000108,1,52,2025-04-14 04:46:21,50,Y
8000108,1,52,2025-04-14 04:47:21,55,Y
8000108,1,52,2025-04-14 04:48:21,48,Y
8000108,1,52,2025-04-14 04:49:21,49,Y
8000108,1,52,2025-04-14 04:50:21,43,Y
8000108,1,52,2025-04-14 04:51:21,47,Y
8000108,1,52,2025-04-14 04:52:21,48,Y
8000108,1,52,2025-04-14 04:53:21,52,Y
8000108,1,52,2025-04-14 04:54:21,49,Y
8000108,1,52,2025-04-14 04:55:21,48,Y
8000108,1,52,2025-04-14 04:56:21,43,Y
8000108,1,52,2025-04-14 04:57:21,41,Y
8000108,1,52,2025-04-14 04:58:21,41,Y
8000108,1,52,2025-04-14 04:59:21,48,Y
8000108,1,52,2025-04-14 05:00:21,55,Y
8000108,1,52,2025-04-14 05:01:21,56,Y
8000108,1,52,2025-04-14 05:02:21,50,Y
8000108,1,52,2025-04-14 05:03:21,44,Y
8000108,1,52,2025-04-14 05:04:21,45,Y
8000108,1,52,2025-04-14 05:05:21,47,Y
8000108,1,52,2025-04-14 05:06:21,53,Y
8000108,1,52,2025-04-14 05:07:21,58,Y
8000108,1,52,2025-04-14 05:08:21,61,Y
8000108,1,52,2025-04-14 05:09:21,62,Y
8000108,1,52,2025-04-14 05:10:21,60,Y
8000108,1,52,2025-04-14 05:11:21,57,Y
8000108,1,52,2025-04-14 05:12:21,56,Y
8000108,1,52,2025-04-14 05:13:21,52,Y
8000108,1,52,2025-04-14 05:14:21,55,Y
8000108,1,52,2025-04-14 05:15:21,57,Y
8000108,1,52,2025-04-14 05:16:21,58,Y
8000108,1,52,2025-04-14 05:17:21,53,Y
8000108,1,52,2025-04-14 05:18:21,46,Y
8000108,1,52,2025-04-14 05:19:21,45,Y
8000108,1,52,2025-04-14 05:20:21,45,Y
8000108,1,52,2025-04-14 05:21:21,45,Y
8000108,1,52,2025-04-14 05:22:21,50,Y
8000108,1,52,2025-04-14 05:23:21,54,Y
8000108,1,52,2025-04-14 05:24:21,60,Y
8000108,1,52,2025-04-14 05:25:21,60,Y
8000108,1,52,2025-04-14 05:26:21,55,Y
8000108,1,52,2025-04-14 05:27:21,56,Y
8000108,1,52,2025-04-14 05:28:21,56,Y
8000108,1,52,2025-04-14 05:29:21,55,Y
8000108,1,52,2025-04-14 05:30:21,54,Y
8000108,1,52,2025-04-14 05:31:21,51,Y
8000108,1,7,2025-04-14 04:42:50,13,Y
8000109,5,14,2025-02-02 00:13:38,414.6,Y
8000110,2,31102,2025-09-15 14:04:09,15,Y
8000111,1,5,2024-10-03 04:42:27,76/24,N
8000111,1,51,2024-10-03 04:42:27,41,N
8000112,5,30417,2024-10-23 13:26:10,0,Y
8000112,5,52,2024-10-23 12:48:09,58,Y
8000112,5,52,2024-10-23 12:49:09,60,Y
8000112,5,52,2024-10-23 12:50:09,61,Y
8000112,5,52,2024-10-23 12:51:09,63,Y
8000112,5,52,2024-10-23 12:52:09,59,Y
8000112,5,52,2024-10-23 12:53:09,61,Y
8000112,5,52,2024-10-23 12:54:09,62,Y
8000112,5,52,2024-10-23 12:55:09,66,Y
8000112,5,52,2024-10-23 12:56:09,62,Y
8000112,5,52,2024-10-23 12:57:09,63,Y
8000112,5,52,2024-10-23 12:58:09,59,Y
8000112,5,52,2024-10-23 12:59:09,60,Y
8000112,5,52,2024-10-23 13:00:09,60,Y
8000112,5,52,2024-10-23 13:01:09,61,Y
8000112,5,52,2024-10-23 13:02:09,65,Y
8000112,5,52,2024-10-23 13:03:09,67,Y
8000112,5,52,2024-10-23 13:04:09,61,Y
8000112,5,52,2024-10-23 13:05:09,54,Y
8000112,5,52,2024-10-23 13:06:09,50,Y
8000112,5,52,2024-10-23 13:07:09,55,Y
8000112,5,52,2024-10-23 13:08:09,55,Y
8000112,5,52,2024-10-23 13:09:09,51,Y
8000112,5,52,2024-10-23 13:10:09,54,Y
8000112,5,52,2024-10-23 13:11:09,57,Y
8000112,5,52,2024-10-23 13:12:09,63,Y
8000112,5,52,2024-10-23 13:13:09,56,Y
8000112,5,52,2024-10-23 13:14:09,55,Y
8000112,5,52,2024-10-23 13:15:09,51,Y
8000112,5,52,2024-10-23 13:16:09,57,Y
8000112,5,52,2024-10-23 13:17:09,57,Y
8000112,5,52,2024-10-23 13:18:09,61,Y
8000112,5,52,2024-10-23 13:19:09,54,Y
8000112,5,52,2024-10-23 13:20:09,51,Y
8000112,5,52,2024-10-23 13:21:09,54,Y
8000112,5,52,2024-10-23 13:22:09,58,Y
8000112,5,52,2024-10-23 13:23:09,59,Y
8000112,5,52,2024-10-23 13:24:09,53,Y
8000112,5,52,2024-10-23 13:25:09,52,Y
8000112,5,52,2024-10-23 13:26:09,57,Y
8000112,5,52,2024-10-23 13:27:09,55,Y
8000112,5,52,2024-10-23 13:28:09,55,Y
8000112,5,52,2024-10-23 13:29:09,57,Y
8000112,5,52,2024-10-23 13:30:09,64,Y
8000112,5,52,2024-10-23 13:31:09,63,Y
8000112,5,52,2024-10-23 13:32:09,61,Y
8000112,5,52,2024-10-23 13:33:09,55,Y
8000112,5,52,2024-10-23 13:34:09,53,Y
8000112,5,52,2024-10-23 13:35:09,51,Y
8000112,5,52,2024-10-23 13:36:09,58,Y
8000112,5,52,2024-10-23 13:37:09,61,Y
8000112,5,52,2024-10-23 13:38:09,57,Y
8000112,5,52,2024-10-23 13:39:09,54,Y
8000112,5,52,2024-10-23 13:40:09,57,Y
8000112,5,52,2024-10-23 13:41:09,57,Y
8000112,5,52,2024-10-23 13:42:09,53,Y
8000112,5,52,2024-10-23 13:43:09,48,Y
8000112,5,52,2024-10-23 13:44:09,53,Y
8000112,5,52,2024-10-23 13:45:09,56,Y
8000112,5,52,2024-10-23 13:46:09,57,Y
8000112,5,52,2024-10-23 13:47:09,56,Y
8000112,5,52,2024-10-23 13:48:09,60,Y
8000112,5,52,2024-10-23 13:49:09,62,Y
8000112,5,52,2024-10-23 13:50:09,66,Y
8000112,5,52,2024-10-23 13:51:09,65,Y
8000112,5,52,2024-10-23 13:52:09,66,Y
8000112,5,52,2024-10-23 13:53:09,62,Y
8000112,5,52,2024-10-23 13:54:09,59,Y
8000112,5,52,2024-10-23 13:55:09,60,Y
8000112,5,52,2024-10-23 13:56:09,59,Y
8000112,5,52,2024-10-23 13:57:09,55,Y
8000112,5,52,2024-10-23 13:58:09,55,Y
8000112,5,52,2024-10-23 13:59:09,59,Y
8000112,5,52,2024-10-23 14:00:09,63,Y
8000112,5,52,2024-10-23 14:01:09,56,Y
8000112,5,52,2024-10-23 14:02:09,57,Y
8000112,5,52,2024-10-23 14:03:09,58,Y
8000112,5,52,2024-10-23 14:04:09,63,Y
8000112,5,52,2024-10-23 14:05:09,60,Y
8000112,5,52,2024-10-23 14:06:09,58,Y
8000112,5,52,2024-10-23 14:07:09,55,Y
8000112,5,52,2024-10-23 14:08:09,53,Y
8000112,5,52,2024-10-23 14:09:09,53,Y
8000112,5,52,2024-10-23 14:10:09,51,Y
8000112,5,52,2024-10-23 14:11:09,55,Y
8000112,5,52,2024-10-23 14:12:09,53,Y
8000112,5,52,2024-10-23 14:13:09,54,Y
8000112,5,52,2024-10-23 14:14:09,54,Y
8000112,5,52,2024-10-23 14:15:09,56,Y
8000112,5,52,2024-10-23 14:16:09,61,Y
8000112,5,52,2024-10-23 14:17:09,60,Y
8000112,5,52,2024-10-23 14:18:09,60,Y
8000112,5,52,2024-10-23 14:19:09,60,Y
8000112,5,52,2024-10-23 14:20:09,58,Y
8000112,5,52,2024-10-23 14:21:09,61,Y
8000112,5,52,2024-10-23 14:22:09,59,Y
8000112,5,52,2024-10-23 14:23:09,60,Y
8000112,5,52,2024-10-23 14:24:09,53,Y
8000112,5,52,2024-10-23 14:25:09,50,Y
8000112,5,52,2024-10-23 14:26:09,51,Y
8000112,5,52,2024-10-23 14:27:09,54,Y
8000112,5,52,2024-10-23 14:28:09,55,Y
8000112,5,52,2024-10-23 14:29:09,52,Y
8000112,5,52,2024-10-23 14:30:09,55,Y
8000112,5,52,2024-10-23 14:31:09,54,Y
8000112,5,52,2024-10-23 14:32:09,59,Y
8000112,5,52,2024-10-23 14:33:09,54,Y
8000113,3,8,2025-08-27 16:14:24,89,Y
8000114,6,30417,2023-09-01 00:16:16,25,Y
8000115,6,5,2025-02-03 10:26:28,97/42,Y
8000115,6,51,2025-02-03 10:26:28,60,Y
8000116,3,31102,2023-01-05 18:09:58,35,Y
8000117,5,14,2025-11-11 00:08:41,702.9,Y
8000118,4,8,2023-08-10 07:55:13,102,Y
8000119,5,5,2023-01-03 19:33:45,79/43,Y
8000119,5,51,2023-01-03 19:33:45,55,Y
8000120,6,52,2025-01-08 16:14:43,62,Y
8000120,6,52,2025-01-08 16:15:43,57,Y
8000120,6,52,2025-01-08 16:16:43,60,Y
8000120,6,52,2025-01-08 16:17:43,61,Y
8000120,6,52,2025-01-08 16:18:43,63,Y
8000120,6,52,2025-01-08 16:19:43,55,Y
8000120,6,52,2025-01-08 16:20:43,57,Y
8000120,6,52,2025-01-08 16:21:43,61,Y
8000120,6,52,2025-01-08 16:22:43,64,Y
8000120,6,52,2025-01-08 16:23:43,57,Y
8000120,6,52,2025-01-08 16:24:43,53,Y
8000120,6,52,2025-01-08 16:25:43,56,Y
8000120,6,52,2025-01-08 16:26:43,57,Y
8000120,6,52,2025-01-08 16:27:43,54,Y
8000120,6,52,2025-01-08 16:28:43,54,Y
8000120,6,52,2025-01-08 16:29:43,55,Y
8000120,6,52,2025-01-08 16:30:43,63,Y
8000120,6,52,2025-01-08 16:31:43,59,Y
8000120,6,52,2025-01-08 16:32:43,60,Y
8000120,6,52,2025-01-08 16:33:43,57,Y
8000120,6,52,2025-01-08 16:34:43,55,Y
8000120,6,52,2025-01-08 16:35:43,56,Y
8000120,6,52,2025-01-08 16:36:43,52,Y
8000120,6,52,2025-01-08 16:37:43,54,Y
8000120,6,52,2025-01-08 16:38:43,49,Y
8000120,6,52,2025-01-08 16:39:43,49,Y
8000120,6,52,2025-01-08 16:40:43,50,Y
8000120,6,52,2025-01-08 16:41:43,49,Y
8000120,6,52,2025-01-08 16:42:43,53,Y
8000120,6,52,2025-01-08 16:43:43,49,Y
8000120,6,52,2025-01-08 16:44:43,56,Y
8000120,6,52,2025-01-08 16:45:43,51,Y
8000120,6,52,2025-01-08 16:46:43,55,Y
8000120,6,52,2025-01-08 16:47:43,56,Y
8000120,6,52,2025-01-08 16:48:43,61,Y
8000120,6,52,2025-01-08 16:49:43,64,Y
8000120,6,52,2025-01-08 16:50:43,60,Y
8000120,6,52,2025-01-08 16:51:43,63,Y
8000120,6,52,2025-01-08 16:52:43,64,Y
8000120,6,52,2025-01-08 16:53:43,68,Y
8000120,6,52,2025-01-08 16:54:43,69,Y
8000120,6,52,2025-01-08 16:55:43,69,Y
8000120,6,52,2025-01-08 16:56:43,66,Y
8000120,6,52,2025-01-08 16:57:43,62,Y
8000120,6,52,2025-01-08 16:58:43,59,Y
8000120,6,52,2025-01-08 16:59:43,56,Y
8000120,6,52,2025-01-08 17:00:43,55,Y
8000120,6,52,2025-01-08 17:01:43,51,Y
8000120,6,52,2025-01-08 17:02:43,54,Y
8000120,6,52,2025-01-08 17:03:43,52,Y
8000120,6,52,2025-01-08 17:04:43,56,Y
8000120,6,52,2025-01-08 17:05:43,56,Y
8000120,6,52,2025-01-08 17:06:43,62,Y
8000120,6,52,2025-01-08 17:07:43,58,Y
8000120,6,52,2025-01-08 17:08:43,55,Y
8000120,6,52,2025-01-08 17:09:43,56,Y
8000120,6,52,2025-01-08 17:10:43,55,Y
8000120,6,52,2025-01-08 17:11:43,55,Y
8000120,6,52,2025-01-08 17:12:43,48,Y
8000120,6,52,2025-01-08 17:13:43,49,Y
8000120,6,52,2025-01-08 17:14:43,50,Y
8000120,6,52,2025-01-08 17:15:43,54,Y
8000120,6,52,2025-01-08 17:16:43,62,Y
8000120,6,52,2025-01-08 17:17:43,61,Y
8000120,6,52,2025-01-08 17:18:43,60,Y
8000120,6,52,2025-01-08 17:19:43,54,Y
8000120,6,52,2025-01-08 17:20:43,57,Y
8000120,6,52,2025-01-08 17:21:43,58,Y
8000120,6,52,2025-01-08 17:22:43,61,Y
8000120,6,52,2025-01-08 17:23:43,60,Y
8000120,6,52,2025-01-08 17:24:43,61,Y
8000120,6,52,2025-01-08 17:25:43,61,Y
8000120,6,52,2025-01-08 17:26:43,58,Y
8000120,6,52,2025-01-08 17:27:43,58,Y
8000120,6,52,2025-01-08 17:28:43,61,Y
8000120,6,52,2025-01-08 17:29:43,65,Y
8000120,6,52,2025-01-08 17:30:43,67,Y
8000120,6,52,2025-01-08 17:31:43,60,Y
8000120,6,52,2025-01-08 17:32:43,59,Y
8000120,6,52,2025-01-08 17:33:43,53,Y
8000120,6,52,2025-01-08 17:34:43,52,Y
8000120,6,52,2025-01-08 17:35:43,46,Y
8000120,6,52,2025-01-08 17:36:43,44,Y
8000120,6,52,2025-01-08 17:37:43,46,Y
8000120,6,52,2025-01-08 17:38:43,47,Y
8000120,6,52,2025-01-08 17:39:43,55,Y
8000120,6,52,2025-01-08 17:40:43,60,Y
8000120,6,52,2025-01-08 17:41:43,60,Y
8000120,6,52,2025-01-08 17:42:43,60,Y
8000120,6,52,2025-01-08 17:43:43,53,Y
8000120,6,52,2025-01-08 17:44:43,53,Y
8000120,6,52,2025-01-08 17:45:43,50,Y
8000120,6,52,2025-01-08 17:46:43,57,Y
8000120,6,52,2025-01-08 17:47:43,62,Y
8000120,6,52,2025-01-08 17:48:43,65,Y
8000120,6,52,2025-01-08 17:49:43,64,Y
8000120,6,52,2025-01-08 17:50:43,60,Y
8000120,6,52,2025-01-08 17:51:43,53,Y
8000120,6,52,2025-01-08 17:52:43,45,Y
8000120,6,52,2025-01-08 17:53:43,45,Y
8000120,6,52,2025-01-08 17:54:43,45,Y
8000120,6,52,2025-01-08 17:55:43,50,Y
8000120,6,52,2025-01-08 17:56:43,51,Y
8000120,6,52,2025-01-08 17:57:43,59,Y
8000120,6,52,2025-01-08 17:58:43,59,Y
8000120,6,52,2025-01-08 17:59:43,65,Y
8000120,6,52,2025-01-08 18:00:43,64,Y
8000120,6,52,2025-01-08 18:01:43,66,Y
8000120,6,52,2025-01-08 18:02:43,58,Y
8000120,6,52,2025-01-08 18:03:43,55,Y
8000120,6,52,2025-01-08 18:04:43,57,Y
8000120,6,52,2025-01-08 18:05:43,62,Y
8000120,6,52,2025-01-08 18:06:43,64,Y
8000120,6,52,2025-01-08 18:07:43,59,Y
8000120,6,52,2025-01-08 18:08:43,58,Y
8000120,6,52,2025-01-08 18:09:43,55,Y
8000120,6,52,2025-01-08 18:10:43,60,Y
8000120,6,52,2025-01-08 18:11:43,63,Y
8000120,6,52,2025-01-08 18:12:43,60,Y
8000120,6,52,2025-01-08 18:13:43,56,Y
8000120,6,52,2025-01-08 18:14:43,49,Y
8000120,6,52,2025-01-08 18:15:43,58,Y
8000120,6,52,2025-01-08 18:16:43,60,Y
8000120,6,52,2025-01-08 18:17:43,68,Y
8000120,6,52,2025-01-08 18:18:43,59,Y
8000120,6,52,2025-01-08 18:19:43,58,Y
8000120,6,52,2025-01-08 18:20:43,51,Y
8000120,6,52,2025-01-08 18:21:43,59,Y
8000120,6,52,2025-01-08 18:22:43,60,Y
8000120,6,52,2025-01-08 18:23:43,64,Y
8000120,6,52,2025-01-08 18:24:43,62,Y
8000120,6,52,2025-01-08 18:25:43,62,Y
8000120,6,52,2025-01-08 18:26:43,60,Y
8000120,6,52,2025-01-08 18:27:43,62,Y
8000120,6,52,2025-01-08 18:28:43,59,Y
8000120,6,52,2025-01-08 18:29:43,58,Y
8000120,6,52,2025-01-08 18:30:43,55,Y
8000120,6,52,2025-01-08 18:31:43,58,Y
8000120,6,52,2025-01-08 18:32:43,62,Y
8000120,6,52,2025-01-08 18:33:43,60,Y
8000120,6,52,2025-01-08 18:34:43,62,Y
8000120,6,52,2025-01-08 18:35:43,59,Y
8000120,6,52,2025-01-08 18:36:43,60,Y
8000120,6,52,2025-01-08 18:37:43,59,Y
8000120,6,52,2025-01-08 18:38:43,54,Y
8000120,6,52,2025-01-08 18:39:43,51,Y
8000120,6,52,2025-01-08 18:40:43,47,Y
8000120,6,52,2025-01-08 18:41:43,49,Y
8000120,6,52,2025-01-08 18:42:43,53,Y
8000120,6,52,2025-01-08 18:43:43,52,Y
8000120,6,52,2025-01-08 18:44:43,56,Y
8000120,6,52,2025-01-08 18:45:43,55,Y
8000120,6,52,2025-01-08 18:46:43,55,Y
8000120,6,52,2025-01-08 18:47:43,55,Y
8000120,6,52,2025-01-08 18:48:43,55,Y
8000120,6,52,2025-01-08 18:49:43,56,Y
8000120,6,52,2025-01-08 18:50:43,58,Y
8000120,6,52,2025-01-08 18:51:43,57,Y
8000120,6,52,2025-01-08 18:52:43,55,Y
8000120,6,52,2025-01-08 18:53:43,56,Y
8000120,6,52,2025-01-08 18:54:43,57,Y
8000120,6,52,2025-01-08 18:55:43,55,Y
8000120,6,52,2025-01-08 18:56:43,49,Y
8000120,6,52,2025-01-08 18:57:43,52,Y
8000120,6,52,2025-01-08 18:58:43,61,Y
8000120,6,52,2025-01-08 18:59:43,63,Y
8000120,6,52,2025-01-08 19:00:43,61,Y
8000120,6,52,2025-01-08 19:01:43,56,Y
8000120,6,52,2025-01-08 19:02:43,55,Y
8000120,6,52,2025-01-08 19:03:43,51,Y
8000120,6,52,2025-01-08 19:04:43,49,Y
8000120,6,52,2025-01-08 19:05:43,49,Y
8000120,6,52,2025-01-08 19:06:43,53,Y
8000120,6,52,2025-01-08 19:07:43,59,Y
8000120,6,52,2025-01-08 19:08:43,61,Y
8000120,6,52,2025-01-08 19:09:43,64,Y
8000120,6,52,2025-01-08 19:10:43,58,Y
8000120,6,52,2025-01-08 19:11:43,61,Y
8000120,6,52,2025-01-08 19:12:43,54,Y
8000120,6,52,2025-01-08 19:13:43,55,Y
8000120,6,52,2025-01-08 19:14:43,51,Y
8000120,6,52,2025-01-08 19:15:43,54,Y
8000120,6,52,2025-01-08 19:16:43,54,Y
8000120,6,52,2025-01-08 19:17:43,59,Y
8000120,6,52,2025-01-08 19:18:43,56,Y
8000120,6,52,2025-01-08 19:19:43,53,Y
8000120,6,52,2025-01-08 19:20:43,47,Y
8000120,6,52,2025-01-08 19:21:43,48,Y
8000120,6,52,2025-01-08 19:22:43,53,Y
8000120,6,52,2025-01-08 19:23:43,53,Y
8000120,6,52,2025-01-08 19:24:43,58,Y
8000120,6,52,2025-01-08 19:25:43,55,Y
8000120,6,52,2025-01-08 19:26:43,60,Y
8000120,6,52,2025-01-08 19:27:43,55,Y
8000120,6,52,2025-01-08 19:28:43,60,Y
8000120,6,52,2025-01-08 19:29:43,54,Y
8000120,6,7,2025-01-08 18:06:39,4,Y
8000121,5,8,2024-02-07 09:44:17,100,Y
8000122,4,10,2025-01-15 19:01:16,99,Y
8000123,5,7,2025-11-28 02:52:26,4,Y
8000124,6,31102,2023-01-31 21:53:48,18,Y
8000125,1,10,2025-02-09 14:31:43,100,Y
8000126,5,10,2024-09-24 11:38:51,100,Y
8000126,5,52,2024-09-24 10:40:17,60,Y
8000126,5,52,2024-09-24 10:41:17,55,Y
8000126,5,52,2024-09-24 10:42:17,49,Y
8000126,5,52,2024-09-24 10:43:17,54,Y
8000126,5,52,2024-09-24 10:44:17,60,Y
8000126,5,52,2024-09-24 10:45:17,70,Y
8000126,5,52,2024-09-24 10:46:17,64,Y
8000126,5,52,2024-09-24 10:47:17,58,Y
8000126,5,52,2024-09-24 10:48:17,51,Y
8000126,5,52,2024-09-24 10:49:17,54,Y
8000126,5,52,2024-09-24 10:50:17,53,Y
8000126,5,52,2024-09-24 10:51:17,59,Y
8000126,5,52,2024-09-24 10:52:17,55,Y
8000126,5,52,2024-09-24 10:53:17,61,Y
8000126,5,52,2024-09-24 10:54:17,52,Y
8000126,5,52,2024-09-24 10:55:17,61,Y
8000126,5,52,2024-09-24 10:56:17,63,Y
8000126,5,52,2024-09-24 10:57:17,64,Y
8000126,5,52,2024-09-24 10:58:17,54,Y
8000126,5,52,2024-09-24 10:59:17,54,Y
8000126,5,52,2024-09-24 11:00:17,58,Y
8000126,5,52,2024-09-24 11:01:17,62,Y
8000126,5,52,2024-09-24 11:02:17,56,Y
8000126,5,52,2024-09-24 11:03:17,57,Y
8000126,5,52,2024-09-24 11:04:17,62,Y
8000126,5,52,2024-09-24 11:05:17,66,Y
8000126,5,52,2024-09-24 11:06:17,64,Y
8000126,5,52,2024-09-24 11:07:17,63,Y
8000126,5,52,2024-09-24 11:08:17,66,Y
8000126,5,52,2024-09-24 11:09:17,64,Y
8000126,5,52,2024-09-24 11:10:17,55,Y
8000126,5,52,2024-09-24 11:11:17,48,Y
8000126,5,52,2024-09-24 11:12:17,56,Y
8000126,5,52,2024-09-24 11:13:17,57,Y
8000126,5,52,2024-09-24 11:14:17,63,Y
8000126,5,52,2024-09-24 11:15:17,54,Y
8000126,5,52,2024-09-24 11:16:17,51,Y
8000126,5,52,2024-09-24 11:17:17,49,Y
8000126,5,52,2024-09-24 11:18:17,49,Y
8000126,5,52,2024-09-24 11:19:17,59,Y
8000126,5,52,2024-09-24 11:20:17,57,Y
8000126,5,52,2024-09-24 11:21:17,58,Y
8000126,5,52,2024-09-24 11:22:17,58,Y
8000126,5,52,2024-09-24 11:23:17,64,Y
8000126,5,52,2024-09-24 11:24:17,60,Y
8000126,5,52,2024-09-24 11:25:17,61,Y
8000126,5,52,2024-09-24 11:26:17,53,Y
8000126,5,52,2024-09-24 11:27:17,64,Y
8000126,5,52,2024-09-24 11:28:17,63,Y
8000126,5,52,2024-09-24 11:29:17,68,Y
8000126,5,52,2024-09-24 11:30:17,62,Y
8000126,5,52,2024-09-24 11:31:17,63,Y
8000126,5,52,2024-09-24 11:32:17,60,Y
8000126,5,52,2024-09-24 11:33:17,63,Y
8000126,5,52,2024-09-24 11:34:17,60,Y
8000126,5,52,2024-09-24 11:35:17,62,Y
8000126,5,52,2024-09-24 11:36:17,62,Y
8000126,5,52,2024-09-24 11:37:17,61,Y
8000126,5,52,2024-09-24 11:38:17,64,Y
8000126,5,52,2024-09-24 11:39:17,56,Y
8000126,5,52,2024-09-24 11:40:17,53,Y
8000126,5,52,2024-09-24 11:41:17,49,Y
8000126,5,52,2024-09-24 11:42:17,53,Y
8000126,5,52,2024-09-24 11:43:17,52,Y
8000126,5,52,2024-09-24 11:44:17,57,Y
8000126,5,52,2024-09-24 11:45:17,56,Y
8000126,5,52,2024-09-24 11:46:17,58,Y
8000126,5,52,2024-09-24 11:47:17,57,Y
8000126,5,52,2024-09-24 11:48:17,61,Y
8000126,5,52,2024-09-24 11:49:17,65,Y
8000126,5,52,2024-09-24 11:50:17,63,Y
8000126,5,52,2024-09-24 11:51:17,66,Y
8000126,5,52,2024-09-24 11:52:17,67,Y
8000126,5,52,2024-09-24 11:53:17,64,Y
8000126,5,52,2024-09-24 11:54:17,62,Y
8000126,5,52,2024-09-24 11:55:17,55,Y
8000126,5,52,2024-09-24 11:56:17,62,Y
8000126,5,52,2024-09-24 11:57:17,53,Y
8000126,5,52,2024-09-24 11:58:17,60,Y
8000126,5,52,2024-09-24 11:59:17,61,Y
8000126,5,52,2024-09-24 12:00:17,66,Y
8000126,5,52,2024-09-24 12:01:17,61,Y
8000126,5,52,2024-09-24 12:02:17,55,Y
8000126,5,52,2024-09-24 12:03:17,58,Y
8000126,5,52,2024-09-24 12:04:17,56,Y
8000126,5,52,2024-09-24 12:05:17,55,Y
8000126,5,52,2024-09-24 12:06:17,58,Y
8000126,5,52,2024-09-24 12:07:17,61,Y
8000126,5,52,2024-09-24 12:08:17,57,Y
8000126,5,52,2024-09-24 12:09:17,57,Y
8000126,5,52,2024-09-24 12:10:17,52,Y
8000126,5,52,2024-09-24 12:11:17,55,Y
8000126,5,52,2024-09-24 12:12:17,53,Y
8000126,5,52,2024-09-24 12:13:17,60,Y
8000126,5,52,2024-09-24 12:14:17,56,Y
8000126,5,52,2024-09-24 12:15:17,51,Y
8000126,5,52,2024-09-24 12:16:17,49,Y
8000126,5,52,2024-09-24 12:17:17,55,Y
8000126,5,52,2024-09-24 12:18:17,58,Y
8000126,5,52,2024-09-24 12:19:17,59,Y
8000126,5,52,2024-09-24 12:20:17,59,Y
8000126,5,52,2024-09-24 12:21:17,62,Y
8000126,5,52,2024-09-24 12:22:17,66,Y
8000126,5,52,2024-09-24 12:23:17,63,Y
8000126,5,52,2024-09-24 12:24:17,65,Y
8000126,5,52,2024-09-24 12:25:17,60,Y
8000126,5,52,2024-09-24 12:26:17,60,Y
8000126,5,52,2024-09-24 12:27:17,57,Y
8000126,5,52,2024-09-24 12:28:17,57,Y
8000126,5,52,2024-09-24 12:29:17,65,Y
8000126,5,52,2024-09-24 12:30:17,69,Y
8000126,5,52,2024-09-24 12:31:17,71,Y
8000126,5,52,2024-09-24 12:32:17,69,Y
8000126,5,52,2024-09-24 12:33:17,65,Y
8000126,5,52,2024-09-24 12:34:17,65,Y
8000126,5,52,2024-09-24 12:35:17,59,Y
8000126,5,52,2024-09-24 12:36:17,55,Y
8000126,5,52,2024-09-24 12:37:17,55,Y
8000126,5,52,2024-09-24 12:38:17,60,Y
8000126,5,52,2024-09-24 12:39:17,66,Y
8000126,5,52,2024-09-24 12:40:17,64,Y
8000127,1,7,2025-04-30 06:55:12,9,Y
8000128,4,30418,2023-04-15 19:07:59,32,Y
8000129,1,52,2025-01-02 20:30:19,52,Y
8000129,1,52,2025-01-02 20:31:19,47,Y
8000129,1,52,2025-01-02 20:32:19,46,Y
8000129,1,52,2025-01-02 20:33:19,51,Y
8000129,1,52,2025-01-02 20:34:19,58,Y
8000129,1,52,2025-01-02 20:35:19,57,Y
8000129,1,52,2025-01-02 20:36:19,54,Y
8000129,1,52,2025-01-02 20:37:19,49,Y
8000129,1,52,2025-01-02 20:38:19,56,Y
8000129,1,52,2025-01-02 20:39:19,53,Y
8000129,1,52,2025-01-02 20:40:19,54,Y
8000129,1,52,2025-01-02 20:41:19,55,Y
8000129,1,52,2025-01-02 20:42:19,54,Y
8000129,1,52,2025-01-02 20:43:19,51,Y
8000129,1,52,2025-01-02 20:44:19,47,Y
8000129,1,52,2025-01-02 20:45:19,50,Y
8000129,1,52,2025-01-02 20:46:19,54,Y
8000129,1,52,2025-01-02 20:47:19,51,Y
8000129,1,52,2025-01-02 20:48:19,53,Y
8000129,1,52,2025-01-02 20:49:19,54,Y
8000129,1,52,2025-01-02 20:50:19,62,Y
8000129,1,52,2025-01-02 20:51:19,64,Y
8000129,1,52,2025-01-02 20:52:19,66,Y
8000129,1,52,2025-01-02 20:53:19,66,Y
8000129,1,52,2025-01-02 20:54:19,60,Y
8000129,1,52,2025-01-02 20:55:19,58,Y
8000129,1,52,2025-01-02 20:56:19,56,Y
8000129,1,52,2025-01-02 20:57:19,59,Y
8000129,1,52,2025-01-02 20:58:19,59,Y
8000129,1,52,2025-01-02 20:59:19,57,Y
8000129,1,52,2025-01-02 21:00:19,59,Y
8000129,1,52,2025-01-02 21:01:19,53,Y
8000129,1,52,2025-01-02 21:02:19,56,Y
8000129,1,52,2025-01-02 21:03:19,52,Y
8000129,1,52,2025-01-02 21:04:19,53,Y
8000129,1,52,2025-01-02 21:05:19,47,Y
8000129,1,52,2025-01-02 21:06:19,44,Y
8000129,1,52,2025-01-02 21:07:19,44,Y
8000129,1,52,2025-01-02 21:08:19,51,Y
8000129,1,52,2025-01-02 21:09:19,57,Y
8000129,1,52,2025-01-02 21:10:19,63,Y
8000129,1,52,2025-01-02 21:11:19,57,Y
8000129,1,52,2025-01-02 21:12:19,57,Y
8000129,1,52,2025-01-02 21:13:19,58,Y
8000129,1,52,2025-01-02 21:14:19,61,Y
8000129,1,52,2025-01-02 21:15:19,62,Y
8000129,1,52,2025-01-02 21:16:19,55,Y
8000129,1,52,2025-01-02 21:17:19,53,Y
8000129,1,52,2025-01-02 21:18:19,47,Y
8000129,1,52,2025-01-02 21:19:19,45,Y
8000129,1,52,2025-01-02 21:20:19,48,Y
8000129,1,52,2025-01-02 21:21:19,49,Y
8000129,1,52,2025-01-02 21:22:19,51,Y
8000129,1,52,2025-01-02 21:23:19,48,Y
8000129,1,52,2025-01-02 21:24:19,47,Y
8000129,1,52,2025-01-02 21:25:19,53,Y
8000129,1,52,2025-01-02 21:26:19,53,Y
8000129,1,52,2025-01-02 21:27:19,61,Y
8000129,1,52,2025-01-02 21:28:19,57,Y
8000129,1,52,2025-01-02 21:29:19,54,Y
8000129,1,52,2025-01-02 21:30:19,54,Y
8000129,1,52,2025-01-02 21:31:19,56,Y
8000129,1,52,2025-01-02 21:32:19,58,Y
8000129,1,52,2025-01-02 21:33:19,50,Y
8000129,1,52,2025-01-02 21:34:19,50,Y
8000129,1,52,2025-01-02 21:35:19,52,Y
8000129,1,52,2025-01-02 21:36:19,53,Y
8000129,1,52,2025-01-02 21:37:19,52,Y
8000129,1,52,2025-01-02 21:38:19,57,Y
8000129,1,52,2025-01-02 21:39:19,63,Y
8000129,1,52,2025-01-02 21:40:19,61,Y
8000129,1,7,2025-01-02 20:52:35,39,Y
8000130,6,14,2023-02-12 06:56:41,604.7,Y
8000131,4,14,2024-04-03 21:25:10,1630.6,Y
8000132,6,8,2024-07-17 00:12:54,77,Y
8000133,4,31102,2024-01-19 20:11:33,39,Y
8000134,1,31102,2025-05-22 22:03:26,9,Y
8000135,5,52,2025-11-06 21:26:30,59,Y
8000135,5,52,2025-11-06 21:27:30,61,Y
8000135,5,52,2025-11-06 21:28:30,59,Y
8000135,5,52,2025-11-06 21:29:30,64,Y
8000135,5,52,2025-11-06 21:30:30,62,Y
8000135,5,52,2025-11-06 21:31:30,66,Y
8000135,5,52,2025-11-06 21:32:30,58,Y
8000135,5,52,2025-11-06 21:33:30,58,Y
8000135,5,52,2025-11-06 21:34:30,59,Y
8000135,5,52,2025-11-06 21:35:30,59,Y
8000135,5,52,2025-11-06 21:36:30,56,Y
8000135,5,52,2025-11-06 21:37:30,52,Y
8000135,5,52,2025-11-06 21:38:30,58,Y
8000135,5,52,2025-11-06 21:39:30,57,Y
8000135,5,52,2025-11-06 21:40:30,60,Y
8000135,5,52,2025-11-06 21:41:30,53,Y
8000135,5,52,2025-11-06 21:42:30,54,Y
8000135,5,52,2025-11-06 21:43:30,50,Y
8000135,5,52,2025-11-06 21:44:30,52,Y
8000135,5,52,2025-11-06 21:45:30,51,Y
8000135,5,52,2025-11-06 21:46:30,57,Y
8000135,5,52,2025-11-06 21:47:30,57,Y
8000135,5,52,2025-11-06 21:48:30,61,Y
8000135,5,52,2025-11-06 21:49:30,52,Y
8000135,5,52,2025-11-06 21:50:30,53,Y
8000135,5,52,2025-11-06 21:51:30,50,Y
8000135,5,52,2025-11-06 21:52:30,56,Y
8000135,5,52,2025-11-06 21:53:30,54,Y
8000135,5,52,2025-11-06 21:54:30,53,Y
8000135,5,52,2025-11-06 21:55:30,50,Y
8000135,5,52,2025-11-06 21:56:30,54,Y
8000135,5,52,2025-11-06 21:57:30,52,Y
8000135,5,52,2025-11-06 21:58:30,55,Y
8000135,5,52,2025-11-06 21:59:30,53,Y
8000135,5,52,2025-11-06 22:00:30,56,Y
8000135,5,52,2025-11-06 22:01:30,52,Y
8000135,5,52,2025-11-06 22:02:30,57,Y
8000135,5,52,2025-11-06 22:03:30,54,Y
8000135,5,52,2025-11-06 22:04:30,55,Y
8000135,5,52,2025-11-06 22:05:30,55,Y
8000135,5,52,2025-11-06 22:06:30,57,Y
8000135,5,52,2025-11-06 22:07:30,63,Y
8000135,5,52,2025-11-06 22:08:30,58,Y
8000135,5,52,2025-11-06 22:09:30,55,Y
8000135,5,52,2025-11-06 22:10:30,47,Y
8000135,5,52,2025-11-06 22:11:30,52,Y
8000135,5,52,2025-11-06 22:12:30,57,Y
8000135,5,52,2025-11-06 22:13:30,59,Y
8000135,5,52,2025-11-06 22:14:30,51,Y
8000135,5,52,2025-11-06 22:15:30,49,Y
8000135,5,52,2025-11-06 22:16:30,54,Y
8000135,5,52,2025-11-06 22:17:30,58,Y
8000135,5,52,2025-11-06 22:18:30,62,Y
8000135,5,52,2025-11-06 22:19:30,62,Y
8000135,5,52,2025-11-06 22:20:30,59,Y
8000135,5,52,2025-11-06 22:21:30,52,Y
8000135,5,52,2025-11-06 22:22:30,54,Y
8000135,5,52,2025-11-06 22:23:30,61,Y
8000135,5,52,2025-11-06 22:24:30,61,Y
8000135,5,52,2025-11-06 22:25:30,58,Y
8000135,5,52,2025-11-06 22:26:30,54,Y
8000135,5,52,2025-11-06 22:27:30,56,Y
8000135,5,52,2025-11-06 22:28:30,51,Y
8000135,5,52,2025-11-06 22:29:30,50,Y
8000135,5,52,2025-11-06 22:30:30,47,Y
8000135,5,52,2025-11-06 22:31:30,48,Y
8000135,5,52,2025-11-06 22:32:30,54,Y
8000135,5,52,2025-11-06 22:33:30,62,Y
8000135,5,52,2025-11-06 22:34:30,66,Y
8000135,5,52,2025-11-06 22:35:30,60,Y
8000135,5,52,2025-11-06 22:36:30,55,Y
8000135,5,52,2025-11-06 22:37:30,55,Y
8000135,5,52,2025-11-06 22:38:30,54,Y
8000135,5,52,2025-11-06 22:39:30,59,Y
8000135,5,52,2025-11-06 22:40:30,53,Y
8000135,5,52,2025-11-06 22:41:30,53,Y
8000135,5,52,2025-11-06 22:42:30,50,Y
8000135,5,52,2025-11-06 22:43:30,54,Y
8000135,5,52,2025-11-06 22:44:30,53,Y
8000135,5,52,2025-11-06 22:45:30,56,Y
8000135,5,52,2025-11-06 22:46:30,57,Y
8000135,5,52,2025-11-06 22:47:30,64,Y
8000135,5,52,2025-11-06 22:48:30,57,Y
8000135,5,52,2025-11-06 22:49:30,55,Y
8000135,5,52,2025-11-06 22:50:30,51,Y
8000135,5,52,2025-11-06 22:51:30,59,Y
8000135,5,52,2025-11-06 22:52:30,62,Y
8000135,5,52,2025-11-06 22:53:30,61,Y
8000135,5,52,2025-11-06 22:54:30,59,Y
8000135,5,52,2025-11-06 22:55:30,57,Y
8000135,5,52,2025-11-06 22:56:30,60,Y
8000135,5,52,2025-11-06 22:57:30,54,Y
8000135,5,52,2025-11-06 22:58:30,57,Y
8000135,5,52,2025-11-06 22:59:30,57,Y
8000135,5,52,2025-11-06 23:00:30,58,Y
8000135,5,52,2025-11-06 23:01:30,58,Y
8000135,5,52,2025-11-06 23:02:30,54,Y
8000135,5,52,2025-11-06 23:03:30,56,Y
8000135,5,52,2025-11-06 23:04:30,57,Y
8000135,5,52,2025-11-06 23:05:30,55,Y
8000135,5,52,2025-11-06 23:06:30,55,Y
8000135,5,52,2025-11-06 23:07:30,52,Y
8000135,5,52,2025-11-06 23:08:30,53,Y
8000135,5,52,2025-11-06 23:09:30,57,Y
8000135,5,52,2025-11-06 23:10:30,54,Y
8000135,5,52,2025-11-06 23:11:30,57,Y
8000135,5,52,2025-11-06 23:12:30,57,Y
8000135,5,52,2025-11-06 23:13:30,61,Y
8000135,5,52,2025-11-06 23:14:30,58,Y
8000135,5,52,2025-11-06 23:15:30,56,Y
8000135,5,52,2025-11-06 23:16:30,53,Y
8000135,5,52,2025-11-06 23:17:30,55,Y
8000135,5,52,2025-11-06 23:18:30,53,Y
8000135,5,52,2025-11-06 23:19:30,58,Y
8000135,5,52,2025-11-06 23:20:30,59,Y
8000135,5,52,2025-11-06 23:21:30,60,Y
8000135,5,52,2025-11-06 23:22:30,56,Y
8000135,5,52,2025-11-06 23:23:30,57,Y
8000135,5,52,2025-11-06 23:24:30,59,Y
8000135,5,52,2025-11-06 23:25:30,59,Y
8000135,5,52,2025-11-06 23:26:30,57,Y
8000135,5,52,2025-11-06 23:27:30,56,Y
8000135,5,52,2025-11-06 23:28:30,55,Y
8000135,5,52,2025-11-06 23:29:30,56,Y
8000135,5,52,2025-11-06 23:30:30,52,Y
8000135,5,52,2025-11-06 23:31:30,59,Y
8000135,5,52,2025-11-06 23:32:30,59,Y
8000135,5,52,2025-11-06 23:33:30,65,Y
8000135,5,52,2025-11-06 23:34:30,63,Y
8000135,5,52,2025-11-06 23:35:30,61,Y
8000135,5,52,2025-11-06 23:36:30,61,Y
8000135,5,52,2025-11-06 23:37:30,65,Y
8000135,5,52,2025-11-06 23:38:30,62,Y
8000135,5,52,2025-11-06 23:39:30,58,Y
8000135,5,52,2025-11-06 23:40:30,56,Y
8000135,5,52,2025-11-06 23:41:30,53,Y
8000135,5,52,2025-11-06 23:42:30,54,Y
8000135,5,52,2025-11-06 23:43:30,48,Y
8000135,5,52,2025-11-06 23:44:30,55,Y
8000135,5,52,2025-11-06 23:45:30,54,Y
8000135,5,52,2025-11-06 23:46:30,55,Y
8000135,5,52,2025-11-06 23:47:30,50,Y
8000135,5,52,2025-11-06 23:48:30,51,Y
8000135,5,52,2025-11-06 23:49:30,52,Y
8000135,5,52,2025-11-06 23:50:30,58,Y
8000135,5,52,2025-11-06 23:51:30,62,Y
8000135,5,52,2025-11-06 23:52:30,60,Y
8000135,5,52,2025-11-06 23:53:30,55,Y
8000135,5,52,2025-11-06 23:54:30,51,Y
8000135,5,52,2025-11-06 23:55:30,56,Y
8000135,5,52,2025-11-06 23:56:30,59,Y
8000135,5,52,2025-11-06 23:57:30,56,Y
8000135,5,52,2025-11-06 23:58:30,58,Y
8000135,5,52,2025-11-06 23:59:30,53,Y
8000135,5,52,2025-11-07 00:00:30,56,Y
8000135,5,52,2025-11-07 00:01:30,51,Y
8000135,5,52,2025-11-07 00:02:30,58,Y
8000135,5,52,2025-11-07 00:03:30,54,Y
8000135,5,52,2025-11-07 00:04:30,58,Y
8000135,5,52,2025-11-07 00:05:30,55,Y
8000135,5,52,2025-11-07 00:06:30,59,Y
8000135,5,52,2025-11-07 00:07:30,55,Y
8000135,5,52,2025-11-07 00:08:30,55,Y
8000135,5,52,2025-11-07 00:09:30,52,Y
8000135,5,52,2025-11-07 00:10:30,56,Y
8000135,5,52,2025-11-07 00:11:30,57,Y
8000135,5,52,2025-11-07 00:12:30,64,Y
8000135,5,52,2025-11-07 00:13:30,59,Y
8000135,5,52,2025-11-07 00:14:30,59,Y
8000135,5,52,2025-11-07 00:15:30,51,Y
8000135,5,52,2025-11-07 00:16:30,56,Y
8000135,5,52,2025-11-07 00:17:30,57,Y
8000135,5,52,2025-11-07 00:18:30,64,Y
8000135,5,52,2025-11-07 00:19:30,58,Y
8000135,5,52,2025-11-07 00:20:30,57,Y
8000135,5,52,2025-11-07 00:21:30,59,Y
8000135,5,52,2025-11-07 00:22:30,62,Y
8000135,5,52,2025-11-07 00:23:30,60,Y
8000135,5,52,2025-11-07 00:24:30,54,Y
8000135,5,52,2025-11-07 00:25:30,56,Y
8000135,5,52,2025-11-07 00:26:30,61,Y
8000135,5,52,2025-11-07 00:27:30,65,Y
8000135,5,52,2025-11-07 00:28:30,65,Y
8000135,5,52,2025-11-07 00:29:30,66,Y
8000135,5,52,2025-11-07 00:30:30,60,Y
8000135,5,52,2025-11-07 00:31:30,57,Y
8000135,5,52,2025-11-07 00:32:30,56,Y
8000135,5,52,2025-11-07 00:33:30,56,Y
8000135,5,52,2025-11-07 00:34:30,57,Y
8000135,5,52,2025-11-07 00:35:30,49,Y
8000135,5,52,2025-11-07 00:36:30,56,Y
8000135,5,52,2025-11-07 00:37:30,54,Y
8000135,5,52,2025-11-07 00:38:30,59,Y
8000135,5,52,2025-11-07 00:39:30,58,Y
8000135,5,52,2025-11-07 00:40:30,64,Y
8000135,5,52,2025-11-07 00:41:30,60,Y
8000135,5,7,2025-11-07 00:22:00,37,Y
8000136,2,30417,2024-10-17 17:56:08,15,Y
8000137,2,31102,2023-02-28 22:41:29,6,Y
8000138,5,10,2025-01-01 22:59:19,98,Y
8000138,5,52,2025-01-01 22:37:54,68,Y
8000138,5,52,2025-01-01 22:38:54,64,Y
8000138,5,52,2025-01-01 22:39:54,68,Y
8000138,5,52,2025-01-01 22:40:54,67,Y
8000138,5,52,2025-01-01 22:41:54,70,Y
8000138,5,52,2025-01-01 22:42:54,70,Y
8000138,5,52,2025-01-01 22:43:54,72,Y
8000138,5,52,2025-01-01 22:44:54,71,Y
8000138,5,52,2025-01-01 22:45:54,66,Y
8000138,5,52,2025-01-01 22:46:54,66,Y
8000138,5,52,2025-01-01 22:47:54,67,Y
8000138,5,52,2025-01-01 22:48:54,67,Y
8000138,5,52,2025-01-01 22:49:54,69,Y
8000138,5,52,2025-01-01 22:50:54,63,Y
8000138,5,52,2025-01-01 22:51:54,70,Y
8000138,5,52,2025-01-01 22:52:54,71,Y
8000138,5,52,2025-01-01 22:53:54,72,Y
8000138,5,52,2025-01-01 22:54:54,66,Y
8000138,5,52,2025-01-01 22:55:54,62,Y
8000138,5,52,2025-01-01 22:56:54,61,Y
8000138,5,52,2025-01-01 22:57:54,61,Y
8000138,5,52,2025-01-01 22:58:54,64,Y
8000138,5,52,2025-01-01 22:59:54,67,Y
8000138,5,52,2025-01-01 23:00:54,72,Y
8000138,5,52,2025-01-01 23:01:54,74,Y
8000138,5,52,2025-01-01 23:02:54,74,Y
8000138,5,52,2025-01-01 23:03:54,73,Y
8000138,5,52,2025-01-01 23:04:54,70,Y
8000138,5,52,2025-01-01 23:05:54,68,Y
8000138,5,52,2025-01-01 23:06:54,65,Y
8000138,5,52,2025-01-01 23:07:54,62,Y
8000138,5,52,2025-01-01 23:08:54,63,Y
8000138,5,52,2025-01-01 23:09:54,66,Y
8000138,5,52,2025-01-01 23:10:54,65,Y
8000138,5,52,2025-01-01 23:11:54,67,Y
8000138,5,52,2025-01-01 23:12:54,67,Y
8000138,5,52,2025-01-01 23:13:54,72,Y
8000138,5,52,2025-01-01 23:14:54,73,Y
8000138,5,52,2025-01-01 23:15:54,67,Y
8000138,5,52,2025-01-01 23:16:54,68,Y
8000138,5,52,2025-01-01 23:17:54,64,Y
8000138,5,52,2025-01-01 23:18:54,62,Y
8000138,5,52,2025-01-01 23:19:54,58,Y
8000138,5,52,2025-01-01 23:20:54,59,Y
8000138,5,52,2025-01-01 23:21:54,60,Y
8000138,5,52,2025-01-01 23:22:54,68,Y
8000138,5,52,2025-01-01 23:23:54,70,Y
8000138,5,52,2025-01-01 23:24:54,68,Y
8000138,5,52,2025-01-01 23:25:54,63,Y
8000138,5,52,2025-01-01 23:26:54,59,Y
8000138,5,52,2025-01-01 23:27:54,60,Y
8000138,5,52,2025-01-01 23:28:54,57,Y
8000138,5,52,2025-01-01 23:29:54,65,Y
8000138,5,52,2025-01-01 23:30:54,65,Y
8000138,5,52,2025-01-01 23:31:54,69,Y
8000138,5,52,2025-01-01 23:32:54,68,Y
8000138,5,52,2025-01-01 23:33:54,69,Y
8000138,5,52,2025-01-01 23:34:54,72,Y
8000138,5,52,2025-01-01 23:35:54,66,Y
8000138,5,52,2025-01-01 23:36:54,71,Y
8000138,5,52,2025-01-01 23:37:54,68,Y
8000138,5,52,2025-01-01 23:38:54,71,Y
8000138,5,52,2025-01-01 23:39:54,65,Y
8000138,5,52,2025-01-01 23:40:54,69,Y
8000138,5,52,2025-01-01 23:41:54,67,Y
8000138,5,52,2025-01-01 23:42:54,69,Y
8000138,5,52,2025-01-01 23:43:54,68,Y
8000138,5,52,2025-01-01 23:44:54,70,Y
8000138,5,52,2025-01-01 23:45:54,67,Y
8000138,5,52,2025-01-01 23:46:54,63,Y
8000138,5,52,2025-01-01 23:47:54,64,Y
8000138,5,52,2025-01-01 23:48:54,63,Y
8000138,5,52,2025-01-01 23:49:54,60,Y
8000138,5,52,2025-01-01 23:50:54,58,Y
8000138,5,52,2025-01-01 23:51:54,61,Y
8000138,5,52,2025-01-01 23:52:54,68,Y
8000138,5,52,2025-01-01 23:53:54,69,Y
8000138,5,52,2025-01-01 23:54:54,67,Y
8000138,5,52,2025-01-01 23:55:54,66,Y
8000138,5,52,2025-01-01 23:56:54,67,Y
8000138,5,52,2025-01-01 23:57:54,72,Y
8000138,5,52,2025-01-01 23:58:54,67,Y
8000138,5,52,2025-01-01 23:59:54,68,Y
8000138,5,52,2025-01-02 00:00:54,68,Y
8000138,5,52,2025-01-02 00:01:54,77,Y
8000138,5,52,2025-01-02 00:02:54,75,Y
8000138,5,52,2025-01-02 00:03:54,67,Y
8000138,5,52,2025-01-02 00:04:54,58,Y
8000138,5,52,2025-01-02 00:05:54,58,Y
8000138,5,52,2025-01-02 00:06:54,62,Y
8000138,5,52,2025-01-02 00:07:54,67,Y
8000138,5,52,2025-01-02 00:08:54,67,Y
8000138,5,52,2025-01-02 00:09:54,67,Y
8000138,5,52,2025-01-02 00:10:54,67,Y
8000138,5,52,2025-01-02 00:11:54,67,Y
8000138,5,52,2025-01-02 00:12:54,63,Y
8000138,5,52,2025-01-02 00:13:54,63,Y
8000138,5,52,2025-01-02 00:14:54,68,Y
8000138,5,52,2025-01-02 00:15:54,74,Y
8000138,5,52,2025-01-02 00:16:54,75,Y
8000138,5,52,2025-01-02 00:17:54,68,Y
8000138,5,52,2025-01-02 00:18:54,68,Y
8000138,5,52,2025-01-02 00:19:54,65,Y
8000138,5,52,2025-01-02 00:20:54,65,Y
8000138,5,52,2025-01-02 00:21:54,59,Y
8000138,5,52,2025-01-02 00:22:54,65,Y
8000139,4,7,2025-05-08 20:05:20,18,Y
8000140,4,30418,2025-05-11 17:00:48,34,Y
8000141,6,7,2024-10-13 09:33:44,22,Y
8000142,4,5,2023-01-10 18:27:29,83/38,Y
8000142,4,51,2023-01-10 18:27:29,53,Y
8000143,1,30417,2024-07-22 19:07:13,16,Y
8000144,5,7,2024-02-28 18:41:15,17,Y
8000145,2,31102,2024-05-29 02:27:11,32,Y
8000146,5,7,2023-04-06 09:01:16,12,Y
8000147,5,52,2024-05-11 20:55:27,50,Y
8000147,5,52,2024-05-11 20:56:27,47,Y
8000147,5,52,2024-05-11 20:57:27,50,Y
8000147,5,52,2024-05-11 20:58:27,55,Y
8000147,5,52,2024-05-11 20:59:27,55,Y
8000147,5,52,2024-05-11 21:00:27,56,Y
8000147,5,52,2024-05-11 21:01:27,52,Y
8000147,5,52,2024-05-11 21:02:27,50,Y
8000147,5,52,2024-05-11 21:03:27,47,Y
8000147,5,52,2024-05-11 21:04:27,54,Y
8000147,5,52,2024-05-11 21:05:27,55,Y
8000147,5,52,2024-05-11 21:06:27,52,Y
8000147,5,52,2024-05-11 21:07:27,53,Y
8000147,5,52,2024-05-11 21:08:27,51,Y
8000147,5,52,2024-05-11 21:09:27,51,Y
8000147,5,52,2024-05-11 21:10:27,45,Y
8000147,5,52,2024-05-11 21:11:27,46,Y
8000147,5,52,2024-05-11 21:12:27,51,Y
8000147,5,52,2024-05-11 21:13:27,57,Y
8000147,5,52,2024-05-11 21:14:27,58,Y
8000147,5,52,2024-05-11 21:15:27,55,Y
8000147,5,52,2024-05-11 21:16:27,48,Y
8000147,5,52,2024-05-11 21:17:27,45,Y
8000147,5,52,2024-05-11 21:18:27,43,Y
8000147,5,52,2024-05-11 21:19:27,48,Y
8000147,5,52,2024-05-11 21:20:27,53,Y
8000147,5,52,2024-05-11 21:21:27,56,Y
8000147,5,52,2024-05-11 21:22:27,54,Y
8000147,5,52,2024-05-11 21:23:27,54,Y
8000147,5,52,2024-05-11 21:24:27,58,Y
8000147,5,52,2024-05-11 21:25:27,59,Y
8000147,5,52,2024-05-11 21:26:27,53,Y
8000147,5,52,2024-05-11 21:27:27,48,Y
8000147,5,52,2024-05-11 21:28:27,45,Y
8000147,5,52,2024-05-11 21:29:27,46,Y
8000147,5,52,2024-05-11 21:30:27,51,Y
8000147,5,52,2024-05-11 21:31:27,49,Y
8000147,5,52,2024-05-11 21:32:27,53,Y
8000147,5,52,2024-05-11 21:33:27,47,Y
8000147,5,52,2024-05-11 21:34:27,48,Y
8000147,5,52,2024-05-11 21:35:27,51,Y
8000147,5,52,2024-05-11 21:36:27,57,Y
8000147,5,52,2024-05-11 21:37:27,59,Y
8000147,5,52,2024-05-11 21:38:27,59,Y
8000147,5,52,2024-05-11 21:39:27,54,Y
8000147,5,52,2024-05-11 21:40:27,55,Y
8000147,5,52,2024-05-11 21:41:27,48,Y
8000147,5,52,2024-05-11 21:42:27,52,Y
8000147,5,52,2024-05-11 21:43:27,56,Y
8000147,5,52,2024-05-11 21:44:27,58,Y
8000147,5,52,2024-05-11 21:45:27,53,Y
8000147,5,52,2024-05-11 21:46:27,44,Y
8000147,5,52,2024-05-11 21:47:27,48,Y
8000147,5,52,2024-05-11 21:48:27,46,Y
8000147,5,52,2024-05-11 21:49:27,48,Y
8000147,5,52,2024-05-11 21:50:27,51,Y
8000147,5,52,2024-05-11 21:51:27,56,Y
8000147,5,52,2024-05-11 21:52:27,55,Y
8000147,5,52,2024-05-11 21:53:27,49,Y
8000147,5,52,2024-05-11 21:54:27,46,Y
8000147,5,52,2024-05-11 21:55:27,47,Y
8000147,5,52,2024-05-11 21:56:27,49,Y
8000147,5,52,2024-05-11 21:57:27,50,Y
8000147,5,52,2024-05-11 21:58:27,56,Y
8000147,5,52,2024-05-11 21:59:27,57,Y
8000147,5,52,2024-05-11 22:00:27,56,Y
8000147,5,52,2024-05-11 22:01:27,54,Y
8000147,5,52,2024-05-11 22:02:27,51,Y
8000147,5,52,2024-05-11 22:03:27,52,Y
8000147,5,52,2024-05-11 22:04:27,53,Y
8000147,5,52,2024-05-11 22:05:27,59,Y
8000147,5,52,2024-05-11 22:06:27,56,Y
8000147,5,52,2024-05-11 22:07:27,49,Y
8000147,5,52,2024-05-11 22:08:27,46,Y
8000147,5,52,2024-05-11 22:09:27,47,Y
8000147,5,52,2024-05-11 22:10:27,51,Y
8000147,5,52,2024-05-11 22:11:27,54,Y
8000147,5,52,2024-05-11 22:12:27,59,Y
8000147,5,52,2024-05-11 22:13:27,62,Y
8000147,5,52,2024-05-11 22:14:27,61,Y
8000147,5,52,2024-05-11 22:15:27,55,Y
8000147,5,52,2024-05-11 22:16:27,53,Y
8000147,5,52,2024-05-11 22:17:27,49,Y
8000147,5,52,2024-05-11 22:18:27,57,Y
8000147,5,52,2024-05-11 22:19:27,57,Y
8000147,5,52,2024-05-11 22:20:27,55,Y
8000147,5,52,2024-05-11 22:21:27,49,Y
8000147,5,52,2024-05-11 22:22:27,43,Y
8000147,5,52,2024-05-11 22:23:27,44,Y
8000147,5,52,2024-05-11 22:24:27,46,Y
8000147,5,52,2024-05-11 22:25:27,50,Y
8000147,5,52,2024-05-11 22:26:27,53,Y
8000147,5,52,2024-05-11 22:27:27,55,Y
8000147,5,52,2024-05-11 22:28:27,59,Y
8000147,5,52,2024-05-11 22:29:27,61,Y
8000147,5,52,2024-05-11 22:30:27,60,Y
8000147,5,52,2024-05-11 22:31:27,59,Y
8000147,5,52,2024-05-11 22:32:27,53,Y
8000147,5,52,2024-05-11 22:33:27,50,Y
8000147,5,52,2024-05-11 22:34:27,46,Y
8000147,5,52,2024-05-11 22:35:27,49,Y
8000147,5,52,2024-05-11 22:36:27,52,Y
8000147,5,52,2024-05-11 22:37:27,57,Y
8000147,5,52,2024-05-11 22:38:27,54,Y
8000147,5,52,2024-05-11 22:39:27,50,Y
8000147,5,52,2024-05-11 22:40:27,50,Y
8000147,5,7,2024-05-11 22:10:31,2,Y
8000148,4,5,2025-10-31 00:48:23,95/47,Y
8000148,4,51,2025-10-31 00:48:23,63,Y
8000149,4,8,2024-06-17 02:15:23,165,Y
8000150,3,7,2023-09-25 18:10:42,12,Y
8000151,5,30417,2024-02-14 15:48:48,3,Y
8000151,5,52,2024-02-14 14:55:40,75,Y
8000151,5,52,2024-02-14 14:56:40,68,Y
8000151,5,52,2024-02-14 14:57:40,69,Y
8000151,5,52,2024-02-14 14:58:40,73,Y
8000151,5,52,2024-02-14 14:59:40,79,Y
8000151,5,52,2024-02-14 15:00:40,71,Y
8000151,5,52,2024-02-14 15:01:40,68,Y
8000151,5,52,2024-02-14 15:02:40,68,Y
8000151,5,52,2024-02-14 15:03:40,72,Y
8000151,5,52,2024-02-14 15:04:40,80,Y
8000151,5,52,2024-02-14 15:05:40,77,Y
8000151,5,52,2024-02-14 15:06:40,80,Y
8000151,5,52,2024-02-14 15:07:40,71,Y
8000151,5,52,2024-02-14 15:08:40,70,Y
8000151,5,52,2024-02-14 15:09:40,66,Y
8000151,5,52,2024-02-14 15:10:40,68,Y
8000151,5,52,2024-02-14 15:11:40,67,Y
8000151,5,52,2024-02-14 15:12:40,72,Y
8000151,5,52,2024-02-14 15:13:40,80,Y
8000151,5,52,2024-02-14 15:14:40,78,Y
8000151,5,52,2024-02-14 15:15:40,72,Y
8000151,5,52,2024-02-14 15:16:40,65,Y
8000151,5,52,2024-02-14 15:17:40,68,Y
8000151,5,52,2024-02-14 15:18:40,70,Y
8000151,5,52,2024-02-14 15:19:40,69,Y
8000151,5,52,2024-02-14 15:20:40,71,Y
8000151,5,52,2024-02-14 15:21:40,77,Y
8000151,5,52,2024-02-14 15:22:40,84,Y
8000151,5,52,2024-02-14 15:23:40,81,Y
8000151,5,52,2024-02-14 15:24:40,71,Y
8000151,5,52,2024-02-14 15:25:40,71,Y
8000151,5,52,2024-02-14 15:26:40,75,Y
8000151,5,52,2024-02-14 15:27:40,83,Y
8000151,5,52,2024-02-14 15:28:40,82,Y
8000151,5,52,2024-02-14 15:29:40,76,Y
8000151,5,52,2024-02-14 15:30:40,70,Y
8000151,5,52,2024-02-14 15:31:40,71,Y
8000151,5,52,2024-02-14 15:32:40,77,Y
8000151,5,52,2024-02-14 15:33:40,81,Y
8000151,5,52,2024-02-14 15:34:40,76,Y
8000151,5,52,2024-02-14 15:35:40,74,Y
8000151,5,52,2024-02-14 15:36:40,77,Y
8000151,5,52,2024-02-14 15:37:40,83,Y
8000151,5,52,2024-02-14 15:38:40,84,Y
8000151,5,52,2024-02-14 15:39:40,84,Y
8000151,5,52,2024-02-14 15:40:40,78,Y
8000151,5,52,2024-02-14 15:41:40,78,Y
8000151,5,52,2024-02-14 15:42:40,77,Y
8000151,5,52,2024-02-14 15:43:40,78,Y
8000151,5,52,2024-02-14 15:44:40,79,Y
8000151,5,52,2024-02-14 15:45:40,79,Y
8000151,5,52,2024-02-14 15:46:40,82,Y
8000151,5,52,2024-02-14 15:47:40,76,Y
8000151,5,52,2024-02-14 15:48:40,69,Y
8000151,5,52,2024-02-14 15:49:40,70,Y
8000151,5,52,2024-02-14 15:50:40,72,Y
8000151,5,52,2024-02-14 15:51:40,77,Y
8000151,5,52,2024-02-14 15:52:40,70,Y
8000151,5,52,2024-02-14 15:53:40,77,Y
8000151,5,52,2024-02-14 15:54:40,72,Y
8000151,5,52,2024-02-14 15:55:40,70,Y
8000151,5,52,2024-02-14 15:56:40,61,Y
8000151,5,52,2024-02-14 15:57:40,69,Y
8000151,5,52,2024-02-14 15:58:40,74,Y
8000151,5,52,2024-02-14 15:59:40,80,Y
8000151,5,52,2024-02-14 16:00:40,80,Y
8000151,5,52,2024-02-14 16:01:40,76,Y
8000151,5,52,2024-02-14 16:02:40,76,Y
8000151,5,52,2024-02-14 16:03:40,75,Y
8000151,5,52,2024-02-14 16:04:40,76,Y
8000151,5,52,2024-02-14 16:05:40,79,Y
8000151,5,52,2024-02-14 16:06:40,74,Y
8000151,5,52,2024-02-14 16:07:40,81,Y
8000151,5,52,2024-02-14 16:08:40,76,Y
8000151,5,52,2024-02-14 16:09:40,81,Y
8000151,5,52,2024-02-14 16:10:40,76,Y
8000151,5,52,2024-02-14 16:11:40,78,Y
8000151,5,52,2024-02-14 16:12:40,75,Y
8000151,5,52,2024-02-14 16:13:40,73,Y
8000151,5,52,2024-02-14 16:14:40,75,Y
8000151,5,52,2024-02-14 16:15:40,74,Y
8000151,5,52,2024-02-14 16:16:40,78,Y
8000151,5,52,2024-02-14 16:17:40,72,Y
8000151,5,52,2024-02-14 16:18:40,72,Y
8000151,5,52,2024-02-14 16:19:40,67,Y
8000151,5,52,2024-02-14 16:20:40,68,Y
8000151,5,52,2024-02-14 16:21:40,66,Y
8000151,5,52,2024-02-14 16:22:40,65,Y
8000151,5,52,2024-02-14 16:23:40,62,Y
8000151,5,52,2024-02-14 16:24:40,71,Y
8000151,5,52,2024-02-14 16:25:40,76,Y
8000151,5,52,2024-02-14 16:26:40,79,Y
8000151,5,52,2024-02-14 16:27:40,71,Y
8000151,5,52,2024-02-14 16:28:40,67,Y
8000151,5,52,2024-02-14 16:29:40,69,Y
8000151,5,52,2024-02-14 16:30:40,77,Y
8000151,5,52,2024-02-14 16:31:40,80,Y
8000151,5,52,2024-02-14 16:32:40,80,Y
8000151,5,52,2024-02-14 16:33:40,80,Y
8000151,5,52,2024-02-14 16:34:40,81,Y
8000151,5,52,2024-02-14 16:35:40,85,Y
8000151,5,52,2024-02-14 16:36:40,83,Y
8000151,5,52,2024-02-14 16:37:40,77,Y
8000151,5,52,2024-02-14 16:38:40,76,Y
8000151,5,52,2024-02-14 16:39:40,75,Y
8000151,5,52,2024-02-14 16:40:40,78,Y
8000151,5,52,2024-02-14 16:41:40,73,Y
8000151,5,52,2024-02-14 16:42:40,75,Y
8000151,5,52,2024-02-14 16:43:40,76,Y
8000151,5,52,2024-02-14 16:44:40,80,Y
8000151,5,52,2024-02-14 16:45:40,80,Y
8000151,5,52,2024-02-14 16:46:40,83,Y
8000151,5,52,2024-02-14 16:47:40,85,Y
8000151,5,52,2024-02-14 16:48:40,81,Y
8000151,5,52,2024-02-14 16:49:40,78,Y
8000151,5,52,2024-02-14 16:50:40,79,Y
8000151,5,52,2024-02-14 16:51:40,82,Y
8000151,5,52,2024-02-14 16:52:40,78,Y
8000151,5,52,2024-02-14 16:53:40,77,Y
8000151,5,52,2024-02-14 16:54:40,77,Y
8000151,5,52,2024-02-14 16:55:40,84,Y
8000151,5,52,2024-02-14 16:56:40,80,Y
8000151,5,52,2024-02-14 16:57:40,77,Y
8000151,5,52,2024-02-14 16:58:40,77,Y
8000151,5,52,2024-02-14 16:59:40,79,Y
8000151,5,52,2024-02-14 17:00:40,79,Y
8000151,5,52,2024-02-14 17:01:40,75,Y
8000151,5,52,2024-02-14 17:02:40,77,Y
8000151,5,52,2024-02-14 17:03:40,78,Y
8000151,5,52,2024-02-14 17:04:40,83,Y
8000151,5,52,2024-02-14 17:05:40,78,Y
8000151,5,52,2024-02-14 17:06:40,78,Y
8000151,5,52,2024-02-14 17:07:40,78,Y
8000151,5,52,2024-02-14 17:08:40,82,Y
8000151,5,52,2024-02-14 17:09:40,82,Y
8000151,5,52,2024-02-14 17:10:40,80,Y
8000151,5,52,2024-02-14 17:11:40,72,Y
8000151,5,52,2024-02-14 17:12:40,75,Y
8000151,5,52,2024-02-14 17:13:40,72,Y
8000151,5,52,2024-02-14 17:14:40,73,Y
8000151,5,52,2024-02-14 17:15:40,67,Y
8000151,5,52,2024-02-14 17:16:40,68,Y
8000151,5,52,2024-02-14 17:17:40,69,Y
8000151,5,52,2024-02-14 17:18:40,69,Y
8000151,5,52,2024-02-14 17:19:40,65,Y
8000151,5,52,2024-02-14 17:20:40,68,Y
8000151,5,52,2024-02-14 17:21:40,71,Y
8000151,5,52,2024-02-14 17:22:40,75,Y
8000151,5,52,2024-02-14 17:23:40,73,Y
8000151,5,52,2024-02-14 17:24:40,72,Y
8000151,5,52,2024-02-14 17:25:40,69,Y
8000151,5,52,2024-02-14 17:26:40,69,Y
8000151,5,52,2024-02-14 17:27:40,71,Y
8000151,5,52,2024-02-14 17:28:40,77,Y
8000151,5,52,2024-02-14 17:29:40,82,Y
8000151,5,52,2024-02-14 17:30:40,77,Y
8000151,5,52,2024-02-14 17:31:40,77,Y
8000151,5,52,2024-02-14 17:32:40,73,Y
8000151,5,52,2024-02-14 17:33:40,75,Y
8000151,5,52,2024-02-14 17:34:40,72,Y
8000151,5,52,2024-02-14 17:35:40,71,Y
8000151,5,52,2024-02-14 17:36:40,72,Y
8000151,5,52,2024-02-14 17:37:40,72,Y
8000151,5,52,2024-02-14 17:38:40,76,Y
8000151,5,52,2024-02-14 17:39:40,76,Y
8000151,5,52,2024-02-14 17:40:40,79,Y
8000152,5,30417,2025-08-31 13:29:30,13,Y
8000153,1,31102,2025-09-03 22:13:23,35,Y
8000154,5,30417,2024-08-16 14:43:26,22,Y
8000155,3,10,2025-12-08 16:05:19,96,Y
8000156,4,10,2023-06-25 09:49:57,97,Y
8000157,4,10,2025-03-15 14:16:24,99,Y
8000158,5,5,2024-11-27 08:17:59,60/13,Y
8000158,5,51,2024-11-27 08:17:59,29,Y
8000159,4,52,2023-07-21 11:58:07,61,Y
8000159,4,52,2023-07-21 11:59:07,62,Y
8000159,4,52,2023-07-21 12:00:07,58,Y
8000159,4,52,2023-07-21 12:01:07,61,Y
8000159,4,52,2023-07-21 12:02:07,56,Y
8000159,4,52,2023-07-21 12:03:07,55,Y
8000159,4,52,2023-07-21 12:04:07,56,Y
8000159,4,52,2023-07-21 12:05:07,63,Y
8000159,4,52,2023-07-21 12:06:07,61,Y
8000159,4,52,2023-07-21 12:07:07,59,Y
8000159,4,52,2023-07-21 12:08:07,57,Y
8000159,4,52,2023-07-21 12:09:07,64,Y
8000159,4,52,2023-07-21 12:10:07,62,Y
8000159,4,52,2023-07-21 12:11:07,56,Y
8000159,4,52,2023-07-21 12:12:07,57,Y
8000159,4,52,2023-07-21 12:13:07,54,Y
8000159,4,52,2023-07-21 12:14:07,61,Y
8000159,4,52,2023-07-21 12:15:07,55,Y
8000159,4,52,2023-07-21 12:16:07,57,Y
8000159,4,52,2023-07-21 12:17:07,57,Y
8000159,4,52,2023-07-21 12:18:07,53,Y
8000159,4,52,2023-07-21 12:19:07,59,Y
8000159,4,52,2023-07-21 12:20:07,57,Y
8000159,4,52,2023-07-21 12:21:07,60,Y
8000159,4,52,2023-07-21 12:22:07,57,Y
8000159,4,52,2023-07-21 12:23:07,54,Y
8000159,4,52,2023-07-21 12:24:07,51,Y
8000159,4,52,2023-07-21 12:25:07,50,Y
8000159,4,52,2023-07-21 12:26:07,54,Y
8000159,4,52,2023-07-21 12:27:07,53,Y
8000159,4,52,2023-07-21 12:28:07,53,Y
8000159,4,52,2023-07-21 12:29:07,51,Y
8000159,4,52,2023-07-21 12:30:07,50,Y
8000159,4,52,2023-07-21 12:31:07,47,Y
8000159,4,52,2023-07-21 12:32:07,48,Y
8000159,4,52,2023-07-21 12:33:07,57,Y
8000159,4,52,2023-07-21 12:34:07,62,Y
8000159,4,52,2023-07-21 12:35:07,64,Y
8000159,4,52,2023-07-21 12:36:07,62,Y
8000159,4,52,2023-07-21 12:37:07,58,Y
8000159,4,52,2023-07-21 12:38:07,60,Y
8000159,4,52,2023-07-21 12:39:07,60,Y
8000159,4,52,2023-07-21 12:40:07,58,Y
8000159,4,52,2023-07-21 12:41:07,57,Y
8000159,4,52,2023-07-21 12:42:07,51,Y
8000159,4,52,2023-07-21 12:43:07,61,Y
8000159,4,52,2023-07-21 12:44:07,59,Y
8000159,4,52,2023-07-21 12:45:07,67,Y
8000159,4,52,2023-07-21 12:46:07,61,Y
8000159,4,52,2023-07-21 12:47:07,63,Y
8000159,4,52,2023-07-21 12:48:07,54,Y
8000159,4,52,2023-07-21 12:49:07,52,Y
8000159,4,52,2023-07-21 12:50:07,55,Y
8000159,4,52,2023-07-21 12:51:07,63,Y
8000159,4,52,2023-07-21 12:52:07,62,Y
8000159,4,52,2023-07-21 12:53:07,62,Y
8000159,4,52,2023-07-21 12:54:07,61,Y
8000159,4,52,2023-07-21 12:55:07,62,Y
8000159,4,52,2023-07-21 12:56:07,60,Y
8000159,4,52,2023-07-21 12:57:07,57,Y
8000159,4,52,2023-07-21 12:58:07,62,Y
8000159,4,52,2023-07-21 12:59:07,62,Y
8000159,4,52,2023-07-21 13:00:07,61,Y
8000159,4,52,2023-07-21 13:01:07,58,Y
8000159,4,52,2023-07-21 13:02:07,58,Y
8000159,4,52,2023-07-21 13:03:07,65,Y
8000159,4,52,2023-07-21 13:04:07,68,Y
8000159,4,52,2023-07-21 13:05:07,61,Y
8000159,4,52,2023-07-21 13:06:07,59,Y
8000159,4,52,2023-07-21 13:07:07,53,Y
8000159,4,52,2023-07-21 13:08:07,59,Y
8000159,4,52,2023-07-21 13:09:07,58,Y
8000159,4,52,2023-07-21 13:10:07,65,Y
8000159,4,52,2023-07-21 13:11:07,59,Y
8000159,4,52,2023-07-21 13:12:07,56,Y
8000159,4,52,2023-07-21 13:13:07,53,Y
8000159,4,52,2023-07-21 13:14:07,52,Y
8000159,4,52,2023-07-21 13:15:07,52,Y
8000159,4,52,2023-07-21 13:16:07,45,Y
8000159,4,52,2023-07-21 13:17:07,55,Y
8000159,4,52,2023-07-21 13:18:07,55,Y
8000159,4,52,2023-07-21 13:19:07,57,Y
8000159,4,52,2023-07-21 13:20:07,57,Y
8000159,4,52,2023-07-21 13:21:07,54,Y
8000159,4,52,2023-07-21 13:22:07,55,Y
8000159,4,52,2023-07-21 13:23:07,50,Y
8000159,4,52,2023-07-21 13:24:07,52,Y
8000159,4,52,2023-07-21 13:25:07,52,Y
8000159,4,52,2023-07-21 13:26:07,53,Y
8000159,4,52,2023-07-21 13:27:07,53,Y
8000159,4,52,2023-07-21 13:28:07,58,Y
8000159,4,52,2023-07-21 13:29:07,53,Y
8000159,4,52,2023-07-21 13:30:07,53,Y
8000159,4,52,2023-07-21 13:31:07,49,Y
8000159,4,52,2023-07-21 13:32:07,50,Y
8000159,4,52,2023-07-21 13:33:07,51,Y
8000159,4,52,2023-07-21 13:34:07,55,Y
8000159,4,52,2023-07-21 13:35:07,62,Y
8000159,4,52,2023-07-21 13:36:07,59,Y
8000159,4,52,2023-07-21 13:37:07,52,Y
8000159,4,52,2023-07-21 13:38:07,45,Y
8000159,4,52,2023-07-21 13:39:07,46,Y
8000159,4,52,2023-07-21 13:40:07,46,Y
8000159,4,52,2023-07-21 13:41:07,54,Y
8000159,4,52,2023-07-21 13:42:07,51,Y
8000159,4,52,2023-07-21 13:43:07,61,Y
8000159,4,52,2023-07-21 13:44:07,57,Y
8000159,4,52,2023-07-21 13:45:07,65,Y
8000159,4,52,2023-07-21 13:46:07,64,Y
8000159,4,52,2023-07-21 13:47:07,66,Y
8000159,4,52,2023-07-21 13:48:07,61,Y
8000159,4,52,2023-07-21 13:49:07,53,Y
8000159,4,52,2023-07-21 13:50:07,49,Y
8000159,4,52,2023-07-21 13:51:07,51,Y
8000159,4,52,2023-07-21 13:52:07,59,Y
8000159,4,52,2023-07-21 13:53:07,57,Y
8000159,4,52,2023-07-21 13:54:07,54,Y
8000159,4,52,2023-07-21 13:55:07,49,Y
8000159,4,52,2023-07-21 13:56:07,53,Y
8000159,4,52,2023-07-21 13:57:07,55,Y
8000159,4,52,2023-07-21 13:58:07,56,Y
8000159,4,52,2023-07-21 13:59:07,61,Y
8000159,4,52,2023-07-21 14:00:07,59,Y
8000159,4,52,2023-07-21 14:01:07,54,Y
8000159,4,52,2023-07-21 14:02:07,53,Y
8000159,4,52,2023-07-21 14:03:07,57,Y
8000159,4,52,2023-07-21 14:04:07,65,Y
8000159,4,52,2023-07-21 14:05:07,62,Y
8000159,4,52,2023-07-21 14:06:07,58,Y
8000159,4,52,2023-07-21 14:07:07,59,Y
8000159,4,52,2023-07-21 14:08:07,63,Y
8000159,4,52,2023-07-21 14:09:07,65,Y
8000159,4,52,2023-07-21 14:10:07,60,Y
8000159,4,52,2023-07-21 14:11:07,55,Y
8000159,4,52,2023-07-21 14:12:07,51,Y
8000159,4,52,2023-07-21 14:13:07,53,Y
8000159,4,52,2023-07-21 14:14:07,51,Y
8000159,4,52,2023-07-21 14:15:07,50,Y
8000159,4,52,2023-07-21 14:16:07,47,Y
8000159,4,52,2023-07-21 14:17:07,56,Y
8000159,4,52,2023-07-21 14:18:07,59,Y
8000159,4,52,2023-07-21 14:19:07,56,Y
8000159,4,52,2023-07-21 14:20:07,50,Y
8000159,4,52,2023-07-21 14:21:07,49,Y
8000159,4,52,2023-07-21 14:22:07,48,Y
8000159,4,52,2023-07-21 14:23:07,43,Y
8000159,4,52,2023-07-21 14:24:07,51,Y
8000159,4,52,2023-07-21 14:25:07,57,Y
8000159,4,52,2023-07-21 14:26:07,61,Y
8000159,4,52,2023-07-21 14:27:07,57,Y
8000159,4,52,2023-07-21 14:28:07,58,Y
8000159,4,52,2023-07-21 14:29:07,58,Y
8000159,4,52,2023-07-21 14:30:07,55,Y
8000159,4,52,2023-07-21 14:31:07,55,Y
8000159,4,52,2023-07-21 14:32:07,56,Y
8000159,4,52,2023-07-21 14:33:07,53,Y
8000159,4,52,2023-07-21 14:34:07,55,Y
8000159,4,52,2023-07-21 14:35:07,55,Y
8000159,4,52,2023-07-21 14:36:07,59,Y
8000159,4,52,2023-07-21 14:37:07,58,Y
8000159,4,52,2023-07-21 14:38:07,60,Y
8000159,4,52,2023-07-21 14:39:07,61,Y
8000159,4,52,2023-07-21 14:40:07,65,Y
8000159,4,52,2023-07-21 14:41:07,60,Y
8000159,4,52,2023-07-21 14:42:07,65,Y
8000159,4,52,2023-07-21 14:43:07,64,Y
8000159,4,52,2023-07-21 14:44:07,62,Y
8000159,4,52,2023-07-21 14:45:07,54,Y
8000159,4,52,2023-07-21 14:46:07,47,Y
8000159,4,52,2023-07-21 14:47:07,46,Y
8000159,4,52,2023-07-21 14:48:07,44,Y
8000159,4,52,2023-07-21 14:49:07,48,Y
8000159,4,52,2023-07-21 14:50:07,49,Y
8000159,4,52,2023-07-21 14:51:07,50,Y
8000159,4,52,2023-07-21 14:52:07,52,Y
8000159,4,52,2023-07-21 14:53:07,52,Y
8000159,4,52,2023-07-21 14:54:07,59,Y
8000159,4,52,2023-07-21 14:55:07,62,Y
8000159,4,52,2023-07-21 14:56:07,68,Y
8000159,4,52,2023-07-21 14:57:07,65,Y
8000159,4,52,2023-07-21 14:58:07,65,Y
8000159,4,52,2023-07-21 14:59:07,65,Y
8000159,4,52,2023-07-21 15:00:07,68,Y
8000159,4,52,2023-07-21 15:01:07,64,Y
8000159,4,52,2023-07-21 15:02:07,61,Y
8000159,4,52,2023-07-21 15:03:07,55,Y
8000159,4,52,2023-07-21 15:04:07,59,Y
8000159,4,52,2023-07-21 15:05:07,63,Y
8000159,4,52,2023-07-21 15:06:07,69,Y
8000159,4,52,2023-07-21 15:07:07,68,Y
8000159,4,52,2023-07-21 15:08:07,60,Y
8000159,4,52,2023-07-21 15:09:07,60,Y
8000159,4,52,2023-07-21 15:10:07,59,Y
8000159,4,52,2023-07-21 15:11:07,64,Y
8000159,4,52,2023-07-21 15:12:07,63,Y
8000159,4,52,2023-07-21 15:13:07,62,Y
8000159,4,8,2023-07-21 14:33:32,88,Y
8000160,6,31102,2024-03-11 03:00:50,34,Y
8000161,2,14,2025-12-07 09:56:03,2251.9,Y
8000162,3,30417,2024-12-06 11:39:20,2,Y
8000163,4,30417,2025-08-16 20:13:12,16,N
8000164,2,30418,2025-07-04 11:13:54,37,Y
8000165,2,5,2024-04-09 14:52:14,88/48,N
8000165,2,51,2024-04-09 14:52:14,61,N
8000166,6,8,2025-01-29 08:04:32,79,Y
8000167,6,31102,2024-08-09 17:03:34,35,Y
8000168,3,14,2025-07-03 11:55:43,892.4,Y
8000169,1,5,2024-04-10 01:03:35,99/49,Y
8000169,1,51,2024-04-10 01:03:35,66,Y
8000170,2,10,2023-06-13 09:54:07,96,Y
8000171,1,8,2025-08-22 07:49:27,,Y
8000172,3,31102,2024-04-20 23:14:06,15,Y
8000173,2,52,2024-04-28 09:40:08,61,Y
8000173,2,52,2024-04-28 09:41:08,64,Y
8000173,2,52,2024-04-28 09:42:08,66,Y
8000173,2,52,2024-04-28 09:43:08,71,Y
8000173,2,52,2024-04-28 09:44:08,72,Y
8000173,2,52,2024-04-28 09:45:08,72,Y
8000173,2,52,2024-04-28 09:46:08,64,Y
8000173,2,52,2024-04-28 09:47:08,61,Y
8000173,2,52,2024-04-28 09:48:08,59,Y
8000173,2,52,2024-04-28 09:49:08,61,Y
8000173,2,52,2024-04-28 09:50:08,63,Y
8000173,2,52,2024-04-28 09:51:08,60,Y
8000173,2,52,2024-04-28 09:52:08,62,Y
8000173,2,52,2024-04-28 09:53:08,64,Y
8000173,2,52,2024-04-28 09:54:08,71,Y
8000173,2,52,2024-04-28 09:55:08,71,Y
8000173,2,52,2024-04-28 09:56:08,63,Y
8000173,2,52,2024-04-28 09:57:08,61,Y
8000173,2,52,2024-04-28 09:58:08,61,Y
8000173,2,52,2024-04-28 09:59:08,67,Y
8000173,2,52,2024-04-28 10:00:08,67,Y
8000173,2,52,2024-04-28 10:01:08,69,Y
8000173,2,52,2024-04-28 10:02:08,66,Y
8000173,2,52,2024-04-28 10:03:08,62,Y
8000173,2,52,2024-04-28 10:04:08,57,Y
8000173,2,52,2024-04-28 10:05:08,54,Y
8000173,2,52,2024-04-28 10:06:08,57,Y
8000173,2,52,2024-04-28 10:07:08,63,Y
8000173,2,52,2024-04-28 10:08:08,64,Y
8000173,2,52,2024-04-28 10:09:08,61,Y
8000173,2,52,2024-04-28 10:10:08,59,Y
8000173,2,52,2024-04-28 10:11:08,57,Y
8000173,2,52,2024-04-28 10:12:08,64,Y
8000173,2,52,2024-04-28 10:13:08,63,Y
8000173,2,52,2024-04-28 10:14:08,67,Y
8000173,2,52,2024-04-28 10:15:08,67,Y
8000173,2,52,2024-04-28 10:16:08,70,Y
8000173,2,52,2024-04-28 10:17:08,77,Y
8000173,2,52,2024-04-28 10:18:08,69,Y
8000173,2,52,2024-04-28 10:19:08,68,Y
8000173,2,52,2024-04-28 10:20:08,67,Y
8000173,2,52,2024-04-28 10:21:08,71,Y
8000173,2,52,2024-04-28 10:22:08,68,Y
8000173,2,52,2024-04-28 10:23:08,61,Y
8000173,2,52,2024-04-28 10:24:08,60,Y
8000173,2,52,2024-04-28 10:25:08,54,Y
8000173,2,52,2024-04-28 10:26:08,61,Y
8000173,2,52,2024-04-28 10:27:08,66,Y
8000173,2,52,2024-04-28 10:28:08,76,Y
8000173,2,52,2024-04-28 10:29:08,76,Y
8000173,2,52,2024-04-28 10:30:08,71,Y
8000173,2,52,2024-04-28 10:31:08,65,Y
8000173,2,52,2024-04-28 10:32:08,61,Y
8000173,2,52,2024-04-28 10:33:08,59,Y
8000173,2,52,2024-04-28 10:34:08,54,Y
8000173,2,52,2024-04-28 10:35:08,57,Y
8000173,2,52,2024-04-28 10:36:08,57,Y
8000173,2,52,2024-04-28 10:37:08,62,Y
8000173,2,52,2024-04-28 10:38:08,62,Y
8000173,2,52,2024-04-28 10:39:08,70,Y
8000173,2,52,2024-04-28 10:40:08,66,Y
8000173,2,52,2024-04-28 10:41:08,59,Y
8000173,2,52,2024-04-28 10:42:08,52,Y
8000173,2,52,2024-04-28 10:43:08,57,Y
8000173,2,52,2024-04-28 10:44:08,64,Y
8000173,2,52,2024-04-28 10:45:08,68,Y
8000173,2,52,2024-04-28 10:46:08,66,Y
8000173,2,52,2024-04-28 10:47:08,61,Y
8000173,2,52,2024-04-28 10:48:08,57,Y
8000173,2,52,2024-04-28 10:49:08,59,Y
8000173,2,52,2024-04-28 10:50:08,59,Y
8000173,2,52,2024-04-28 10:51:08,65,Y
8000173,2,52,2024-04-28 10:52:08,60,Y
8000173,2,52,2024-04-28 10:53:08,58,Y
8000173,2,52,2024-04-28 10:54:08,61,Y
8000173,2,52,2024-04-28 10:55:08,70,Y
8000173,2,52,2024-04-28 10:56:08,72,Y
8000173,2,52,2024-04-28 10:57:08,68,Y
8000173,2,52,2024-04-28 10:58:08,63,Y
8000173,2,52,2024-04-28 10:59:08,69,Y
8000173,2,52,2024-04-28 11:00:08,62,Y
8000173,2,52,2024-04-28 11:01:08,59,Y
8000173,2,52,2024-04-28 11:02:08,58,Y
8000173,2,52,2024-04-28 11:03:08,61,Y
8000173,2,52,2024-04-28 11:04:08,59,Y
8000173,2,52,2024-04-28 11:05:08,59,Y
8000173,2,52,2024-04-28 11:06:08,61,Y
8000173,2,52,2024-04-28 11:07:08,69,Y
8000173,2,52,2024-04-28 11:08:08,69,Y
8000173,2,52,2024-04-28 11:09:08,64,Y
8000173,2,52,2024-04-28 11:10:08,60,Y
8000173,2,52,2024-04-28 11:11:08,60,Y
8000173,2,52,2024-04-28 11:12:08,63,Y
8000173,2,52,2024-04-28 11:13:08,59,Y
8000173,2,52,2024-04-28 11:14:08,50,Y
8000173,2,52,2024-04-28 11:15:08,52,Y
8000173,2,52,2024-04-28 11:16:08,57,Y
8000173,2,52,2024-04-28 11:17:08,67,Y
8000173,2,52,2024-04-28 11:18:08,71,Y
8000173,2,52,2024-04-28 11:19:08,72,Y
8000173,2,52,2024-04-28 11:20:08,71,Y
8000173,2,52,2024-04-28 11:21:08,65,Y
8000173,2,52,2024-04-28 11:22:08,60,Y
8000173,2,52,2024-04-28 11:23:08,52,Y
8000173,2,52,2024-04-28 11:24:08,56,Y
8000173,2,52,2024-04-28 11:25:08,66,Y
8000173,2,52,2024-04-28 11:26:08,70,Y
8000173,2,52,2024-04-28 11:27:08,71,Y
8000173,2,52,2024-04-28 11:28:08,68,Y
8000173,2,52,2024-04-28 11:29:08,71,Y
8000173,2,52,2024-04-28 11:30:08,70,Y
8000173,2,52,2024-04-28 11:31:08,72,Y
8000173,2,52,2024-04-28 11:32:08,65,Y
8000173,2,52,2024-04-28 11:33:08,64,Y
8000173,2,52,2024-04-28 11:34:08,60,Y
8000173,2,52,2024-04-28 11:35:08,65,Y
8000173,2,52,2024-04-28 11:36:08,68,Y
8000173,2,52,2024-04-28 11:37:08,69,Y
8000173,2,52,2024-04-28 11:38:08,66,Y
8000173,2,52,2024-04-28 11:39:08,56,Y
8000173,2,52,2024-04-28 11:40:08,59,Y
8000173,2,52,2024-04-28 11:41:08,58,Y
8000173,2,52,2024-04-28 11:42:08,67,Y
8000173,2,52,2024-04-28 11:43:08,63,Y
8000173,2,52,2024-04-28 11:44:08,71,Y
8000173,2,52,2024-04-28 11:45:08,70,Y
8000173,2,52,2024-04-28 11:46:08,72,Y
8000173,2,52,2024-04-28 11:47:08,72,Y
8000173,2,52,2024-04-28 11:48:08,69,Y
8000173,2,52,2024-04-28 11:49:08,68,Y
8000173,2,52,2024-04-28 11:50:08,69,Y
8000173,2,52,2024-04-28 11:51:08,67,Y
8000173,2,52,2024-04-28 11:52:08,63,Y
8000173,2,52,2024-04-28 11:53:08,56,Y
8000173,2,52,2024-04-28 11:54:08,61,Y
8000173,2,52,2024-04-28 11:55:08,63,Y
8000173,2,52,2024-04-28 11:56:08,62,Y
8000173,2,52,2024-04-28 11:57:08,56,Y
8000173,2,52,2024-04-28 11:58:08,62,Y
8000173,2,52,2024-04-28 11:59:08,65,Y
8000173,2,52,2024-04-28 12:00:08,65,Y
8000173,2,52,2024-04-28 12:01:08,58,Y
8000173,2,52,2024-04-28 12:02:08,57,Y
8000173,2,52,2024-04-28 12:03:08,60,Y
8000173,2,52,2024-04-28 12:04:08,58,Y
8000173,2,52,2024-04-28 12:05:08,63,Y
8000173,2,52,2024-04-28 12:06:08,57,Y
8000173,2,52,2024-04-28 12:07:08,65,Y
8000173,2,52,2024-04-28 12:08:08,55,Y
8000173,2,52,2024-04-28 12:09:08,63,Y
8000173,2,52,2024-04-28 12:10:08,64,Y
8000173,2,52,2024-04-28 12:11:08,66,Y
8000173,2,52,2024-04-28 12:12:08,59,Y
8000173,2,52,2024-04-28 12:13:08,52,Y
8000173,2,52,2024-04-28 12:14:08,53,Y
8000173,2,52,2024-04-28 12:15:08,56,Y
8000173,2,52,2024-04-28 12:16:08,54,Y
8000173,2,52,2024-04-28 12:17:08,56,Y
8000173,2,52,2024-04-28 12:18:08,58,Y
8000173,2,52,2024-04-28 12:19:08,67,Y
8000173,2,52,2024-04-28 12:20:08,65,Y
8000173,2,52,2024-04-28 12:21:08,61,Y
8000173,2,52,2024-04-28 12:22:08,51,Y
8000173,2,52,2024-04-28 12:23:08,58,Y
8000173,2,52,2024-04-28 12:24:08,60,Y
8000173,2,52,2024-04-28 12:25:08,66,Y
8000173,2,52,2024-04-28 12:26:08,62,Y
8000173,2,52,2024-04-28 12:27:08,65,Y
8000173,2,52,2024-04-28 12:28:08,65,Y
8000173,2,52,2024-04-28 12:29:08,63,Y
8000173,2,52,2024-04-28 12:30:08,67,Y
8000173,2,52,2024-04-28 12:31:08,62,Y
8000173,2,52,2024-04-28 12:32:08,63,Y
8000173,2,52,2024-04-28 12:33:08,53,Y
8000173,2,52,2024-04-28 12:34:08,56,Y
8000173,2,52,2024-04-28 12:35:08,56,Y
8000173,2,52,2024-04-28 12:36:08,60,Y
8000173,2,52,2024-04-28 12:37:08,62,Y
8000173,2,52,2024-04-28 12:38:08,62,Y
8000173,2,52,2024-04-28 12:39:08,65,Y
8000173,2,52,2024-04-28 12:40:08,62,Y
8000173,2,52,2024-04-28 12:41:08,59,Y
8000173,2,52,2024-04-28 12:42:08,53,Y
8000173,2,52,2024-04-28 12:43:08,50,Y
8000173,2,52,2024-04-28 12:44:08,55,Y
8000173,2,52,2024-04-28 12:45:08,54,Y
8000173,2,52,2024-04-28 12:46:08,56,Y
8000173,2,52,2024-04-28 12:47:08,55,Y
8000173,2,52,2024-04-28 12:48:08,54,Y
8000173,2,52,2024-04-28 12:49:08,55,Y
8000173,2,52,2024-04-28 12:50:08,52,Y
8000173,2,52,2024-04-28 12:51:08,63,Y
8000173,2,52,2024-04-28 12:52:08,69,Y
8000173,2,52,2024-04-28 12:53:08,77,Y
8000173,2,52,2024-04-28 12:54:08,72,Y
8000173,2,52,2024-04-28 12:55:08,67,Y
8000173,2,7,2024-04-28 11:37:55,27,Y
8000174,1,30418,2023-10-14 00:08:34,29,Y
8000175,4,30417,2025-10-23 10:51:03,32,Y
8000176,1,31102,2024-06-29 05:54:57,8,N
8000177,3,31102,2025-07-07 04:38:27,4,Y
8000178,6,7,2024-05-05 05:08:17,17,Y
8000179,2,30417,2025-07-10 04:48:30,17,Y
8000180,1,5,2023-03-31 05:44:56,65/27,Y
8000180,1,51,2023-03-31 05:44:56,40,Y
8000180,1,52,2023-03-31 04:09:23,35,Y
8000180,1,52,2023-03-31 04:10:23,40,Y
8000180,1,52,2023-03-31 04:11:23,44,Y
8000180,1,52,2023-03-31 04:12:23,48,Y
8000180,1,52,2023-03-31 04:13:23,42,Y
8000180,1,52,2023-03-31 04:14:23,43,Y
8000180,1,52,2023-03-31 04:15:23,37,Y
8000180,1,52,2023-03-31 04:16:23,43,Y
8000180,1,52,2023-03-31 04:17:23,39,Y
8000180,1,52,2023-03-31 04:18:23,41,Y
8000180,1,52,2023-03-31 04:19:23,42,Y
8000180,1,52,2023-03-31 04:20:23,41,Y
8000180,1,52,2023-03-31 04:21:23,48,Y
8000180,1,52,2023-03-31 04:22:23,49,Y
8000180,1,52,2023-03-31 04:23:23,53,Y
8000180,1,52,2023-03-31 04:24:23,45,Y
8000180,1,52,2023-03-31 04:25:23,45,Y
8000180,1,52,2023-03-31 04:26:23,40,Y
8000180,1,52,2023-03-31 04:27:23,42,Y
8000180,1,52,2023-03-31 04:28:23,39,Y
8000180,1,52,2023-03-31 04:29:23,37,Y
8000180,1,52,2023-03-31 04:30:23,43,Y
8000180,1,52,2023-03-31 04:31:23,41,Y
8000180,1,52,2023-03-31 04:32:23,45,Y
8000180,1,52,2023-03-31 04:33:23,41,Y
8000180,1,52,2023-03-31 04:34:23,45,Y
8000180,1,52,2023-03-31 04:35:23,46,Y
8000180,1,52,2023-03-31 04:36:23,45,Y
8000180,1,52,2023-03-31 04:37:23,38,Y
8000180,1,52,2023-03-31 04:38:23,37,Y
8000180,1,52,2023-03-31 04:39:23,42,Y
8000180,1,52,2023-03-31 04:40:23,41,Y
8000180,1,52,2023-03-31 04:41:23,43,Y
8000180,1,52,2023-03-31 04:42:23,35,Y
8000180,1,52,2023-03-31 04:43:23,39,Y
8000180,1,52,2023-03-31 04:44:23,34,Y
8000180,1,52,2023-03-31 04:45:23,41,Y
8000180,1,52,2023-03-31 04:46:23,46,Y
8000180,1,52,2023-03-31 04:47:23,53,Y
8000180,1,52,2023-03-31 04:48:23,45,Y
8000180,1,52,2023-03-31 04:49:23,43,Y
8000180,1,52,2023-03-31 04:50:23,44,Y
8000180,1,52,2023-03-31 04:51:23,46,Y
8000180,1,52,2023-03-31 04:52:23,42,Y
8000180,1,52,2023-03-31 04:53:23,37,Y
8000180,1,52,2023-03-31 04:54:23,40,Y
8000180,1,52,2023-03-31 04:55:23,42,Y
8000180,1,52,2023-03-31 04:56:23,46,Y
8000180,1,52,2023-03-31 04:57:23,48,Y
8000180,1,52,2023-03-31 04:58:23,48,Y
8000180,1,52,2023-03-31 04:59:23,44,Y
8000180,1,52,2023-03-31 05:00:23,44,Y
8000180,1,52,2023-03-31 05:01:23,46,Y
8000180,1,52,2023-03-31 05:02:23,49,Y
8000180,1,52,2023-03-31 05:03:23,49,Y
8000180,1,52,2023-03-31 05:04:23,46,Y
8000180,1,52,2023-03-31 05:05:23,47,Y
8000180,1,52,2023-03-31 05:06:23,42,Y
8000180,1,52,2023-03-31 05:07:23,40,Y
8000180,1,52,2023-03-31 05:08:23,41,Y
8000180,1,52,2023-03-31 05:09:23,46,Y
8000180,1,52,2023-03-31 05:10:23,48,Y
8000180,1,52,2023-03-31 05:11:23,49,Y
8000180,1,52,2023-03-31 05:12:23,50,Y
8000180,1,52,2023-03-31 05:13:23,51,Y
8000180,1,52,2023-03-31 05:14:23,47,Y
8000180,1,52,2023-03-31 05:15:23,46,Y
8000180,1,52,2023-03-31 05:16:23,48,Y
8000180,1,52,2023-03-31 05:17:23,44,Y
8000180,1,52,2023-03-31 05:18:23,42,Y
8000180,1,52,2023-03-31 05:19:23,36,Y
8000180,1,52,2023-03-31 05:20:23,41,Y
8000180,1,52,2023-03-31 05:21:23,39,Y
8000180,1,52,2023-03-31 05:22:23,40,Y
8000180,1,52,2023-03-31 05:23:23,36,Y
8000180,1,52,2023-03-31 05:24:23,33,Y
8000180,1,52,2023-03-31 05:25:23,39,Y
8000180,1,52,2023-03-31 05:26:23,43,Y
8000180,1,52,2023-03-31 05:27:23,42,Y
8000180,1,52,2023-03-31 05:28:23,43,Y
8000180,1,52,2023-03-31 05:29:23,46,Y
8000180,1,52,2023-03-31 05:30:23,48,Y
8000180,1,52,2023-03-31 05:31:23,45,Y
8000180,1,52,2023-03-31 05:32:23,40,Y
8000180,1,52,2023-03-31 05:33:23,40,Y
8000180,1,52,2023-03-31 05:34:23,40,Y
8000180,1,52,2023-03-31 05:35:23,37,Y
8000180,1,52,2023-03-31 05:36:23,38,Y
8000180,1,52,2023-03-31 05:37:23,39,Y
8000180,1,52,2023-03-31 05:38:23,39,Y
8000180,1,52,2023-03-31 05:39:23,45,Y
8000180,1,52,2023-03-31 05:40:23,45,Y
8000180,1,52,2023-03-31 05:41:23,45,Y
8000180,1,52,2023-03-31 05:42:23,39,Y
8000180,1,52,2023-03-31 05:43:23,34,Y
8000180,1,52,2023-03-31 05:44:23,34,Y
8000180,1,52,2023-03-31 05:45:23,40,Y
8000180,1,52,2023-03-31 05:46:23,43,Y
8000180,1,52,2023-03-31 05:47:23,48,Y
8000180,1,52,2023-03-31 05:48:23,44,Y
8000180,1,52,2023-03-31 05:49:23,45,Y
8000180,1,52,2023-03-31 05:50:23,48,Y
8000180,1,52,2023-03-31 05:51:23,50,Y
8000180,1,52,2023-03-31 05:52:23,45,Y
8000180,1,52,2023-03-31 05:53:23,37,Y
8000180,1,52,2023-03-31 05:54:23,35,Y
8000180,1,52,2023-03-31 05:55:23,36,Y
8000180,1,52,2023-03-31 05:56:23,37,Y
8000180,1,52,2023-03-31 05:57:23,41,Y
8000180,1,52,2023-03-31 05:58:23,46,Y
8000180,1,52,2023-03-31 05:59:23,52,Y
8000180,1,52,2023-03-31 06:00:23,48,Y
8000180,1,52,2023-03-31 06:01:23,47,Y
8000180,1,52,2023-03-31 06:02:23,45,Y
8000180,1,52,2023-03-31 06:03:23,44,Y
8000180,1,52,2023-03-31 06:04:23,42,Y
8000180,1,52,2023-03-31 06:05:23,36,Y
8000180,1,52,2023-03-31 06:06:23,37,Y
8000180,1,52,2023-03-31 06:07:23,37,Y
8000180,1,52,2023-03-31 06:08:23,43,Y
8000180,1,52,2023-03-31 06:09:23,40,Y
8000180,1,52,2023-03-31 06:10:23,35,Y
8000180,1,52,2023-03-31 06:11:23,29,Y
8000180,1,52,2023-03-31 06:12:23,36,Y
8000180,1,52,2023-03-31 06:13:23,37,Y
8000180,1,52,2023-03-31 06:14:23,39,Y
8000180,1,52,2023-03-31 06:15:23,35,Y
8000180,1,52,2023-03-31 06:16:23,42,Y
8000180,1,52,2023-03-31 06:17:23,42,Y
8000180,1,52,2023-03-31 06:18:23,43,Y
8000180,1,52,2023-03-31 06:19:23,43,Y
8000180,1,52,2023-03-31 06:20:23,44,Y
8000180,1,52,2023-03-31 06:21:23,41,Y
8000180,1,52,2023-03-31 06:22:23,41,Y
8000180,1,52,2023-03-31 06:23:23,41,Y
8000180,1,52,2023-03-31 06:24:23,44,Y
8000180,1,52,2023-03-31 06:25:23,37,Y
8000180,1,52,2023-03-31 06:26:23,35,Y
8000180,1,52,2023-03-31 06:27:23,35,Y
8000180,1,52,2023-03-31 06:28:23,35,Y
8000180,1,52,2023-03-31 06:29:23,35,Y
8000180,1,52,2023-03-31 06:30:23,37,Y
8000180,1,52,2023-03-31 06:31:23,40,Y
8000180,1,52,2023-03-31 06:32:23,46,Y
8000180,1,52,2023-03-31 06:33:23,42,Y
8000180,1,52,2023-03-31 06:34:23,45,Y
8000180,1,52,2023-03-31 06:35:23,47,Y
8000180,1,52,2023-03-31 06:36:23,48,Y
8000180,1,52,2023-03-31 06:37:23,48,Y
8000180,1,52,2023-03-31 06:38:23,42,Y
8000180,1,52,2023-03-31 06:39:23,49,Y
8000180,1,52,2023-03-31 06:40:23,46,Y
8000180,1,52,2023-03-31 06:41:23,46,Y
8000180,1,52,2023-03-31 06:42:23,44,Y
8000180,1,52,2023-03-31 06:43:23,47,Y
8000180,1,52,2023-03-31 06:44:23,47,Y
8000180,1,52,2023-03-31 06:45:23,45,Y
8000180,1,52,2023-03-31 06:46:23,37,Y
8000180,1,52,2023-03-31 06:47:23,36,Y
8000180,1,52,2023-03-31 06:48:23,35,Y
8000180,1,52,2023-03-31 06:49:23,34,Y
8000180,1,52,2023-03-31 06:50:23,33,Y
8000180,1,52,2023-03-31 06:51:23,37,Y
8000180,1,52,2023-03-31 06:52:23,43,Y
8000180,1,52,2023-03-31 06:53:23,49,Y
8000180,1,52,2023-03-31 06:54:23,42,Y
8000180,1,52,2023-03-31 06:55:23,41,Y
8000180,1,52,2023-03-31 06:56:23,40,Y
8000180,1,52,2023-03-31 06:57:23,45,Y
8000180,1,52,2023-03-31 06:58:23,43,Y
8000180,1,52,2023-03-31 06:59:23,46,Y
8000180,1,52,2023-03-31 07:00:23,45,Y
8000180,1,52,2023-03-31 07:01:23,45,Y
8000180,1,52,2023-03-31 07:02:23,44,Y
8000180,1,52,2023-03-31 07:03:23,42,Y
8000180,1,52,2023-03-31 07:04:23,41,Y
8000180,1,52,2023-03-31 07:05:23,37,Y
8000180,1,52,2023-03-31 07:06:23,35,Y
8000180,1,52,2023-03-31 07:07:23,34,Y
8000180,1,52,2023-03-31 07:08:23,32,Y
8000180,1,52,2023-03-31 07:09:23,34,Y
8000180,1,52,2023-03-31 07:10:23,37,Y
8000180,1,52,2023-03-31 07:11:23,40,Y
8000180,1,52,2023-03-31 07:12:23,39,Y
8000180,1,52,2023-03-31 07:13:23,39,Y
8000180,1,52,2023-03-31 07:14:23,40,Y
8000180,1,52,2023-03-31 07:15:23,46,Y
8000180,1,52,2023-03-31 07:16:23,45,Y
8000180,1,52,2023-03-31 07:17:23,47,Y
8000180,1,52,2023-03-31 07:18:23,39,Y
8000180,1,52,2023-03-31 07:19:23,37,Y
8000180,1,52,2023-03-31 07:20:23,39,Y
8000180,1,52,2023-03-31 07:21:23,39,Y
8000180,1,52,2023-03-31 07:22:23,46,Y
8000180,1,52,2023-03-31 07:23:23,40,Y
8000180,1,52,2023-03-31 07:24:23,44,Y
8000181,1,14,2024-12-12 11:34:27,1599.9,Y
8000181,1,52,2024-12-13 10:20:27,53,Y
8000181,1,52,2024-12-13 10:21:27,53,Y
8000181,1,52,2024-12-13 10:22:27,51,Y
8000181,1,52,2024-12-13 10:23:27,47,Y
8000181,1,52,2024-12-13 10:24:27,50,Y
8000181,1,52,2024-12-13 10:25:27,49,Y
8000181,1,52,2024-12-13 10:26:27,45,Y
8000181,1,52,2024-12-13 10:27:27,38,Y
8000181,1,52,2024-12-13 10:28:27,37,Y
8000181,1,52,2024-12-13 10:29:27,43,Y
8000181,1,52,2024-12-13 10:30:27,47,Y
8000181,1,52,2024-12-13 10:31:27,44,Y
8000181,1,52,2024-12-13 10:32:27,42,Y
8000181,1,52,2024-12-13 10:33:27,46,Y
8000181,1,52,2024-12-13 10:34:27,46,Y
8000181,1,52,2024-12-13 10:35:27,44,Y
8000181,1,52,2024-12-13 10:36:27,41,Y
8000181,1,52,2024-12-13 10:37:27,41,Y
8000181,1,52,2024-12-13 10:38:27,45,Y
8000181,1,52,2024-12-13 10:39:27,43,Y
8000181,1,52,2024-12-13 10:40:27,49,Y
8000181,1,52,2024-12-13 10:41:27,51,Y
8000181,1,52,2024-12-13 10:42:27,52,Y
8000181,1,52,2024-12-13 10:43:27,48,Y
8000181,1,52,2024-12-13 10:44:27,48,Y
8000181,1,52,2024-12-13 10:45:27,45,Y
8000181,1,52,2024-12-13 10:46:27,50,Y
8000181,1,52,2024-12-13 10:47:27,46,Y
8000181,1,52,2024-12-13 10:48:27,46,Y
8000181,1,52,2024-12-13 10:49:27,47,Y
8000181,1,52,2024-12-13 10:50:27,54,Y
8000181,1,52,2024-12-13 10:51:27,64,Y
8000181,1,52,2024-12-13 10:52:27,57,Y
8000181,1,52,2024-12-13 10:53:27,53,Y
8000181,1,52,2024-12-13 10:54:27,47,Y
8000181,1,52,2024-12-13 10:55:27,51,Y
8000181,1,52,2024-12-13 10:56:27,54,Y
8000181,1,52,2024-12-13 10:57:27,52,Y
8000181,1,52,2024-12-13 10:58:27,49,Y
8000181,1,52,2024-12-13 10:59:27,40,Y
8000181,1,52,2024-12-13 11:00:27,39,Y
8000181,1,52,2024-12-13 11:01:27,35,Y
8000181,1,52,2024-12-13 11:02:27,45,Y
8000181,1,52,2024-12-13 11:03:27,50,Y
8000181,1,52,2024-12-13 11:04:27,58,Y
8000181,1,52,2024-12-13 11:05:27,53,Y
8000181,1,52,2024-12-13 11:06:27,51,Y
8000181,1,52,2024-12-13 11:07:27,42,Y
8000181,1,52,2024-12-13 11:08:27,41,Y
8000181,1,52,2024-12-13 11:09:27,39,Y
8000181,1,52,2024-12-13 11:10:27,39,Y
8000181,1,52,2024-12-13 11:11:27,45,Y
8000181,1,52,2024-12-13 11:12:27,48,Y
8000181,1,52,2024-12-13 11:13:27,57,Y
8000181,1,52,2024-12-13 11:14:27,50,Y
8000181,1,52,2024-12-13 11:15:27,49,Y
8000181,1,52,2024-12-13 11:16:27,41,Y
8000181,1,52,2024-12-13 11:17:27,42,Y
8000181,1,52,2024-12-13 11:18:27,40,Y
8000181,1,52,2024-12-13 11:19:27,45,Y
8000181,1,52,2024-12-13 11:20:27,48,Y
8000181,1,52,2024-12-13 11:21:27,47,Y
8000181,1,52,2024-12-13 11:22:27,49,Y
8000181,1,52,2024-12-13 11:23:27,46,Y
8000181,1,52,2024-12-13 11:24:27,52,Y
8000181,1,52,2024-12-13 11:25:27,52,Y
8000181,1,52,2024-12-13 11:26:27,46,Y
8000181,1,52,2024-12-13 11:27:27,38,Y
8000181,1,52,2024-12-13 11:28:27,40,Y
8000181,1,52,2024-12-13 11:29:27,45,Y
8000181,1,52,2024-12-13 11:30:27,45,Y
8000181,1,52,2024-12-13 11:31:27,40,Y
8000181,1,52,2024-12-13 11:32:27,45,Y
8000181,1,52,2024-12-13 11:33:27,56,Y
8000181,1,52,2024-12-13 11:34:27,54,Y
8000181,1,52,2024-12-13 11:35:27,56,Y
8000181,1,52,2024-12-13 11:36:27,47,Y
8000181,1,52,2024-12-13 11:37:27,48,Y
8000181,1,52,2024-12-13 11:38:27,47,Y
8000181,1,52,2024-12-13 11:39:27,49,Y
8000181,1,52,2024-12-13 11:40:27,50,Y
8000181,1,52,2024-12-13 11:41:27,40,Y
8000181,1,52,2024-12-13 11:42:27,38,Y
8000181,1,52,2024-12-13 11:43:27,42,Y
8000181,1,52,2024-12-13 11:44:27,45,Y
8000181,1,52,2024-12-13 11:45:27,52,Y
8000181,1,52,2024-12-13 11:46:27,44,Y
8000181,1,52,2024-12-13 11:47:27,43,Y
8000181,1,52,2024-12-13 11:48:27,36,Y
8000181,1,52,2024-12-13 11:49:27,36,Y
8000181,1,52,2024-12-13 11:50:27,37,Y
8000181,1,52,2024-12-13 11:51:27,37,Y
8000181,1,52,2024-12-13 11:52:27,44,Y
8000181,1,52,2024-12-13 11:53:27,45,Y
8000181,1,52,2024-12-13 11:54:27,51,Y
8000181,1,52,2024-12-13 11:55:27,53,Y
8000181,1,52,2024-12-13 11:56:27,50,Y
8000181,1,52,2024-12-13 11:57:27,52,Y
8000181,1,52,2024-12-13 11:58:27,42,Y
8000181,1,52,2024-12-13 11:59:27,51,Y
8000181,1,52,2024-12-13 12:00:27,47,Y
8000181,1,52,2024-12-13 12:01:27,49,Y
8000181,1,52,2024-12-13 12:02:27,46,Y
8000181,1,52,2024-12-13 12:03:27,41,Y
8000181,1,52,2024-12-13 12:04:27,46,Y
8000181,1,52,2024-12-13 12:05:27,52,Y
8000181,1,52,2024-12-13 12:06:27,61,Y
8000181,1,52,2024-12-13 12:07:27,61,Y
8000181,1,52,2024-12-13 12:08:27,60,Y
8000181,1,52,2024-12-13 12:09:27,50,Y
8000181,1,52,2024-12-13 12:10:27,48,Y
8000181,1,52,2024-12-13 12:11:27,45,Y
8000181,1,52,2024-12-13 12:12:27,46,Y
8000181,1,52,2024-12-13 12:13:27,47,Y
8000181,1,52,2024-12-13 12:14:27,51,Y
8000181,1,52,2024-12-13 12:15:27,57,Y
8000181,1,52,2024-12-13 12:16:27,58,Y
8000181,1,52,2024-12-13 12:17:27,53,Y
8000181,1,52,2024-12-13 12:18:27,45,Y
8000181,1,52,2024-12-13 12:19:27,45,Y
8000181,1,52,2024-12-13 12:20:27,41,Y
8000181,1,52,2024-12-13 12:21:27,46,Y
8000181,1,52,2024-12-13 12:22:27,46,Y
8000181,1,52,2024-12-13 12:23:27,45,Y
8000181,1,52,2024-12-13 12:24:27,46,Y
8000181,1,52,2024-12-13 12:25:27,39,Y
8000181,1,52,2024-12-13 12:26:27,42,Y
8000181,1,52,2024-12-13 12:27:27,35,Y
8000181,1,52,2024-12-13 12:28:27,41,Y
8000181,1,52,2024-12-13 12:29:27,39,Y
8000181,1,52,2024-12-13 12:30:27,48,Y
8000181,1,52,2024-12-13 12:31:27,53,Y
8000181,1,52,2024-12-13 12:32:27,61,Y
8000181,1,52,2024-12-13 12:33:27,61,Y
8000181,1,52,2024-12-13 12:34:27,58,Y
8000181,1,52,2024-12-13 12:35:27,56,Y
8000181,1,52,2024-12-13 12:36:27,54,Y
8000181,1,52,2024-12-13 12:37:27,51,Y
8000181,1,52,2024-12-13 12:38:27,42,Y
8000181,1,52,2024-12-13 12:39:27,36,Y
8000181,1,52,2024-12-13 12:40:27,36,Y
8000181,1,52,2024-12-13 12:41:27,36,Y
8000181,1,52,2024-12-13 12:42:27,40,Y
8000181,1,52,2024-12-13 12:43:27,40,Y
8000181,1,52,2024-12-13 12:44:27,43,Y
8000181,1,52,2024-12-13 12:45:27,37,Y
8000181,1,52,2024-12-13 12:46:27,44,Y
8000181,1,52,2024-12-13 12:47:27,52,Y
8000181,1,52,2024-12-13 12:48:27,63,Y
8000181,1,52,2024-12-13 12:49:27,59,Y
8000181,1,52,2024-12-13 12:50:27,58,Y
8000181,1,52,2024-12-13 12:51:27,55,Y
8000181,1,52,2024-12-13 12:52:27,57,Y
8000181,1,52,2024-12-13 12:53:27,54,Y
8000181,1,52,2024-12-13 12:54:27,54,Y
8000181,1,52,2024-12-13 12:55:27,53,Y
8000181,1,52,2024-12-13 12:56:27,52,Y
8000181,1,52,2024-12-13 12:57:27,52,Y
8000181,1,52,2024-12-13 12:58:27,51,Y
8000181,1,52,2024-12-13 12:59:27,53,Y
8000181,1,52,2024-12-13 13:00:27,50,Y
8000181,1,52,2024-12-13 13:01:27,53,Y
8000181,1,52,2024-12-13 13:02:27,48,Y
8000181,1,52,2024-12-13 13:03:27,53,Y
8000181,1,52,2024-12-13 13:04:27,44,Y
8000181,1,52,2024-12-13 13:05:27,49,Y
8000181,1,52,2024-12-13 13:06:27,41,Y
8000181,1,52,2024-12-13 13:07:27,42,Y
8000181,1,52,2024-12-13 13:08:27,38,Y
8000181,1,52,2024-12-13 13:09:27,40,Y
8000181,1,52,2024-12-13 13:10:27,45,Y
8000181,1,52,2024-12-13 13:11:27,53,Y
8000181,1,52,2024-12-13 13:12:27,50,Y
8000181,1,52,2024-12-13 13:13:27,43,Y
8000181,1,52,2024-12-13 13:14:27,44,Y
8000181,1,52,2024-12-13 13:15:27,44,Y
8000181,1,52,2024-12-13 13:16:27,54,Y
8000181,1,52,2024-12-13 13:17:27,45,Y
8000181,1,52,2024-12-13 13:18:27,51,Y
8000181,1,52,2024-12-13 13:19:27,50,Y
8000181,1,52,2024-12-13 13:20:27,50,Y
8000181,1,52,2024-12-13 13:21:27,51,Y
8000181,1,52,2024-12-13 13:22:27,46,Y
8000181,1,52,2024-12-13 13:23:27,51,Y
8000181,1,52,2024-12-13 13:24:27,42,Y
8000181,1,52,2024-12-13 13:25:27,44,Y
8000181,1,52,2024-12-13 13:26:27,47,Y
8000181,1,52,2024-12-13 13:27:27,51,Y
8000181,1,52,2024-12-13 13:28:27,48,Y
8000181,1,52,2024-12-13 13:29:27,43,Y
8000181,1,52,2024-12-13 13:30:27,45,Y
8000181,1,52,2024-12-13 13:31:27,47,Y
8000181,1,52,2024-12-13 13:32:27,51,Y
8000181,1,52,2024-12-13 13:33:27,51,Y
8000181,1,52,2024-12-13 13:34:27,50,Y
8000181,1,52,2024-12-13 13:35:27,43,Y
8000182,4,31102,2024-08-10 02:00:15,16,N
8000183,2,10,2023-05-02 13:25:40,100,Y
8000183,2,52,2023-05-02 13:19:22,42,Y
8000183,2,52,2023-05-02 13:20:22,48,Y
8000183,2,52,2023-05-02 13:21:22,50,Y
8000183,2,52,2023-05-02 13:22:22,47,Y
8000183,2,52,2023-05-02 13:23:22,46,Y
8000183,2,52,2023-05-02 13:24:22,50,Y
8000183,2,52,2023-05-02 13:25:22,53,Y
8000183,2,52,2023-05-02 13:26:22,59,Y
8000183,2,52,2023-05-02 13:27:22,60,Y
8000183,2,52,2023-05-02 13:28:22,59,Y
8000183,2,52,2023-05-02 13:29:22,57,Y
8000183,2,52,2023-05-02 13:30:22,55,Y
8000183,2,52,2023-05-02 13:31:22,52,Y
8000183,2,52,2023-05-02 13:32:22,52,Y
8000183,2,52,2023-05-02 13:33:22,55,Y
8000183,2,52,2023-05-02 13:34:22,58,Y
8000183,2,52,2023-05-02 13:35:22,56,Y
8000183,2,52,2023-05-02 13:36:22,51,Y
8000183,2,52,2023-05-02 13:37:22,51,Y
8000183,2,52,2023-05-02 13:38:22,55,Y
8000183,2,52,2023-05-02 13:39:22,58,Y
8000183,2,52,2023-05-02 13:40:22,60,Y
8000183,2,52,2023-05-02 13:41:22,49,Y
8000183,2,52,2023-05-02 13:42:22,47,Y
8000183,2,52,2023-05-02 13:43:22,43,Y
8000183,2,52,2023-05-02 13:44:22,50,Y
8000183,2,52,2023-05-02 13:45:22,50,Y
8000183,2,52,2023-05-02 13:46:22,47,Y
8000183,2,52,2023-05-02 13:47:22,41,Y
8000183,2,52,2023-05-02 13:48:22,41,Y
8000183,2,52,2023-05-02 13:49:22,43,Y
8000183,2,52,2023-05-02 13:50:22,44,Y
8000183,2,52,2023-05-02 13:51:22,44,Y
8000183,2,52,2023-05-02 13:52:22,46,Y
8000183,2,52,2023-05-02 13:53:22,48,Y
8000183,2,52,2023-05-02 13:54:22,50,Y
8000183,2,52,2023-05-02 13:55:22,53,Y
8000183,2,52,2023-05-02 13:56:22,58,Y
8000183,2,52,2023-05-02 13:57:22,59,Y
8000183,2,52,2023-05-02 13:58:22,57,Y
8000183,2,52,2023-05-02 13:59:22,55,Y
8000183,2,52,2023-05-02 14:00:22,50,Y
8000183,2,52,2023-05-02 14:01:22,46,Y
8000183,2,52,2023-05-02 14:02:22,40,Y
8000183,2,52,2023-05-02 14:03:22,40,Y
8000183,2,52,2023-05-02 14:04:22,41,Y
8000183,2,52,2023-05-02 14:05:22,44,Y
8000183,2,52,2023-05-02 14:06:22,41,Y
8000183,2,52,2023-05-02 14:07:22,47,Y
8000183,2,52,2023-05-02 14:08:22,48,Y
8000183,2,52,2023-05-02 14:09:22,56,Y
8000183,2,52,2023-05-02 14:10:22,46,Y
8000183,2,52,2023-05-02 14:11:22,47,Y
8000183,2,52,2023-05-02 14:12:22,38,Y
8000183,2,52,2023-05-02 14:13:22,39,Y
8000183,2,52,2023-05-02 14:14:22,43,Y
8000183,2,52,2023-05-02 14:15:22,47,Y
8000183,2,52,2023-05-02 14:16:22,48,Y
8000183,2,52,2023-05-02 14:17:22,42,Y
8000183,2,52,2023-05-02 14:18:22,40,Y
8000183,2,52,2023-05-02 14:19:22,45,Y
8000183,2,52,2023-05-02 14:20:22,43,Y
8000183,2,52,2023-05-02 14:21:22,49,Y
8000183,2,52,2023-05-02 14:22:22,41,Y
8000183,2,52,2023-05-02 14:23:22,46,Y
8000183,2,52,2023-05-02 14:24:22,38,Y
8000183,2,52,2023-05-02 14:25:22,40,Y
8000183,2,52,2023-05-02 14:26:22,41,Y
8000183,2,52,2023-05-02 14:27:22,50,Y
8000183,2,52,2023-05-02 14:28:22,52,Y
8000183,2,52,2023-05-02 14:29:22,56,Y
8000183,2,52,2023-05-02 14:30:22,48,Y
8000183,2,52,2023-05-02 14:31:22,43,Y
8000183,2,52,2023-05-02 14:32:22,42,Y
8000183,2,52,2023-05-02 14:33:22,43,Y
8000183,2,52,2023-05-02 14:34:22,48,Y
8000183,2,52,2023-05-02 14:35:22,49,Y
8000183,2,52,2023-05-02 14:36:22,58,Y
8000183,2,52,2023-05-02 14:37:22,53,Y
8000183,2,52,2023-05-02 14:38:22,49,Y
8000183,2,52,2023-05-02 14:39:22,49,Y
8000183,2,52,2023-05-02 14:40:22,57,Y
8000183,2,52,2023-05-02 14:41:22,56,Y
8000183,2,52,2023-05-02 14:42:22,55,Y
8000183,2,52,2023-05-02 14:43:22,45,Y
8000183,2,52,2023-05-02 14:44:22,46,Y
8000183,2,52,2023-05-02 14:45:22,37,Y
8000183,2,52,2023-05-02 14:46:22,43,Y
8000183,2,52,2023-05-02 14:47:22,43,Y
8000183,2,52,2023-05-02 14:48:22,47,Y
8000183,2,52,2023-05-02 14:49:22,53,Y
8000183,2,52,2023-05-02 14:50:22,59,Y
8000183,2,52,2023-05-02 14:51:22,57,Y
8000183,2,52,2023-05-02 14:52:22,49,Y
8000183,2,52,2023-05-02 14:53:22,46,Y
8000183,2,52,2023-05-02 14:54:22,48,Y
8000183,2,52,2023-05-02 14:55:22,55,Y
8000183,2,52,2023-05-02 14:56:22,50,Y
8000183,2,52,2023-05-02 14:57:22,51,Y
8000183,2,52,2023-05-02 14:58:22,50,Y
8000183,2,52,2023-05-02 14:59:22,52,Y
8000183,2,52,2023-05-02 15:00:22,47,Y
8000183,2,52,2023-05-02 15:01:22,48,Y
8000183,2,52,2023-05-02 15:02:22,43,Y
8000183,2,52,2023-05-02 15:03:22,45,Y
8000183,2,52,2023-05-02 15:04:22,36,Y
8000183,2,52,2023-05-02 15:05:22,41,Y
8000183,2,52,2023-05-02 15:06:22,43,Y
8000183,2,52,2023-05-02 15:07:22,45,Y
8000183,2,52,2023-05-02 15:08:22,39,Y
8000183,2,52,2023-05-02 15:09:22,36,Y
8000183,2,52,2023-05-02 15:10:22,42,Y
8000183,2,52,2023-05-02 15:11:22,45,Y
8000183,2,52,2023-05-02 15:12:22,49,Y
8000183,2,52,2023-05-02 15:13:22,41,Y
8000183,2,52,2023-05-02 15:14:22,49,Y
8000183,2,52,2023-05-02 15:15:22,52,Y
8000183,2,52,2023-05-02 15:16:22,63,Y
8000183,2,52,2023-05-02 15:17:22,53,Y
8000183,2,52,2023-05-02 15:18:22,48,Y
8000183,2,52,2023-05-02 15:19:22,46,Y
8000183,2,52,2023-05-02 15:20:22,54,Y
8000183,2,52,2023-05-02 15:21:22,56,Y
8000183,2,52,2023-05-02 15:22:22,51,Y
8000183,2,52,2023-05-02 15:23:22,44,Y
8000183,2,52,2023-05-02 15:24:22,40,Y
8000183,2,52,2023-05-02 15:25:22,43,Y
8000183,2,52,2023-05-02 15:26:22,40,Y
8000183,2,52,2023-05-02 15:27:22,42,Y
8000183,2,52,2023-05-02 15:28:22,46,Y
8000183,2,52,2023-05-02 15:29:22,49,Y
8000183,2,52,2023-05-02 15:30:22,49,Y
8000183,2,52,2023-05-02 15:31:22,46,Y
8000183,2,52,2023-05-02 15:32:22,51,Y
8000183,2,52,2023-05-02 15:33:22,57,Y
8000183,2,52,2023-05-02 15:34:22,54,Y
8000183,2,52,2023-05-02 15:35:22,53,Y
8000183,2,52,2023-05-02 15:36:22,49,Y
8000183,2,52,2023-05-02 15:37:22,45,Y
8000183,2,52,2023-05-02 15:38:22,48,Y
8000183,2,52,2023-05-02 15:39:22,43,Y
8000184,2,31102,2024-04-29 15:14:12,14,Y
8000185,2,31102,2023-11-10 15:19:29,9,Y
8000186,6,30418,2024-03-03 13:35:42,17,Y
8000187,6,8,2025-02-18 08:39:00,96,Y
8000188,5,10,2025-07-26 11:09:29,96,Y
8000189,5,31102,2023-04-27 18:55:14,21,Y
8000190,6,5,2024-10-03 08:31:44,100/45,Y
8000190,6,51,2024-10-03 08:31:44,63,Y
8000191,3,30418,2023-08-14 14:00:48,7,Y
8000192,4,5,2024-03-10 22:20:10,84/51,Y
8000192,4,51,2024-03-10 22:20:10,62,Y
8000193,3,30418,2025-02-02 11:51:27,26,Y
8000194,1,14,2023-04-20 12:15:30,876.1,Y
8000195,5,10,2024-03-19 16:49:44,96,Y
8000195,5,52,2024-03-19 14:55:46,46,Y
8000195,5,52,2024-03-19 14:56:46,39,Y
8000195,5,52,2024-03-19 14:57:46,44,Y
8000195,5,52,2024-03-19 14:58:46,45,Y
8000195,5,52,2024-03-19 14:59:46,48,Y
8000195,5,52,2024-03-19 15:00:46,43,Y
8000195,5,52,2024-03-19 15:01:46,46,Y
8000195,5,52,2024-03-19 15:02:46,43,Y
8000195,5,52,2024-03-19 15:03:46,48,Y
8000195,5,52,2024-03-19 15:04:46,47,Y
8000195,5,52,2024-03-19 15:05:46,53,Y
8000195,5,52,2024-03-19 15:06:46,54,Y
8000195,5,52,2024-03-19 15:07:46,54,Y
8000195,5,52,2024-03-19 15:08:46,49,Y
8000195,5,52,2024-03-19 15:09:46,47,Y
8000195,5,52,2024-03-19 15:10:46,49,Y
8000195,5,52,2024-03-19 15:11:46,49,Y
8000195,5,52,2024-03-19 15:12:46,53,Y
8000195,5,52,2024-03-19 15:13:46,49,Y
8000195,5,52,2024-03-19 15:14:46,53,Y
8000195,5,52,2024-03-19 15:15:46,53,Y
8000195,5,52,2024-03-19 15:16:46,51,Y
8000195,5,52,2024-03-19 15:17:46,51,Y
8000195,5,52,2024-03-19 15:18:46,50,Y
8000195,5,52,2024-03-19 15:19:46,55,Y
8000195,5,52,2024-03-19 15:20:46,49,Y
8000195,5,52,2024-03-19 15:21:46,46,Y
8000195,5,52,2024-03-19 15:22:46,44,Y
8000195,5,52,2024-03-19 15:23:46,44,Y
8000195,5,52,2024-03-19 15:24:46,42,Y
8000195,5,52,2024-03-19 15:25:46,42,Y
8000195,5,52,2024-03-19 15:26:46,44,Y
8000195,5,52,2024-03-19 15:27:46,45,Y
8000195,5,52,2024-03-19 15:28:46,42,Y
8000195,5,52,2024-03-19 15:29:46,37,Y
8000195,5,52,2024-03-19 15:30:46,40,Y
8000195,5,52,2024-03-19 15:31:46,41,Y
8000195,5,52,2024-03-19 15:32:46,46,Y
8000195,5,52,2024-03-19 15:33:46,39,Y
8000195,5,52,2024-03-19 15:34:46,41,Y
8000195,5,52,2024-03-19 15:35:46,43,Y
8000195,5,52,2024-03-19 15:36:46,52,Y
8000195,5,52,2024-03-19 15:37:46,49,Y
8000195,5,52,2024-03-19 15:38:46,46,Y
8000195,5,52,2024-03-19 15:39:46,46,Y
8000195,5,52,2024-03-19 15:40:46,46,Y
8000195,5,52,2024-03-19 15:41:46,45,Y
8000195,5,52,2024-03-19 15:42:46,45,Y
8000195,5,52,2024-03-19 15:43:46,52,Y
8000195,5,52,2024-03-19 15:44:46,55,Y
8000195,5,52,2024-03-19 15:45:46,49,Y
8000195,5,52,2024-03-19 15:46:46,44,Y
8000195,5,52,2024-03-19 15:47:46,46,Y
8000195,5,52,2024-03-19 15:48:46,51,Y
8000195,5,52,2024-03-19 15:49:46,49,Y
8000195,5,52,2024-03-19 15:50:46,46,Y
8000195,5,52,2024-03-19 15:51:46,44,Y
8000195,5,52,2024-03-19 15:52:46,44,Y
8000195,5,52,2024-03-19 15:53:46,45,Y
8000195,5,52,2024-03-19 15:54:46,40,Y
8000195,5,52,2024-03-19 15:55:46,41,Y
8000195,5,52,2024-03-19 15:56:46,39,Y
8000195,5,52,2024-03-19 15:57:46,45,Y
8000195,5,52,2024-03-19 15:58:46,45,Y
8000195,5,52,2024-03-19 15:59:46,49,Y
8000195,5,52,2024-03-19 16:00:46,41,Y
8000195,5,52,2024-03-19 16:01:46,44,Y
8000195,5,52,2024-03-19 16:02:46,41,Y
8000195,5,52,2024-03-19 16:03:46,44,Y
8000195,5,52,2024-03-19 16:04:46,41,Y
8000195,5,52,2024-03-19 16:05:46,44,Y
8000195,5,52,2024-03-19 16:06:46,47,Y
8000195,5,52,2024-03-19 16:07:46,53,Y
8000195,5,52,2024-03-19 16:08:46,48,Y
8000195,5,52,2024-03-19 16:09:46,44,Y
8000195,5,52,2024-03-19 16:10:46,41,Y
8000195,5,52,2024-03-19 16:11:46,44,Y
8000195,5,52,2024-03-19 16:12:46,47,Y
8000195,5,52,2024-03-19 16:13:46,41,Y
8000195,5,52,2024-03-19 16:14:46,45,Y
8000195,5,52,2024-03-19 16:15:46,44,Y
8000195,5,52,2024-03-19 16:16:46,48,Y
8000195,5,52,2024-03-19 16:17:46,47,Y
8000195,5,52,2024-03-19 16:18:46,49,Y
8000195,5,52,2024-03-19 16:19:46,47,Y
8000195,5,52,2024-03-19 16:20:46,48,Y
8000195,5,52,2024-03-19 16:21:46,43,Y
8000195,5,52,2024-03-19 16:22:46,45,Y
8000195,5,52,2024-03-19 16:23:46,43,Y
8000195,5,52,2024-03-19 16:24:46,48,Y
8000195,5,52,2024-03-19 16:25:46,50,Y
8000195,5,52,2024-03-19 16:26:46,52,Y
8000195,5,52,2024-03-19 16:27:46,51,Y
8000195,5,52,2024-03-19 16:28:46,54,Y
8000195,5,52,2024-03-19 16:29:46,55,Y
8000195,5,52,2024-03-19 16:30:46,49,Y
8000195,5,52,2024-03-19 16:31:46,45,Y
8000195,5,52,2024-03-19 16:32:46,45,Y
8000195,5,52,2024-03-19 16:33:46,48,Y
8000195,5,52,2024-03-19 16:34:46,54,Y
8000195,5,52,2024-03-19 16:35:46,50,Y
8000195,5,52,2024-03-19 16:36:46,55,Y
8000195,5,52,2024-03-19 16:37:46,50,Y
8000195,5,52,2024-03-19 16:38:46,48,Y
8000195,5,52,2024-03-19 16:39:46,40,Y
8000195,5,52,2024-03-19 16:40:46,41,Y
8000195,5,52,2024-03-19 16:41:46,43,Y
8000195,5,52,2024-03-19 16:42:46,44,Y
8000195,5,52,2024-03-19 16:43:46,44,Y
8000195,5,52,2024-03-19 16:44:46,39,Y
8000195,5,52,2024-03-19 16:45:46,45,Y
8000195,5,52,2024-03-19 16:46:46,49,Y
8000195,5,52,2024-03-19 16:47:46,53,Y
8000195,5,52,2024-03-19 16:48:46,47,Y
8000195,5,52,2024-03-19 16:49:46,42,Y
8000195,5,52,2024-03-19 16:50:46,42,Y
8000195,5,52,2024-03-19 16:51:46,46,Y
8000195,5,52,2024-03-19 16:52:46,49,Y
8000195,5,52,2024-03-19 16:53:46,50,Y
8000195,5,52,2024-03-19 16:54:46,51,Y
8000195,5,52,2024-03-19 16:55:46,51,Y
8000195,5,52,2024-03-19 16:56:46,50,Y
8000195,5,52,2024-03-19 16:57:46,49,Y
8000195,5,52,2024-03-19 16:58:46,47,Y
8000195,5,52,2024-03-19 16:59:46,50,Y
8000195,5,52,2024-03-19 17:00:46,50,Y
8000195,5,52,2024-03-19 17:01:46,50,Y
8000195,5,52,2024-03-19 17:02:46,49,Y
8000195,5,52,2024-03-19 17:03:46,48,Y
8000195,5,52,2024-03-19 17:04:46,47,Y
8000195,5,52,2024-03-19 17:05:46,43,Y
8000195,5,52,2024-03-19 17:06:46,46,Y
8000195,5,52,2024-03-19 17:07:46,45,Y
8000195,5,52,2024-03-19 17:08:46,50,Y
8000195,5,52,2024-03-19 17:09:46,46,Y
8000195,5,52,2024-03-19 17:10:46,47,Y
8000195,5,52,2024-03-19 17:11:46,40,Y
8000195,5,52,2024-03-19 17:12:46,37,Y
8000195,5,52,2024-03-19 17:13:46,40,Y
8000195,5,52,2024-03-19 17:14:46,44,Y
8000195,5,52,2024-03-19 17:15:46,43,Y
8000196,2,31102,2025-07-07 14:07:32,0,Y
8000197,5,14,2023-08-04 16:49:24,286.2,Y
8000198,5,10,2023-07-04 18:46:14,98,Y
8000199,1,14,2025-09-12 01:29:48,301.0,Y
8000199,1,52,2025-09-12 07:17:48,57,Y
8000199,1,52,2025-09-12 07:18:48,53,Y
8000199,1,52,2025-09-12 07:19:48,54,Y
8000199,1,52,2025-09-12 07:20:48,49,Y
8000199,1,52,2025-09-12 07:21:48,50,Y
8000199,1,52,2025-09-12 07:22:48,56,Y
8000199,1,52,2025-09-12 07:23:48,61,Y
8000199,1,52,2025-09-12 07:24:48,62,Y
8000199,1,52,2025-09-12 07:25:48,58,Y
8000199,1,52,2025-09-12 07:26:48,57,Y
8000199,1,52,2025-09-12 07:27:48,53,Y
8000199,1,52,2025-09-12 07:28:48,55,Y
8000199,1,52,2025-09-12 07:29:48,52,Y
8000199,1,52,2025-09-12 07:30:48,55,Y
8000199,1,52,2025-09-12 07:31:48,52,Y
8000199,1,52,2025-09-12 07:32:48,56,Y
8000199,1,52,2025-09-12 07:33:48,55,Y
8000199,1,52,2025-09-12 07:34:48,61,Y
8000199,1,52,2025-09-12 07:35:48,60,Y
8000199,1,52,2025-09-12 07:36:48,64,Y
8000199,1,52,2025-09-12 07:37:48,61,Y
8000199,1,52,2025-09-12 07:38:48,57,Y
8000199,1,52,2025-09-12 07:39:48,58,Y
8000199,1,52,2025-09-12 07:40:48,60,Y
8000199,1,52,2025-09-12 07:41:48,63,Y
8000199,1,52,2025-09-12 07:42:48,61,Y
8000199,1,52,2025-09-12 07:43:48,60,Y
8000199,1,52,2025-09-12 07:44:48,62,Y
8000199,1,52,2025-09-12 07:45:48,64,Y
8000199,1,52,2025-09-12 07:46:48,57,Y
8000199,1,52,2025-09-12 07:47:48,60,Y
8000199,1,52,2025-09-12 07:48:48,52,Y
8000199,1,52,2025-09-12 07:49:48,60,Y
8000199,1,52,2025-09-12 07:50:48,55,Y
8000199,1,52,2025-09-12 07:51:48,62,Y
8000199,1,52,2025-09-12 07:52:48,59,Y
8000199,1,52,2025-09-12 07:53:48,56,Y
8000199,1,52,2025-09-12 07:54:48,54,Y
8000199,1,52,2025-09-12 07:55:48,50,Y
8000199,1,52,2025-09-12 07:56:48,55,Y
8000199,1,52,2025-09-12 07:57:48,52,Y
8000199,1,52,2025-09-12 07:58:48,60,Y
8000199,1,52,2025-09-12 07:59:48,56,Y
8000199,1,52,2025-09-12 08:00:48,55,Y
8000199,1,52,2025-09-12 08:01:48,51,Y
8000199,1,52,2025-09-12 08:02:48,56,Y
8000199,1,52,2025-09-12 08:03:48,61,Y
8000199,1,52,2025-09-12 08:04:48,60,Y
8000199,1,52,2025-09-12 08:05:48,57,Y
8000199,1,52,2025-09-12 08:06:48,52,Y
8000199,1,52,2025-09-12 08:07:48,54,Y
8000199,1,52,2025-09-12 08:08:48,55,Y
8000199,1,52,2025-09-12 08:09:48,59,Y
8000199,1,52,2025-09-12 08:10:48,59,Y
8000199,1,52,2025-09-12 08:11:48,58,Y
8000199,1,52,2025-09-12 08:12:48,52,Y
8000199,1,52,2025-09-12 08:13:48,53,Y
8000199,1,52,2025-09-12 08:14:48,57,Y
8000199,1,52,2025-09-12 08:15:48,60,Y
8000199,1,52,2025-09-12 08:16:48,60,Y
8000199,1,52,2025-09-12 08:17:48,54,Y
8000199,1,52,2025-09-12 08:18:48,52,Y
8000199,1,52,2025-09-12 08:19:48,55,Y
8000199,1,52,2025-09-12 08:20:48,59,Y
8000199,1,52,2025-09-12 08:21:48,60,Y
8000199,1,52,2025-09-12 08:22:48,55,Y
8000199,1,52,2025-09-12 08:23:48,50,Y
8000199,1,52,2025-09-12 08:24:48,53,Y
8000199,1,52,2025-09-12 08:25:48,56,Y
8000199,1,52,2025-09-12 08:26:48,56,Y
8000199,1,52,2025-09-12 08:27:48,60,Y
8000199,1,52,2025-09-12 08:28:48,55,Y
8000199,1,52,2025-09-12 08:29:48,56,Y
8000199,1,52,2025-09-12 08:30:48,50,Y
8000199,1,52,2025-09-12 08:31:48,54,Y
8000199,1,52,2025-09-12 08:32:48,54,Y
8000199,1,52,2025-09-12 08:33:48,54,Y
8000199,1,52,2025-09-12 08:34:48,50,Y
8000199,1,52,2025-09-12 08:35:48,55,Y
8000199,1,52,2025-09-12 08:36:48,61,Y
8000199,1,52,2025-09-12 08:37:48,64,Y
990000171,1,5,2024-03-05 09:40:00,50/30,
990000172,2,5,2024-03-06 09:40:00,50/30,
990000173,3,5,2024-03-07 11:30:00,50/30,
990000174,4,5,2024-03-08 09:40:00,50/30,N
990000271,1,5,2024-05-09 09:30:00,55/30,
990000272,2,5,2024-05-10 09:30:00,55/30,
990000273,3,5,2021-02-28 09:30:00,55/30,
990000274,4,5,2021-03-01 09:30:00,55/30,
990000371,1,5,2024-04-02 08:30:00,101/61,
990000371,2,5,2024-04-02 09:00:00,103/63,
990000372,3,5,2024-04-04 13:30:00,102/62,
990000471,1,5,2024-06-15 00:30:00,95/55,
990000571,1,5,2024-06-21 08:30:00,98/58,
990000571,2,5,2024-06-21 11:00:00,96/56,
990000771,1,5,2024-07-10 08:30:00,120/80,
990000771,2,5,2024-07-10 08:30:00,120/80,
990000871,1,5,2024-07-12 08:20:00,110/,
990000871,2,5,2024-07-12 08:30:00,unrecordable,
990000871,3,5,2024-07-12 08:40:00,100/60,
990000971,1,14,2024-07-15 11:00:00,352,
990001371,1,5,2024-07-24 08:30:00,99/59,
990001471,1,8,2024-08-20 07:00:00,100,
990001471,2,8,2024-08-20 07:00:10,101,
990001471,3,8,2024-08-20 07:00:20,102,
990001471,4,8,2024-08-20 07:00:30,103,
990001471,5,8,2024-08-20 07:00:40,104,
990001471,6,8,2024-08-20 07:00:50,105,
990001471,7,8,2024-08-20 07:01:00,106,
990001471,8,8,2024-08-20 07:01:10,107,
990001471,9,8,2024-08-20 07:01:20,108,
990001471,10,8,2024-08-20 07:01:30,109,
990001471,11,8,2024-08-20 07:01:40,110,
990001471,12,8,2024-08-20 07:01:50,111,
990001471,13,8,2024-08-20 07:02:00,112,
990001471,14,8,2024-08-20 07:02:10,113,
990001471,15,8,2024-08-20 07:02:20,114,
990001471,16,8,2024-08-20 07:02:30,115,
990001471,17,8,2024-08-20 07:02:40,116,
990001471,18,8,2024-08-20 07:02:50,117,
990001471,19,8,2024-08-20 07:03:00,118,
990001471,20,8,2024-08-20 07:03:10,119,
990001471,21,8,2024-08-20 07:03:20,120,
990001471,22,8,2024-08-20 07:03:30,121,
990001471,23,8,2024-08-20 07:03:40,122,
990001471,24,8,2024-08-20 07:03:50,123,
990001471,25,8,2024-08-20 07:04:00,124,
990001471,26,8,2024-08-20 07:04:10,125,
990001471,27,8,2024-08-20 07:04:20,126,
990001471,28,8,2024-08-20 07:04:30,127,
990001471,29,8,2024-08-20 07:04:40,128,
990001471,30,8,2024-08-20 07:04:50,129,
990001471,31,8,2024-08-20 07:05:00,130,
990001471,32,8,2024-08-20 07:05:10,131,
990001471,33,8,2024-08-20 07:05:20,132,
990001471,34,8,2024-08-20 07:05:30,133,
990001471,35,8,2024-08-20 07:05:40,134,
990001471,36,8,2024-08-20 07:05:50,135,
990001471,37,8,2024-08-20 07:06:00,136,
990001471,38,8,2024-08-20 07:06:10,137,
990001471,39,8,2024-08-20 07:06:20,138,
990001471,40,8,2024-08-20 07:06:30,139,
990001471,41,8,2024-08-20 07:06:40,100,
990001471,42,8,2024-08-20 07:06:50,101,
990001471,43,8,2024-08-20 07:07:00,102,
990001471,44,8,2024-08-20 07:07:10,103,
990001471,45,8,2024-08-20 07:07:20,104,
990001471,46,8,2024-08-20 07:07:30,105,
990001471,47,8,2024-08-20 07:07:40,106,
990001471,48,8,2024-08-20 07:07:50,107,
990001471,49,8,2024-08-20 07:08:00,108,
990001471,50,8,2024-08-20 07:08:10,109,
990001471,51,8,2024-08-20 07:08:20,110,
990001471,52,8,2024-08-20 07:08:30,111,
990001471,53,8,2024-08-20 07:08:40,112,
990001471,54,8,2024-08-20 07:08:50,113,
990001471,55,8,2024-08-20 07:09:00,114,
990001471,56,8,2024-08-20 07:09:10,115,
990001471,57,8,2024-08-20 07:09:20,116,
990001471,58,8,2024-08-20 07:09:30,117,
990001471,59,8,2024-08-20 07:09:40,118,
990001471,60,8,2024-08-20 07:09:50,119,
990001471,61,8,2024-08-20 07:10:00,120,
990001471,62,8,2024-08-20 07:10:10,121,
990001471,63,8,2024-08-20 07:10:20,122,
990001471,64,8,2024-08-20 07:10:30,123,
990001471,65,8,2024-08-20 07:10:40,124,
990001471,66,8,2024-08-20 07:10:50,125,
990001471,67,8,2024-08-20 07:11:00,126,
990001471,68,8,2024-08-20 07:11:10,127,
990001471,69,8,2024-08-20 07:11:20,128,
990001471,70,8,2024-08-20 07:11:30,129,
990001471,71,8,2024-08-20 07:11:40,130,
990001471,72,8,2024-08-20 07:11:50,131,
990001471,73,8,2024-08-20 07:12:00,132,
990001471,74,8,2024-08-20 07:12:10,133,
990001471,75,8,2024-08-20 07:12:20,134,
990001471,76,8,2024-08-20 07:12:30,135,
990001471,77,8,2024-08-20 07:12:40,136,
990001471,78,8,2024-08-20 07:12:50,137,
990001471,79,8,2024-08-20 07:13:00,138,
990001471,80,8,2024-08-20 07:13:10,139,
990001471,81,8,2024-08-20 07:13:20,100,
990001471,82,8,2024-08-20 07:13:30,101,
990001471,83,8,2024-08-20 07:13:40,102,
990001471,84,8,2024-08-20 07:13:50,103,
990001471,85,8,2024-08-20 07:14:00,104,
990001471,86,8,2024-08-20 07:14:10,105,
990001471,87,8,2024-08-20 07:14:20,106,
990001471,88,8,2024-08-20 07:14:30,107,
990001471,89,8,2024-08-20 07:14:40,108,
990001471,90,8,2024-08-20 07:14:50,109,
990001471,91,8,2024-08-20 07:15:00,110,
990001471,92,8,2024-08-20 07:15:10,111,
990001471,93,8,2024-08-20 07:15:20,112,
990001471,94,8,2024-08-20 07:15:30,113,
990001471,95,8,2024-08-20 07:15:40,114,
990001471,96,8,2024-08-20 07:15:50,115,
990001471,97,8,2024-08-20 07:16:00,116,
990001471,98,8,2024-08-20 07:16:10,117,
990001471,99,8,2024-08-20 07:16:20,118,
990001471,100,8,2024-08-20 07:16:30,119,
990001471,101,8,2024-08-20 07:16:40,120,
990001471,102,8,2024-08-20 07:16:50,121,
990001471,103,8,2024-08-20 07:17:00,122,
990001471,104,8,2024-08-20 07:17:10,123,
990001471,105,8,2024-08-20 07:17:20,124,
990001471,106,8,2024-08-20 07:17:30,125,
990001471,107,8,2024-08-20 07:17:40,126,
990001471,108,8,2024-08-20 07:17:50,127,
990001471,109,8,2024-08-20 07:18:00,128,
990001471,110,8,2024-08-20 07:18:10,129,
990001471,111,8,2024-08-20 07:18:20,130,
990001471,112,8,2024-08-20 07:18:30,131,
990001471,113,8,2024-08-20 07:18:40,132,
990001471,114,8,2024-08-20 07:18:50,133,
990001471,115,8,2024-08-20 07:19:00,134,
990001471,116,8,2024-08-20 07:19:10,135,
990001471,117,8,2024-08-20 07:19:20,136,
990001471,118,8,2024-08-20 07:19:30,137,
990001471,119,8,2024-08-20 07:19:40,138,
990001471,120,8,2024-08-20 07:19:50,139,
990001471,121,8,2024-08-20 07:20:00,100,
990001471,122,8,2024-08-20 07:20:10,101,
990001471,123,8,2024-08-20 07:20:20,102,
990001471,124,8,2024-08-20 07:20:30,103,
990001471,125,8,2024-08-20 07:20:40,104,
990001471,126,8,2024-08-20 07:20:50,105,
990001471,127,8,2024-08-20 07:21:00,106,
990001471,128,8,2024-08-20 07:21:10,107,
990001471,129,8,2024-08-20 07:21:20,108,
990001471,130,8,2024-08-20 07:21:30,109,
990001471,131,8,2024-08-20 07:21:40,110,
990001471,132,8,2024-08-20 07:21:50,111,
990001471,133,8,2024-08-20 07:22:00,112,
990001471,134,8,2024-08-20 07:22:10,113,
990001471,135,8,2024-08-20 07:22:20,114,
990001471,136,8,2024-08-20 07:22:30,115,
990001471,137,8,2024-08-20 07:22:40,116,
990001471,138,8,2024-08-20 07:22:50,117,
990001471,139,8,2024-08-20 07:23:00,118,
990001471,140,8,2024-08-20 07:23:10,119,
990001471,141,8,2024-08-20 07:23:20,120,
990001471,142,8,2024-08-20 07:23:30,121,
990001471,143,8,2024-08-20 07:23:40,122,
990001471,144,8,2024-08-20 07:23:50,123,
990001471,145,8,2024-08-20 07:24:00,124,
990001471,146,8,2024-08-20 07:24:10,125,
990001471,147,8,2024-08-20 07:24:20,126,
990001471,148,8,2024-08-20 07:24:30,127,
990001471,149,8,2024-08-20 07:24:40,128,
990001471,150,8,2024-08-20 07:24:50,129,
990001471,151,8,2024-08-20 07:25:00,130,
990001471,152,8,2024-08-20 07:25:10,131,
990001471,153,8,2024-08-20 07:25:20,132,
990001471,154,8,2024-08-20 07:25:30,133,
990001471,155,8,2024-08-20 07:25:40,134,
990001471,156,8,2024-08-20 07:25:50,135,
990001471,157,8,2024-08-20 07:26:00,136,
990001471,158,8,2024-08-20 07:26:10,137,
990001471,159,8,2024-08-20 07:26:20,138,
990001471,160,8,2024-08-20 07:26:30,139,
990001471,161,8,2024-08-20 07:26:40,100,
990001471,162,8,2024-08-20 07:26:50,101,
990001471,163,8,2024-08-20 07:27:00,102,
990001471,164,8,2024-08-20 07:27:10,103,
990001471,165,8,2024-08-20 07:27:20,104,
990001471,166,8,2024-08-20 07:27:30,105,
990001471,167,8,2024-08-20 07:27:40,106,
990001471,168,8,2024-08-20 07:27:50,107,
990001471,169,8,2024-08-20 07:28:00,108,
990001471,170,8,2024-08-20 07:28:10,109,
990001471,171,8,2024-08-20 07:28:20,110,
990001471,172,8,2024-08-20 07:28:30,111,
990001471,173,8,2024-08-20 07:28:40,112,
990001471,174,8,2024-08-20 07:28:50,113,
990001471,175,8,2024-08-20 07:29:00,114,
990001471,176,8,2024-08-20 07:29:10,115,
990001471,177,8,2024-08-20 07:29:20,116,
990001471,178,8,2024-08-20 07:29:30,117,
990001471,179,8,2024-08-20 07:29:40,118,
990001471,180,8,2024-08-20 07:29:50,119,
990001471,181,8,2024-08-20 07:30:00,120,
990001471,182,8,2024-08-20 07:30:10,121,
990001471,183,8,2024-08-20 07:30:20,122,
990001471,184,8,2024-08-20 07:30:30,123,
990001471,185,8,2024-08-20 07:30:40,124,
990001471,186,8,2024-08-20 07:30:50,125,
990001471,187,8,2024-08-20 07:31:00,126,
990001471,188,8,2024-08-20 07:31:10,127,
990001471,189,8,2024-08-20 07:31:20,128,
990001471,190,8,2024-08-20 07:31:30,129,
990001471,191,8,2024-08-20 07:31:40,130,
990001471,192,8,2024-08-20 07:31:50,131,
990001471,193,8,2024-08-20 07:32:00,132,
990001471,194,8,2024-08-20 07:32:10,133,
990001471,195,8,2024-08-20 07:32:20,134,
990001471,196,8,2024-08-20 07:32:30,135,
990001471,197,8,2024-08-20 07:32:40,136,
990001471,198,8,2024-08-20 07:32:50,137,
990001471,199,8,2024-08-20 07:33:00,138,
990001471,200,8,2024-08-20 07:33:10,139,
990001471,201,8,2024-08-20 07:33:20,100,
990001471,202,8,2024-08-20 07:33:30,101,
990001471,203,8,2024-08-20 07:33:40,102,
990001471,204,8,2024-08-20 07:33:50,103,
990001471,205,8,2024-08-20 07:34:00,104,
990001471,206,8,2024-08-20 07:34:10,105,
990001471,207,8,2024-08-20 07:34:20,106,
990001471,208,8,2024-08-20 07:34:30,107,
990001471,209,8,2024-08-20 07:34:40,108,
990001471,210,8,2024-08-20 07:34:50,109,
990001471,211,8,2024-08-20 07:35:00,110,
990001471,212,8,2024-08-20 07:35:10,111,
990001471,213,8,2024-08-20 07:35:20,112,
990001471,214,8,2024-08-20 07:35:30,113,
990001471,215,8,2024-08-20 07:35:40,114,
990001471,216,8,2024-08-20 07:35:50,115,
990001471,217,8,2024-08-20 07:36:00,116,
990001471,218,8,2024-08-20 07:36:10,117,
990001471,219,8,2024-08-20 07:36:20,118,
990001471,220,8,2024-08-20 07:36:30,119,
990001471,221,8,2024-08-20 07:36:40,120,
990001471,222,8,2024-08-20 07:36:50,121,
990001471,223,8,2024-08-20 07:37:00,122,
990001471,224,8,2024-08-20 07:37:10,123,
990001471,225,8,2024-08-20 07:37:20,124,
990001471,226,8,2024-08-20 07:37:30,125,
990001471,227,8,2024-08-20 07:37:40,126,
990001471,228,8,2024-08-20 07:37:50,127,
990001471,229,8,2024-08-20 07:38:00,128,
990001471,230,8,2024-08-20 07:38:10,129,
990001471,231,8,2024-08-20 07:38:20,130,
990001471,232,8,2024-08-20 07:38:30,131,
990001471,233,8,2024-08-20 07:38:40,132,
990001471,234,8,2024-08-20 07:38:50,133,
990001471,235,8,2024-08-20 07:39:00,134,
990001471,236,8,2024-08-20 07:39:10,135,
990001471,237,8,2024-08-20 07:39:20,136,
990001471,238,8,2024-08-20 07:39:30,137,
990001471,239,8,2024-08-20 07:39:40,138,
990001471,240,8,2024-08-20 07:39:50,139,
990001471,241,8,2024-08-20 07:40:00,100,
990001471,242,8,2024-08-20 07:40:10,101,
990001471,243,8,2024-08-20 07:40:20,102,
990001471,244,8,2024-08-20 07:40:30,103,
990001471,245,8,2024-08-20 07:40:40,104,
990001471,246,8,2024-08-20 07:40:50,105,
990001471,247,8,2024-08-20 07:41:00,106,
990001471,248,8,2024-08-20 07:41:10,107,
990001471,249,8,2024-08-20 07:41:20,108,
990001471,250,8,2024-08-20 07:41:30,109,
990001471,251,8,2024-08-20 07:41:40,110,
990001471,252,8,2024-08-20 07:41:50,111,
990001471,253,8,2024-08-20 07:42:00,112,
990001471,254,8,2024-08-20 07:42:10,113,
990001471,255,8,2024-08-20 07:42:20,114,
990001471,256,8,2024-08-20 07:42:30,115,
990001471,257,8,2024-08-20 07:42:40,116,
990001471,258,8,2024-08-20 07:42:50,117,
990001471,259,8,2024-08-20 07:43:00,118,
990001471,260,8,2024-08-20 07:43:10,119,
990001471,261,8,2024-08-20 07:43:20,120,
990001471,262,8,2024-08-20 07:43:30,121,
990001471,263,8,2024-08-20 07:43:40,122,
990001471,264,8,2024-08-20 07:43:50,123,
990001471,265,8,2024-08-20 07:44:00,124,
990001471,266,8,2024-08-20 07:44:10,125,
990001471,267,8,2024-08-20 07:44:20,126,
990001471,268,8,2024-08-20 07:44:30,127,
990001471,269,8,2024-08-20 07:44:40,128,
990001471,270,8,2024-08-20 07:44:50,129,
990001471,271,8,2024-08-20 07:45:00,130,
990001471,272,8,2024-08-20 07:45:10,131,
990001471,273,8,2024-08-20 07:45:20,132,
990001471,274,8,2024-08-20 07:45:30,133,
990001471,275,8,2024-08-20 07:45:40,134,
990001471,276,8,2024-08-20 07:45:50,135,
990001471,277,8,2024-08-20 07:46:00,136,
990001471,278,8,2024-08-20 07:46:10,137,
990001471,279,8,2024-08-20 07:46:20,138,
990001471,280,8,2024-08-20 07:46:30,139,
990001471,281,8,2024-08-20 07:46:40,100,
990001471,282,8,2024-08-20 07:46:50,101,
990001471,283,8,2024-08-20 07:47:00,102,
990001471,284,8,2024-08-20 07:47:10,103,
990001471,285,8,2024-08-20 07:47:20,104,
990001471,286,8,2024-08-20 07:47:30,105,
990001471,287,8,2024-08-20 07:47:40,106,
990001471,288,8,2024-08-20 07:47:50,107,
990001471,289,8,2024-08-20 07:48:00,108,
990001471,290,8,2024-08-20 07:48:10,109,
990001471,291,8,2024-08-20 07:48:20,110,
990001471,292,8,2024-08-20 07:48:30,111,
990001471,293,8,2024-08-20 07:48:40,112,
990001471,294,8,2024-08-20 07:48:50,113,
990001471,295,8,2024-08-20 07:49:00,114,
990001471,296,8,2024-08-20 07:49:10,115,
990001471,297,8,2024-08-20 07:49:20,116,
990001471,298,8,2024-08-20 07:49:30,117,
990001471,299,8,2024-08-20 07:49:40,118,
990001471,300,8,2024-08-20 07:49:50,119,
990001471,301,8,2024-08-20 07:50:00,120,
990001471,302,8,2024-08-20 07:50:10,121,
990001471,303,8,2024-08-20 07:50:20,122,
990001471,304,8,2024-08-20 07:50:30,123,
990001471,305,8,2024-08-20 07:50:40,124,
990001471,306,8,2024-08-20 07:50:50,125,
990001471,307,8,2024-08-20 07:51:00,126,
990001471,308,8,2024-08-20 07:51:10,127,
990001471,309,8,2024-08-20 07:51:20,128,
990001471,310,8,2024-08-20 07:51:30,129,
990001471,311,8,2024-08-20 07:51:40,130,
990001471,312,8,2024-08-20 07:51:50,131,
990001471,313,8,2024-08-20 07:52:00,132,
990001471,314,8,2024-08-20 07:52:10,133,
990001471,315,8,2024-08-20 07:52:20,134,
990001471,316,8,2024-08-20 07:52:30,135,
990001471,317,8,2024-08-20 07:52:40,136,
990001471,318,8,2024-08-20 07:52:50,137,
990001471,319,8,2024-08-20 07:53:00,138,
990001471,320,8,2024-08-20 07:53:10,139,
990001471,321,8,2024-08-20 07:53:20,100,
990001471,322,8,2024-08-20 07:53:30,101,
990001471,323,8,2024-08-20 07:53:40,102,
990001471,324,8,2024-08-20 07:53:50,103,
990001471,325,8,2024-08-20 07:54:00,104,
990001471,326,8,2024-08-20 07:54:10,105,
990001471,327,8,2024-08-20 07:54:20,106,
990001471,328,8,2024-08-20 07:54:30,107,
990001471,329,8,2024-08-20 07:54:40,108,
990001471,330,8,2024-08-20 07:54:50,109,
990001471,331,8,2024-08-20 07:55:00,110,
990001471,332,8,2024-08-20 07:55:10,111,
990001471,333,8,2024-08-20 07:55:20,112,
990001471,334,8,2024-08-20 07:55:30,113,
990001471,335,8,2024-08-20 07:55:40,114,
990001471,336,8,2024-08-20 07:55:50,115,
990001471,337,8,2024-08-20 07:56:00,116,
990001471,338,8,2024-08-20 07:56:10,117,
990001471,339,8,2024-08-20 07:56:20,118,
990001471,340,8,2024-08-20 07:56:30,119,
990001471,341,8,2024-08-20 07:56:40,120,
990001471,342,8,2024-08-20 07:56:50,121,
990001471,343,8,2024-08-20 07:57:00,122,
990001471,344,8,2024-08-20 07:57:10,123,
990001471,345,8,2024-08-20 07:57:20,124,
990001471,346,8,2024-08-20 07:57:30,125,
990001471,347,8,2024-08-20 07:57:40,126,
990001471,348,8,2024-08-20 07:57:50,127,
990001471,349,8,2024-08-20 07:58:00,128,
990001471,350,8,2024-08-20 07:58:10,129,
990001471,351,8,2024-08-20 07:58:20,130,
990001471,352,8,2024-08-20 07:58:30,131,
990001471,353,8,2024-08-20 07:58:40,132,
990001471,354,8,2024-08-20 07:58:50,133,
990001471,355,8,2024-08-20 07:59:00,134,
990001471,356,8,2024-08-20 07:59:10,135,
990001471,357,8,2024-08-20 07:59:20,136,
990001471,358,8,2024-08-20 07:59:30,137,
990001471,359,8,2024-08-20 07:59:40,138,
990001471,360,8,2024-08-20 07:59:50,139,
990001471,361,8,2024-08-20 08:00:00,100,
990001471,362,8,2024-08-20 08:00:10,101,
990001471,363,8,2024-08-20 08:00:20,102,
990001471,364,8,2024-08-20 08:00:30,103,
990001471,365,8,2024-08-20 08:00:40,104,
990001471,366,8,2024-08-20 08:00:50,105,
990001471,367,8,2024-08-20 08:01:00,106,
990001471,368,8,2024-08-20 08:01:10,107,
990001471,369,8,2024-08-20 08:01:20,108,
990001471,370,8,2024-08-20 08:01:30,109,
990001471,371,8,2024-08-20 08:01:40,110,
990001471,372,8,2024-08-20 08:01:50,111,
990001471,373,8,2024-08-20 08:02:00,112,
990001471,374,8,2024-08-20 08:02:10,113,
990001471,375,8,2024-08-20 08:02:20,114,
990001471,376,8,2024-08-20 08:02:30,115,
990001471,377,8,2024-08-20 08:02:40,116,
990001471,378,8,2024-08-20 08:02:50,117,
990001471,379,8,2024-08-20 08:03:00,118,
990001471,380,8,2024-08-20 08:03:10,119,
990001471,381,8,2024-08-20 08:03:20,120,
990001471,382,8,2024-08-20 08:03:30,121,
990001471,383,8,2024-08-20 08:03:40,122,
990001471,384,8,2024-08-20 08:03:50,123,
990001471,385,8,2024-08-20 08:04:00,124,
990001471,386,8,2024-08-20 08:04:10,125,
990001471,387,8,2024-08-20 08:04:20,126,
990001471,388,8,2024-08-20 08:04:30,127,
990001471,389,8,2024-08-20 08:04:40,128,
990001471,390,8,2024-08-20 08:04:50,129,
990001471,391,8,2024-08-20 08:05:00,130,
990001471,392,8,2024-08-20 08:05:10,131,
990001471,393,8,2024-08-20 08:05:20,132,
990001471,394,8,2024-08-20 08:05:30,133,
990001471,395,8,2024-08-20 08:05:40,134,
990001471,396,8,2024-08-20 08:05:50,135,
990001471,397,8,2024-08-20 08:06:00,136,
990001471,398,8,2024-08-20 08:06:10,137,
990001471,399,8,2024-08-20 08:06:20,138,
990001471,400,8,2024-08-20 08:06:30,139,
990001471,401,8,2024-08-20 08:06:40,100,
990001471,402,8,2024-08-20 08:06:50,101,
990001471,403,8,2024-08-20 08:07:00,102,
990001471,404,8,2024-08-20 08:07:10,103,
990001471,405,8,2024-08-20 08:07:20,104,
990001471,406,8,2024-08-20 08:07:30,105,
990001471,407,8,2024-08-20 08:07:40,106,
990001471,408,8,2024-08-20 08:07:50,107,
990001471,409,8,2024-08-20 08:08:00,108,
990001471,410,8,2024-08-20 08:08:10,109,
990001471,411,8,2024-08-20 08:08:20,110,
990001471,412,8,2024-08-20 08:08:30,111,
990001471,413,8,2024-08-20 08:08:40,112,
990001471,414,8,2024-08-20 08:08:50,113,
990001471,415,8,2024-08-20 08:09:00,114,
990001471,416,8,2024-08-20 08:09:10,115,
990001471,417,8,2024-08-20 08:09:20,116,
990001471,418,8,2024-08-20 08:09:30,117,
990001471,419,8,2024-08-20 08:09:40,118,
990001471,420,8,2024-08-20 08:09:50,119,
990001471,421,8,2024-08-20 08:10:00,120,
990001471,422,8,2024-08-20 08:10:10,121,
990001471,423,8,2024-08-20 08:10:20,122,
990001471,424,8,2024-08-20 08:10:30,123,
990001471,425,8,2024-08-20 08:10:40,124,
990001471,426,8,2024-08-20 08:10:50,125,
990001471,427,8,2024-08-20 08:11:00,126,
990001471,428,8,2024-08-20 08:11:10,127,
990001471,429,8,2024-08-20 08:11:20,128,
990001471,430,8,2024-08-20 08:11:30,129,
990001471,431,8,2024-08-20 08:11:40,130,
990001471,432,8,2024-08-20 08:11:50,131,
990001471,433,8,2024-08-20 08:12:00,132,
990001471,434,8,2024-08-20 08:12:10,133,
990001471,435,8,2024-08-20 08:12:20,134,
990001471,436,8,2024-08-20 08:12:30,135,
990001471,437,8,2024-08-20 08:12:40,136,
990001471,438,8,2024-08-20 08:12:50,137,
990001471,439,8,2024-08-20 08:13:00,138,
990001471,440,8,2024-08-20 08:13:10,139,
990001471,441,8,2024-08-20 08:13:20,100,
990001471,442,8,2024-08-20 08:13:30,101,
990001471,443,8,2024-08-20 08:13:40,102,
990001471,444,8,2024-08-20 08:13:50,103,
990001471,445,8,2024-08-20 08:14:00,104,
990001471,446,8,2024-08-20 08:14:10,105,
990001471,447,8,2024-08-20 08:14:20,106,
990001471,448,8,2024-08-20 08:14:30,107,
990001471,449,8,2024-08-20 08:14:40,108,
990001471,450,8,2024-08-20 08:14:50,109,
990001471,451,8,2024-08-20 08:15:00,110,
990001471,452,8,2024-08-20 08:15:10,111,
990001471,453,8,2024-08-20 08:15:20,112,
990001471,454,8,2024-08-20 08:15:30,113,
990001471,455,8,2024-08-20 08:15:40,114,
990001471,456,8,2024-08-20 08:15:50,115,
990001471,457,8,2024-08-20 08:16:00,116,
990001471,458,8,2024-08-20 08:16:10,117,
990001471,459,8,2024-08-20 08:16:20,118,
990001471,460,8,2024-08-20 08:16:30,119,
990001471,461,8,2024-08-20 08:16:40,120,
990001471,462,8,2024-08-20 08:16:50,121,
990001471,463,8,2024-08-20 08:17:00,122,
990001471,464,8,2024-08-20 08:17:10,123,
990001471,465,8,2024-08-20 08:17:20,124,
990001471,466,8,2024-08-20 08:17:30,125,
990001471,467,8,2024-08-20 08:17:40,126,
990001471,468,8,2024-08-20 08:17:50,127,
990001471,469,8,2024-08-20 08:18:00,128,
990001471,470,8,2024-08-20 08:18:10,129,
990001471,471,8,2024-08-20 08:18:20,130,
990001471,472,8,2024-08-20 08:18:30,131,
990001471,473,8,2024-08-20 08:18:40,132,
990001471,474,8,2024-08-20 08:18:50,133,
990001471,475,8,2024-08-20 08:19:00,134,
990001471,476,8,2024-08-20 08:19:10,135,
990001471,477,8,2024-08-20 08:19:20,136,
990001471,478,8,2024-08-20 08:19:30,137,
990001471,479,8,2024-08-20 08:19:40,138,
990001471,480,8,2024-08-20 08:19:50,139,
990001471,481,8,2024-08-20 08:20:00,100,
990001471,482,8,2024-08-20 08:20:10,101,
990001471,483,8,2024-08-20 08:20:20,102,
990001471,484,8,2024-08-20 08:20:30,103,
990001471,485,8,2024-08-20 08:20:40,104,
990001471,486,8,2024-08-20 08:20:50,105,
990001471,487,8,2024-08-20 08:21:00,106,
990001471,488,8,2024-08-20 08:21:10,107,
990001471,489,8,2024-08-20 08:21:20,108,
990001471,490,8,2024-08-20 08:21:30,109,
990001471,491,8,2024-08-20 08:21:40,110,
990001471,492,8,2024-08-20 08:21:50,111,
990001471,493,8,2024-08-20 08:22:00,112,
990001471,494,8,2024-08-20 08:22:10,113,
990001471,495,8,2024-08-20 08:22:20,114,
990001471,496,8,2024-08-20 08:22:30,115,
990001471,497,8,2024-08-20 08:22:40,116,
990001471,498,8,2024-08-20 08:22:50,117,
990001471,499,8,2024-08-20 08:23:00,118,
990001471,500,8,2024-08-20 08:23:10,119,
990001471,501,8,2024-08-20 08:23:20,120,
990001471,502,8,2024-08-20 08:23:30,121,
990001471,503,8,2024-08-20 08:23:40,122,
990001471,504,8,2024-08-20 08:23:50,123,
990001471,505,8,2024-08-20 08:24:00,124,
990001471,506,8,2024-08-20 08:24:10,125,
990001471,507,8,2024-08-20 08:24:20,126,
990001471,508,8,2024-08-20 08:24:30,127,
990001471,509,8,2024-08-20 08:24:40,128,
990001471,510,8,2024-08-20 08:24:50,129,
990001471,511,8,2024-08-20 08:25:00,130,
990001471,512,8,2024-08-20 08:25:10,131,
990001471,513,8,2024-08-20 08:25:20,132,
990001471,514,8,2024-08-20 08:25:30,133,
990001471,515,8,2024-08-20 08:25:40,134,
990001471,516,8,2024-08-20 08:25:50,135,
990001471,517,8,2024-08-20 08:26:00,136,
990001471,518,8,2024-08-20 08:26:10,137,
990001471,519,8,2024-08-20 08:26:20,138,
990001471,520,8,2024-08-20 08:26:30,139,
990001471,521,8,2024-08-20 08:26:40,100,
990001471,522,8,2024-08-20 08:26:50,101,
990001471,523,8,2024-08-20 08:27:00,102,
990001471,524,8,2024-08-20 08:27:10,103,
990001471,525,8,2024-08-20 08:27:20,104,
990001471,526,8,2024-08-20 08:27:30,105,
990001471,527,8,2024-08-20 08:27:40,106,
990001471,528,8,2024-08-20 08:27:50,107,
990001471,529,8,2024-08-20 08:28:00,108,
990001471,530,8,2024-08-20 08:28:10,109,
990001471,531,8,2024-08-20 08:28:20,110,
990001471,532,8,2024-08-20 08:28:30,111,
990001471,533,8,2024-08-20 08:28:40,112,
990001471,534,8,2024-08-20 08:28:50,113,
990001471,535,8,2024-08-20 08:29:00,114,
990001471,536,8,2024-08-20 08:29:10,115,
990001471,537,8,2024-08-20 08:29:20,116,
990001471,538,8,2024-08-20 08:29:30,117,
990001471,539,8,2024-08-20 08:29:40,118,
990001471,540,8,2024-08-20 08:29:50,119,
990001471,541,8,2024-08-20 08:30:00,120,
990001471,542,8,2024-08-20 08:30:10,121,
990001471,543,8,2024-08-20 08:30:20,122,
990001471,544,8,2024-08-20 08:30:30,123,
990001471,545,8,2024-08-20 08:30:40,124,
990001471,546,8,2024-08-20 08:30:50,125,
990001471,547,8,2024-08-20 08:31:00,126,
990001471,548,8,2024-08-20 08:31:10,127,
990001471,549,8,2024-08-20 08:31:20,128,
990001471,550,8,2024-08-20 08:31:30,129,
990001471,551,8,2024-08-20 08:31:40,130,
990001471,552,8,2024-08-20 08:31:50,131,
990001471,553,8,2024-08-20 08:32:00,132,
990001471,554,8,2024-08-20 08:32:10,133,
990001471,555,8,2024-08-20 08:32:20,134,
990001471,556,8,2024-08-20 08:32:30,135,
990001471,557,8,2024-08-20 08:32:40,136,
990001471,558,8,2024-08-20 08:32:50,137,
990001471,559,8,2024-08-20 08:33:00,138,
990001471,560,8,2024-08-20 08:33:10,139,
990001471,561,8,2024-08-20 08:33:20,100,
990001471,562,8,2024-08-20 08:33:30,101,
990001471,563,8,2024-08-20 08:33:40,102,
990001471,564,8,2024-08-20 08:33:50,103,
990001471,565,8,2024-08-20 08:34:00,104,
990001471,566,8,2024-08-20 08:34:10,105,
990001471,567,8,2024-08-20 08:34:20,106,
990001471,568,8,2024-08-20 08:34:30,107,
990001471,569,8,2024-08-20 08:34:40,108,
990001471,570,8,2024-08-20 08:34:50,109,
990001471,571,8,2024-08-20 08:35:00,110,
990001471,572,8,2024-08-20 08:35:10,111,
990001471,573,8,2024-08-20 08:35:20,112,
990001471,574,8,2024-08-20 08:35:30,113,
990001471,575,8,2024-08-20 08:35:40,114,
990001471,576,8,2024-08-20 08:35:50,115,
990001471,577,8,2024-08-20 08:36:00,116,
990001471,578,8,2024-08-20 08:36:10,117,
990001471,579,8,2024-08-20 08:36:20,118,
990001471,580,8,2024-08-20 08:36:30,119,
990001471,581,8,2024-08-20 08:36:40,120,
990001471,582,8,2024-08-20 08:36:50,121,
990001471,583,8,2024-08-20 08:37:00,122,
990001471,584,8,2024-08-20 08:37:10,123,
990001471,585,8,2024-08-20 08:37:20,124,
990001471,586,8,2024-08-20 08:37:30,125,
990001471,587,8,2024-08-20 08:37:40,126,
990001471,588,8,2024-08-20 08:37:50,127,
990001471,589,8,2024-08-20 08:38:00,128,
990001471,590,8,2024-08-20 08:38:10,129,
990001471,591,8,2024-08-20 08:38:20,130,
990001471,592,8,2024-08-20 08:38:30,131,
990001471,593,8,2024-08-20 08:38:40,132,
990001471,594,8,2024-08-20 08:38:50,133,
990001471,595,8,2024-08-20 08:39:00,134,
990001471,596,8,2024-08-20 08:39:10,135,
990001471,597,8,2024-08-20 08:39:20,136,
990001471,598,8,2024-08-20 08:39:30,137,
990001471,599,8,2024-08-20 08:39:40,138,
990001471,600,8,2024-08-20 08:39:50,139,
990001471,601,8,2024-08-20 08:40:00,100,
990001471,602,8,2024-08-20 08:40:10,101,
990001471,603,8,2024-08-20 08:40:20,102,
990001471,604,8,2024-08-20 08:40:30,103,
990001471,605,8,2024-08-20 08:40:40,104,
990001471,606,8,2024-08-20 08:40:50,105,
990001471,607,8,2024-08-20 08:41:00,106,
990001471,608,8,2024-08-20 08:41:10,107,
990001471,609,8,2024-08-20 08:41:20,108,
990001471,610,8,2024-08-20 08:41:30,109,
990001471,611,8,2024-08-20 08:41:40,110,
990001471,612,8,2024-08-20 08:41:50,111,
990001471,613,8,2024-08-20 08:42:00,112,
990001471,614,8,2024-08-20 08:42:10,113,
990001471,615,8,2024-08-20 08:42:20,114,
990001471,616,8,2024-08-20 08:42:30,115,
990001471,617,8,2024-08-20 08:42:40,116,
990001471,618,8,2024-08-20 08:42:50,117,
990001471,619,8,2024-08-20 08:43:00,118,
990001471,620,8,2024-08-20 08:43:10,119,
990001471,621,8,2024-08-20 08:43:20,120,
990001471,622,8,2024-08-20 08:43:30,121,
990001471,623,8,2024-08-20 08:43:40,122,
990001471,624,8,2024-08-20 08:43:50,123,
990001471,625,8,2024-08-20 08:44:00,124,
990001471,626,8,2024-08-20 08:44:10,125,
990001471,627,8,2024-08-20 08:44:20,126,
990001471,628,8,2024-08-20 08:44:30,127,
990001471,629,8,2024-08-20 08:44:40,128,
990001471,630,8,2024-08-20 08:44:50,129,
990001471,631,8,2024-08-20 08:45:00,130,
990001471,632,8,2024-08-20 08:45:10,131,
990001471,633,8,2024-08-20 08:45:20,132,
990001471,634,8,2024-08-20 08:45:30,133,
990001471,635,8,2024-08-20 08:45:40,134,
990001471,636,8,2024-08-20 08:45:50,135,
990001471,637,8,2024-08-20 08:46:00,136,
990001471,638,8,2024-08-20 08:46:10,137,
990001471,639,8,2024-08-20 08:46:20,138,
990001471,640,8,2024-08-20 08:46:30,139,
990001471,641,8,2024-08-20 08:46:40,100,
990001471,642,8,2024-08-20 08:46:50,101,
990001471,643,8,2024-08-20 08:47:00,102,
990001471,644,8,2024-08-20 08:47:10,103,
990001471,645,8,2024-08-20 08:47:20,104,
990001471,646,8,2024-08-20 08:47:30,105,
990001471,647,8,2024-08-20 08:47:40,106,
990001471,648,8,2024-08-20 08:47:50,107,
990001471,649,8,2024-08-20 08:48:00,108,
990001471,650,8,2024-08-20 08:48:10,109,
990001471,651,8,2024-08-20 08:48:20,110,
990001471,652,8,2024-08-20 08:48:30,111,
990001471,653,8,2024-08-20 08:48:40,112,
990001471,654,8,2024-08-20 08:48:50,113,
990001471,655,8,2024-08-20 08:49:00,114,
990001471,656,8,2024-08-20 08:49:10,115,
990001471,657,8,2024-08-20 08:49:20,116,
990001471,658,8,2024-08-20 08:49:30,117,
990001471,659,8,2024-08-20 08:49:40,118,
990001471,660,8,2024-08-20 08:49:50,119,
990001471,661,8,2024-08-20 08:50:00,120,
990001471,662,8,2024-08-20 08:50:10,121,
990001471,663,8,2024-08-20 08:50:20,122,
990001471,664,8,2024-08-20 08:50:30,123,
990001471,665,8,2024-08-20 08:50:40,124,
990001471,666,8,2024-08-20 08:50:50,125,
990001471,667,8,2024-08-20 08:51:00,126,
990001471,668,8,2024-08-20 08:51:10,127,
990001471,669,8,2024-08-20 08:51:20,128,
990001471,670,8,2024-08-20 08:51:30,129,
990001471,671,8,2024-08-20 08:51:40,130,
990001471,672,8,2024-08-20 08:51:50,131,
990001471,673,8,2024-08-20 08:52:00,132,
990001471,674,8,2024-08-20 08:52:10,133,
990001471,675,8,2024-08-20 08:52:20,134,
990001471,676,8,2024-08-20 08:52:30,135,
990001471,677,8,2024-08-20 08:52:40,136,
990001471,678,8,2024-08-20 08:52:50,137,
990001471,679,8,2024-08-20 08:53:00,138,
990001471,680,8,2024-08-20 08:53:10,139,
990001471,681,8,2024-08-20 08:53:20,100,
990001471,682,8,2024-08-20 08:53:30,101,
990001471,683,8,2024-08-20 08:53:40,102,
990001471,684,8,2024-08-20 08:53:50,103,
990001471,685,8,2024-08-20 08:54:00,104,
990001471,686,8,2024-08-20 08:54:10,105,
990001471,687,8,2024-08-20 08:54:20,106,
990001471,688,8,2024-08-20 08:54:30,107,
990001471,689,8,2024-08-20 08:54:40,108,
990001471,690,8,2024-08-20 08:54:50,109,
990001471,691,8,2024-08-20 08:55:00,110,
990001471,692,8,2024-08-20 08:55:10,111,
990001471,693,8,2024-08-20 08:55:20,112,
990001471,694,8,2024-08-20 08:55:30,113,
990001471,695,8,2024-08-20 08:55:40,114,
990001471,696,8,2024-08-20 08:55:50,115,
990001471,697,8,2024-08-20 08:56:00,116,
990001471,698,8,2024-08-20 08:56:10,117,
990001471,699,8,2024-08-20 08:56:20,118,
990001471,700,8,2024-08-20 08:56:30,119,
990001471,701,8,2024-08-20 08:56:40,120,
990001471,702,8,2024-08-20 08:56:50,121,
990001471,703,8,2024-08-20 08:57:00,122,
990001471,704,8,2024-08-20 08:57:10,123,
990001471,705,8,2024-08-20 08:57:20,124,
990001471,706,8,2024-08-20 08:57:30,125,
990001471,707,8,2024-08-20 08:57:40,126,
990001471,708,8,2024-08-20 08:57:50,127,
990001471,709,8,2024-08-20 08:58:00,128,
990001471,710,8,2024-08-20 08:58:10,129,
990001471,711,8,2024-08-20 08:58:20,130,
990001471,712,8,2024-08-20 08:58:30,131,
990001471,713,8,2024-08-20 08:58:40,132,
990001471,714,8,2024-08-20 08:58:50,133,
990001471,715,8,2024-08-20 08:59:00,134,
990001471,716,8,2024-08-20 08:59:10,135,
990001471,717,8,2024-08-20 08:59:20,136,
990001471,718,8,2024-08-20 08:59:30,137,
990001471,719,8,2024-08-20 08:59:40,138,
990001471,720,8,2024-08-20 08:59:50,139,
990001471,721,8,2024-08-20 09:00:00,100,
990001471,722,8,2024-08-20 09:00:10,101,
990001471,723,8,2024-08-20 09:00:20,102,
990001471,724,8,2024-08-20 09:00:30,103,
990001471,725,8,2024-08-20 09:00:40,104,
990001471,726,8,2024-08-20 09:00:50,105,
990001471,727,8,2024-08-20 09:01:00,106,
990001471,728,8,2024-08-20 09:01:10,107,
990001471,729,8,2024-08-20 09:01:20,108,
990001471,730,8,2024-08-20 09:01:30,109,
990001471,731,8,2024-08-20 09:01:40,110,
990001471,732,8,2024-08-20 09:01:50,111,
990001471,733,8,2024-08-20 09:02:00,112,
990001471,734,8,2024-08-20 09:02:10,113,
990001471,735,8,2024-08-20 09:02:20,114,
990001471,736,8,2024-08-20 09:02:30,115,
990001471,737,8,2024-08-20 09:02:40,116,
990001471,738,8,2024-08-20 09:02:50,117,
990001471,739,8,2024-08-20 09:03:00,118,
990001471,740,8,2024-08-20 09:03:10,119,
990001471,741,8,2024-08-20 09:03:20,120,
990001471,742,8,2024-08-20 09:03:30,121,
990001471,743,8,2024-08-20 09:03:40,122,
990001471,744,8,2024-08-20 09:03:50,123,
990001471,745,8,2024-08-20 09:04:00,124,
990001471,746,8,2024-08-20 09:04:10,125,
990001471,747,8,2024-08-20 09:04:20,126,
990001471,748,8,2024-08-20 09:04:30,127,
990001471,749,8,2024-08-20 09:04:40,128,
990001471,750,8,2024-08-20 09:04:50,129,
990001471,751,8,2024-08-20 09:05:00,130,
990001471,752,8,2024-08-20 09:05:10,131,
990001471,753,8,2024-08-20 09:05:20,132,
990001471,754,8,2024-08-20 09:05:30,133,
990001471,755,8,2024-08-20 09:05:40,134,
990001471,756,8,2024-08-20 09:05:50,135,
990001471,757,8,2024-08-20 09:06:00,136,
990001471,758,8,2024-08-20 09:06:10,137,
990001471,759,8,2024-08-20 09:06:20,138,
990001471,760,8,2024-08-20 09:06:30,139,
990001471,761,8,2024-08-20 09:06:40,100,
990001471,762,8,2024-08-20 09:06:50,101,
990001471,763,8,2024-08-20 09:07:00,102,
990001471,764,8,2024-08-20 09:07:10,103,
990001471,765,8,2024-08-20 09:07:20,104,
990001471,766,8,2024-08-20 09:07:30,105,
990001471,767,8,2024-08-20 09:07:40,106,
990001471,768,8,2024-08-20 09:07:50,107,
990001471,769,8,2024-08-20 09:08:00,108,
990001471,770,8,2024-08-20 09:08:10,109,
990001471,771,8,2024-08-20 09:08:20,110,
990001471,772,8,2024-08-20 09:08:30,111,
990001471,773,8,2024-08-20 09:08:40,112,
990001471,774,8,2024-08-20 09:08:50,113,
990001471,775,8,2024-08-20 09:09:00,114,
990001471,776,8,2024-08-20 09:09:10,115,
990001471,777,8,2024-08-20 09:09:20,116,
990001471,778,8,2024-08-20 09:09:30,117,
990001471,779,8,2024-08-20 09:09:40,118,
990001471,780,8,2024-08-20 09:09:50,119,
990001471,781,8,2024-08-20 09:10:00,120,
990001471,782,8,2024-08-20 09:10:10,121,
990001471,783,8,2024-08-20 09:10:20,122,
990001471,784,8,2024-08-20 09:10:30,123,
990001471,785,8,2024-08-20 09:10:40,124,
990001471,786,8,2024-08-20 09:10:50,125,
990001471,787,8,2024-08-20 09:11:00,126,
990001471,788,8,2024-08-20 09:11:10,127,
990001471,789,8,2024-08-20 09:11:20,128,
990001471,790,8,2024-08-20 09:11:30,129,
990001471,791,8,2024-08-20 09:11:40,130,
990001471,792,8,2024-08-20 09:11:50,131,
990001471,793,8,2024-08-20 09:12:00,132,
990001471,794,8,2024-08-20 09:12:10,133,
990001471,795,8,2024-08-20 09:12:20,134,
990001471,796,8,2024-08-20 09:12:30,135,
990001471,797,8,2024-08-20 09:12:40,136,
990001471,798,8,2024-08-20 09:12:50,137,
990001471,799,8,2024-08-20 09:13:00,138,
990001471,800,8,2024-08-20 09:13:10,139,
990001471,801,8,2024-08-20 09:13:20,100,
990001471,802,8,2024-08-20 09:13:30,101,
990001471,803,8,2024-08-20 09:13:40,102,
990001471,804,8,2024-08-20 09:13:50,103,
990001471,805,8,2024-08-20 09:14:00,104,
990001471,806,8,2024-08-20 09:14:10,105,
990001471,807,8,2024-08-20 09:14:20,106,
990001471,808,8,2024-08-20 09:14:30,107,
990001471,809,8,2024-08-20 09:14:40,108,
990001471,810,8,2024-08-20 09:14:50,109,
990001471,811,8,2024-08-20 09:15:00,110,
990001471,812,8,2024-08-20 09:15:10,111,
990001471,813,8,2024-08-20 09:15:20,112,
990001471,814,8,2024-08-20 09:15:30,113,
990001471,815,8,2024-08-20 09:15:40,114,
990001471,816,8,2024-08-20 09:15:50,115,
990001471,817,8,2024-08-20 09:16:00,116,
990001471,818,8,2024-08-20 09:16:10,117,
990001471,819,8,2024-08-20 09:16:20,118,
990001471,820,8,2024-08-20 09:16:30,119,
990001471,821,8,2024-08-20 09:16:40,120,
990001471,822,8,2024-08-20 09:16:50,121,
990001471,823,8,2024-08-20 09:17:00,122,
990001471,824,8,2024-08-20 09:17:10,123,
990001471,825,8,2024-08-20 09:17:20,124,
990001471,826,8,2024-08-20 09:17:30,125,
990001471,827,8,2024-08-20 09:17:40,126,
990001471,828,8,2024-08-20 09:17:50,127,
990001471,829,8,2024-08-20 09:18:00,128,
990001471,830,8,2024-08-20 09:18:10,129,
990001471,831,8,2024-08-20 09:18:20,130,
990001471,832,8,2024-08-20 09:18:30,131,
990001471,833,8,2024-08-20 09:18:40,132,
990001471,834,8,2024-08-20 09:18:50,133,
990001471,835,8,2024-08-20 09:19:00,134,
990001471,836,8,2024-08-20 09:19:10,135,
990001471,837,8,2024-08-20 09:19:20,136,
990001471,838,8,2024-08-20 09:19:30,137,
990001471,839,8,2024-08-20 09:19:40,138,
990001471,840,8,2024-08-20 09:19:50,139,
990001471,841,8,2024-08-20 09:20:00,100,
990001471,842,8,2024-08-20 09:20:10,101,
990001471,843,8,2024-08-20 09:20:20,102,
990001471,844,8,2024-08-20 09:20:30,103,
990001471,845,8,2024-08-20 09:20:40,104,
990001471,846,8,2024-08-20 09:20:50,105,
990001471,847,8,2024-08-20 09:21:00,106,
990001471,848,8,2024-08-20 09:21:10,107,
990001471,849,8,2024-08-20 09:21:20,108,
990001471,850,8,2024-08-20 09:21:30,109,
990001471,851,8,2024-08-20 09:21:40,110,
990001471,852,8,2024-08-20 09:21:50,111,
990001471,853,8,2024-08-20 09:22:00,112,
990001471,854,8,2024-08-20 09:22:10,113,
990001471,855,8,2024-08-20 09:22:20,114,
990001471,856,8,2024-08-20 09:22:30,115,
990001471,857,8,2024-08-20 09:22:40,116,
990001471,858,8,2024-08-20 09:22:50,117,
990001471,859,8,2024-08-20 09:23:00,118,
990001471,860,8,2024-08-20 09:23:10,119,
990001471,861,8,2024-08-20 09:23:20,120,
990001471,862,8,2024-08-20 09:23:30,121,
990001471,863,8,2024-08-20 09:23:40,122,
990001471,864,8,2024-08-20 09:23:50,123,
990001471,865,8,2024-08-20 09:24:00,124,
990001471,866,8,2024-08-20 09:24:10,125,
990001471,867,8,2024-08-20 09:24:20,126,
990001471,868,8,2024-08-20 09:24:30,127,
990001471,869,8,2024-08-20 09:24:40,128,
990001471,870,8,2024-08-20 09:24:50,129,
990001471,871,8,2024-08-20 09:25:00,130,
990001471,872,8,2024-08-20 09:25:10,131,
990001471,873,8,2024-08-20 09:25:20,132,
990001471,874,8,2024-08-20 09:25:30,133,
990001471,875,8,2024-08-20 09:25:40,134,
990001471,876,8,2024-08-20 09:25:50,135,
990001471,877,8,2024-08-20 09:26:00,136,
990001471,878,8,2024-08-20 09:26:10,137,
990001471,879,8,2024-08-20 09:26:20,138,
990001471,880,8,2024-08-20 09:26:30,139,
990001471,881,8,2024-08-20 09:26:40,100,
990001471,882,8,2024-08-20 09:26:50,101,
990001471,883,8,2024-08-20 09:27:00,102,
990001471,884,8,2024-08-20 09:27:10,103,
990001471,885,8,2024-08-20 09:27:20,104,
990001471,886,8,2024-08-20 09:27:30,105,
990001471,887,8,2024-08-20 09:27:40,106,
990001471,888,8,2024-08-20 09:27:50,107,
990001471,889,8,2024-08-20 09:28:00,108,
990001471,890,8,2024-08-20 09:28:10,109,
990001471,891,8,2024-08-20 09:28:20,110,
990001471,892,8,2024-08-20 09:28:30,111,
990001471,893,8,2024-08-20 09:28:40,112,
990001471,894,8,2024-08-20 09:28:50,113,
990001471,895,8,2024-08-20 09:29:00,114,
990001471,896,8,2024-08-20 09:29:10,115,
990001471,897,8,2024-08-20 09:29:20,116,
990001471,898,8,2024-08-20 09:29:30,117,
990001471,899,8,2024-08-20 09:29:40,118,
990001471,900,8,2024-08-20 09:29:50,119,
990001471,901,8,2024-08-20 09:30:00,120,
990001471,902,8,2024-08-20 09:30:10,121,
990001471,903,8,2024-08-20 09:30:20,122,
990001471,904,8,2024-08-20 09:30:30,123,
990001471,905,8,2024-08-20 09:30:40,124,
990001471,906,8,2024-08-20 09:30:50,125,
990001471,907,8,2024-08-20 09:31:00,126,
990001471,908,8,2024-08-20 09:31:10,127,
990001471,909,8,2024-08-20 09:31:20,128,
990001471,910,8,2024-08-20 09:31:30,129,
990001471,911,8,2024-08-20 09:31:40,130,
990001471,912,8,2024-08-20 09:31:50,131,
990001471,913,8,2024-08-20 09:32:00,132,
990001471,914,8,2024-08-20 09:32:10,133,
990001471,915,8,2024-08-20 09:32:20,134,
990001471,916,8,2024-08-20 09:32:30,135,
990001471,917,8,2024-08-20 09:32:40,136,
990001471,918,8,2024-08-20 09:32:50,137,
990001471,919,8,2024-08-20 09:33:00,138,
990001471,920,8,2024-08-20 09:33:10,139,
990001471,921,8,2024-08-20 09:33:20,100,
990001471,922,8,2024-08-20 09:33:30,101,
990001471,923,8,2024-08-20 09:33:40,102,
990001471,924,8,2024-08-20 09:33:50,103,
990001471,925,8,2024-08-20 09:34:00,104,
990001471,926,8,2024-08-20 09:34:10,105,
990001471,927,8,2024-08-20 09:34:20,106,
990001471,928,8,2024-08-20 09:34:30,107,
990001471,929,8,2024-08-20 09:34:40,108,
990001471,930,8,2024-08-20 09:34:50,109,
990001471,931,8,2024-08-20 09:35:00,110,
990001471,932,8,2024-08-20 09:35:10,111,
990001471,933,8,2024-08-20 09:35:20,112,
990001471,934,8,2024-08-20 09:35:30,113,
990001471,935,8,2024-08-20 09:35:40,114,
990001471,936,8,2024-08-20 09:35:50,115,
990001471,937,8,2024-08-20 09:36:00,116,
990001471,938,8,2024-08-20 09:36:10,117,
990001471,939,8,2024-08-20 09:36:20,118,
990001471,940,8,2024-08-20 09:36:30,119,
990001471,941,8,2024-08-20 09:36:40,120,
990001471,942,8,2024-08-20 09:36:50,121,
990001471,943,8,2024-08-20 09:37:00,122,
990001471,944,8,2024-08-20 09:37:10,123,
990001471,945,8,2024-08-20 09:37:20,124,
990001471,946,8,2024-08-20 09:37:30,125,
990001471,947,8,2024-08-20 09:37:40,126,
990001471,948,8,2024-08-20 09:37:50,127,
990001471,949,8,2024-08-20 09:38:00,128,
990001471,950,8,2024-08-20 09:38:10,129,
990001471,951,8,2024-08-20 09:38:20,130,
990001471,952,8,2024-08-20 09:38:30,131,
990001471,953,8,2024-08-20 09:38:40,132,
990001471,954,8,2024-08-20 09:38:50,133,
990001471,955,8,2024-08-20 09:39:00,134,
990001471,956,8,2024-08-20 09:39:10,135,
990001471,957,8,2024-08-20 09:39:20,136,
990001471,958,8,2024-08-20 09:39:30,137,
990001471,959,8,2024-08-20 09:39:40,138,
990001471,960,8,2024-08-20 09:39:50,139,
990001471,961,8,2024-08-20 09:40:00,100,
990001471,962,8,2024-08-20 09:40:10,101,
990001471,963,8,2024-08-20 09:40:20,102,
990001471,964,8,2024-08-20 09:40:30,103,
990001471,965,8,2024-08-20 09:40:40,104,
990001471,966,8,2024-08-20 09:40:50,105,
990001471,967,8,2024-08-20 09:41:00,106,
990001471,968,8,2024-08-20 09:41:10,107,
990001471,969,8,2024-08-20 09:41:20,108,
990001471,970,8,2024-08-20 09:41:30,109,
990001471,971,8,2024-08-20 09:41:40,110,
990001471,972,8,2024-08-20 09:41:50,111,
990001471,973,8,2024-08-20 09:42:00,112,
990001471,974,8,2024-08-20 09:42:10,113,
990001471,975,8,2024-08-20 09:42:20,114,
990001471,976,8,2024-08-20 09:42:30,115,
990001471,977,8,2024-08-20 09:42:40,116,
990001471,978,8,2024-08-20 09:42:50,117,
990001471,979,8,2024-08-20 09:43:00,118,
990001471,980,8,2024-08-20 09:43:10,119,
990001471,981,8,2024-08-20 09:43:20,120,
990001471,982,8,2024-08-20 09:43:30,121,
990001471,983,8,2024-08-20 09:43:40,122,
990001471,984,8,2024-08-20 09:43:50,123,
990001471,985,8,2024-08-20 09:44:00,124,
990001471,986,8,2024-08-20 09:44:10,125,
990001471,987,8,2024-08-20 09:44:20,126,
990001471,988,8,2024-08-20 09:44:30,127,
990001471,989,8,2024-08-20 09:44:40,128,
990001471,990,8,2024-08-20 09:44:50,129,
990001471,991,8,2024-08-20 09:45:00,130,
990001471,992,8,2024-08-20 09:45:10,131,
990001471,993,8,2024-08-20 09:45:20,132,
990001471,994,8,2024-08-20 09:45:30,133,
990001471,995,8,2024-08-20 09:45:40,134,
990001471,996,8,2024-08-20 09:45:50,135,
990001471,997,8,2024-08-20 09:46:00,136,
990001471,998,8,2024-08-20 09:46:10,137,
990001471,999,8,2024-08-20 09:46:20,138,
990001471,1000,8,2024-08-20 09:46:30,139,
990001471,1001,8,2024-08-20 09:46:40,100,
990001471,1002,8,2024-08-20 09:46:50,101,
990001471,1003,8,2024-08-20 09:47:00,102,
990001471,1004,8,2024-08-20 09:47:10,103,
990001471,1005,8,2024-08-20 09:47:20,104,
990001471,1006,8,2024-08-20 09:47:30,105,
990001471,1007,8,2024-08-20 09:47:40,106,
990001471,1008,8,2024-08-20 09:47:50,107,
990001471,1009,8,2024-08-20 09:48:00,108,
990001471,1010,8,2024-08-20 09:48:10,109,
990001471,1011,8,2024-08-20 09:48:20,110,
990001471,1012,8,2024-08-20 09:48:30,111,
990001471,1013,8,2024-08-20 09:48:40,112,
990001471,1014,8,2024-08-20 09:48:50,113,
990001471,1015,8,2024-08-20 09:49:00,114,
990001471,1016,8,2024-08-20 09:49:10,115,
990001471,1017,8,2024-08-20 09:49:20,116,
990001471,1018,8,2024-08-20 09:49:30,117,
990001471,1019,8,2024-08-20 09:49:40,118,
990001471,1020,8,2024-08-20 09:49:50,119,
990001471,1021,8,2024-08-20 09:50:00,120,
990001471,1022,8,2024-08-20 09:50:10,121,
990001471,1023,8,2024-08-20 09:50:20,122,
990001471,1024,8,2024-08-20 09:50:30,123,
990001471,1025,8,2024-08-20 09:50:40,124,
990001471,1026,8,2024-08-20 09:50:50,125,
990001471,1027,8,2024-08-20 09:51:00,126,
990001471,1028,8,2024-08-20 09:51:10,127,
990001471,1029,8,2024-08-20 09:51:20,128,
990001471,1030,8,2024-08-20 09:51:30,129,
990001471,1031,8,2024-08-20 09:51:40,130,
990001471,1032,8,2024-08-20 09:51:50,131,
990001471,1033,8,2024-08-20 09:52:00,132,
990001471,1034,8,2024-08-20 09:52:10,133,
990001471,1035,8,2024-08-20 09:52:20,134,
990001471,1036,8,2024-08-20 09:52:30,135,
990001471,1037,8,2024-08-20 09:52:40,136,
990001471,1038,8,2024-08-20 09:52:50,137,
990001471,1039,8,2024-08-20 09:53:00,138,
990001471,1040,8,2024-08-20 09:53:10,139,
990001471,1041,8,2024-08-20 09:53:20,100,
990001471,1042,8,2024-08-20 09:53:30,101,
990001471,1043,8,2024-08-20 09:53:40,102,
990001471,1044,8,2024-08-20 09:53:50,103,
990001471,1045,8,2024-08-20 09:54:00,104,
990001471,1046,8,2024-08-20 09:54:10,105,
990001471,1047,8,2024-08-20 09:54:20,106,
990001471,1048,8,2024-08-20 09:54:30,107,
990001471,1049,8,2024-08-20 09:54:40,108,
990001471,1050,8,2024-08-20 09:54:50,109,
990001471,1051,8,2024-08-20 09:55:00,110,
990001471,1052,8,2024-08-20 09:55:10,111,
990001471,1053,8,2024-08-20 09:55:20,112,
990001471,1054,8,2024-08-20 09:55:30,113,
990001471,1055,8,2024-08-20 09:55:40,114,
990001471,1056,8,2024-08-20 09:55:50,115,
990001471,1057,8,2024-08-20 09:56:00,116,
990001471,1058,8,2024-08-20 09:56:10,117,
990001471,1059,8,2024-08-20 09:56:20,118,
990001471,1060,8,2024-08-20 09:56:30,119,
990001471,1061,8,2024-08-20 09:56:40,120,
990001471,1062,8,2024-08-20 09:56:50,121,
990001471,1063,8,2024-08-20 09:57:00,122,
990001471,1064,8,2024-08-20 09:57:10,123,
990001471,1065,8,2024-08-20 09:57:20,124,
990001471,1066,8,2024-08-20 09:57:30,125,
990001471,1067,8,2024-08-20 09:57:40,126,
990001471,1068,8,2024-08-20 09:57:50,127,
990001471,1069,8,2024-08-20 09:58:00,128,
990001471,1070,8,2024-08-20 09:58:10,129,
990001471,1071,8,2024-08-20 09:58:20,130,
990001471,1072,8,2024-08-20 09:58:30,131,
990001471,1073,8,2024-08-20 09:58:40,132,
990001471,1074,8,2024-08-20 09:58:50,133,
990001471,1075,8,2024-08-20 09:59:00,134,
990001471,1076,8,2024-08-20 09:59:10,135,
990001471,1077,8,2024-08-20 09:59:20,136,
990001471,1078,8,2024-08-20 09:59:30,137,
990001471,1079,8,2024-08-20 09:59:40,138,
990001471,1080,8,2024-08-20 09:59:50,139,
990001471,1081,8,2024-08-20 10:00:00,100,
990001471,1082,8,2024-08-20 10:00:10,101,
990001471,1083,8,2024-08-20 10:00:20,102,
990001471,1084,8,2024-08-20 10:00:30,103,
990001471,1085,8,2024-08-20 10:00:40,104,
990001471,1086,8,2024-08-20 10:00:50,105,
990001471,1087,8,2024-08-20 10:01:00,106,
990001471,1088,8,2024-08-20 10:01:10,107,
990001471,1089,8,2024-08-20 10:01:20,108,
990001471,1090,8,2024-08-20 10:01:30,109,
990001471,1091,8,2024-08-20 10:01:40,110,
990001471,1092,8,2024-08-20 10:01:50,111,
990001471,1093,8,2024-08-20 10:02:00,112,
990001471,1094,8,2024-08-20 10:02:10,113,
990001471,1095,8,2024-08-20 10:02:20,114,
990001471,1096,8,2024-08-20 10:02:30,115,
990001471,1097,8,2024-08-20 10:02:40,116,
990001471,1098,8,2024-08-20 10:02:50,117,
990001471,1099,8,2024-08-20 10:03:00,118,
990001471,1100,8,2024-08-20 10:03:10,119,
990001471,1101,8,2024-08-20 10:03:20,120,
990001471,1102,8,2024-08-20 10:03:30,121,
990001471,1103,8,2024-08-20 10:03:40,122,
990001471,1104,8,2024-08-20 10:03:50,123,
990001471,1105,8,2024-08-20 10:04:00,124,
990001471,1106,8,2024-08-20 10:04:10,125,
990001471,1107,8,2024-08-20 10:04:20,126,
990001471,1108,8,2024-08-20 10:04:30,127,
990001471,1109,8,2024-08-20 10:04:40,128,
990001471,1110,8,2024-08-20 10:04:50,129,
990001471,1111,8,2024-08-20 10:05:00,130,
990001471,1112,8,2024-08-20 10:05:10,131,
990001471,1113,8,2024-08-20 10:05:20,132,
990001471,1114,8,2024-08-20 10:05:30,133,
990001471,1115,8,2024-08-20 10:05:40,134,
990001471,1116,8,2024-08-20 10:05:50,135,
990001471,1117,8,2024-08-20 10:06:00,136,
990001471,1118,8,2024-08-20 10:06:10,137,
990001471,1119,8,2024-08-20 10:06:20,138,
990001471,1120,8,2024-08-20 10:06:30,139,
990001471,1121,8,2024-08-20 10:06:40,100,
990001471,1122,8,2024-08-20 10:06:50,101,
990001471,1123,8,2024-08-20 10:07:00,102,
990001471,1124,8,2024-08-20 10:07:10,103,
990001471,1125,8,2024-08-20 10:07:20,104,
990001471,1126,8,2024-08-20 10:07:30,105,
990001471,1127,8,2024-08-20 10:07:40,106,
990001471,1128,8,2024-08-20 10:07:50,107,
990001471,1129,8,2024-08-20 10:08:00,108,
990001471,1130,8,2024-08-20 10:08:10,109,
990001471,1131,8,2024-08-20 10:08:20,110,
990001471,1132,8,2024-08-20 10:08:30,111,
990001471,1133,8,2024-08-20 10:08:40,112,
990001471,1134,8,2024-08-20 10:08:50,113,
990001471,1135,8,2024-08-20 10:09:00,114,
990001471,1136,8,2024-08-20 10:09:10,115,
990001471,1137,8,2024-08-20 10:09:20,116,
990001471,1138,8,2024-08-20 10:09:30,117,
990001471,1139,8,2024-08-20 10:09:40,118,
990001471,1140,8,2024-08-20 10:09:50,119,
990001471,1141,8,2024-08-20 10:10:00,120,
990001471,1142,8,2024-08-20 10:10:10,121,
990001471,1143,8,2024-08-20 10:10:20,122,
990001471,1144,8,2024-08-20 10:10:30,123,
990001471,1145,8,2024-08-20 10:10:40,124,
990001471,1146,8,2024-08-20 10:10:50,125,
990001471,1147,8,2024-08-20 10:11:00,126,
990001471,1148,8,2024-08-20 10:11:10,127,
990001471,1149,8,2024-08-20 10:11:20,128,
990001471,1150,8,2024-08-20 10:11:30,129,
990001471,1151,8,2024-08-20 10:11:40,130,
990001471,1152,8,2024-08-20 10:11:50,131,
990001471,1153,8,2024-08-20 10:12:00,132,
990001471,1154,8,2024-08-20 10:12:10,133,
990001471,1155,8,2024-08-20 10:12:20,134,
990001471,1156,8,2024-08-20 10:12:30,135,
990001471,1157,8,2024-08-20 10:12:40,136,
990001471,1158,8,2024-08-20 10:12:50,137,
990001471,1159,8,2024-08-20 10:13:00,138,
990001471,1160,8,2024-08-20 10:13:10,139,
990001471,1161,8,2024-08-20 10:13:20,100,
990001471,1162,8,2024-08-20 10:13:30,101,
990001471,1163,8,2024-08-20 10:13:40,102,
990001471,1164,8,2024-08-20 10:13:50,103,
990001471,1165,8,2024-08-20 10:14:00,104,
990001471,1166,8,2024-08-20 10:14:10,105,
990001471,1167,8,2024-08-20 10:14:20,106,
990001471,1168,8,2024-08-20 10:14:30,107,
990001471,1169,8,2024-08-20 10:14:40,108,
990001471,1170,8,2024-08-20 10:14:50,109,
990001471,1171,8,2024-08-20 10:15:00,110,
990001471,1172,8,2024-08-20 10:15:10,111,
990001471,1173,8,2024-08-20 10:15:20,112,
990001471,1174,8,2024-08-20 10:15:30,113,
990001471,1175,8,2024-08-20 10:15:40,114,
990001471,1176,8,2024-08-20 10:15:50,115,
990001471,1177,8,2024-08-20 10:16:00,116,
990001471,1178,8,2024-08-20 10:16:10,117,
990001471,1179,8,2024-08-20 10:16:20,118,
990001471,1180,8,2024-08-20 10:16:30,119,
990001471,1181,8,2024-08-20 10:16:40,120,
990001471,1182,8,2024-08-20 10:16:50,121,
990001471,1183,8,2024-08-20 10:17:00,122,
990001471,1184,8,2024-08-20 10:17:10,123,
990001471,1185,8,2024-08-20 10:17:20,124,
990001471,1186,8,2024-08-20 10:17:30,125,
990001471,1187,8,2024-08-20 10:17:40,126,
990001471,1188,8,2024-08-20 10:17:50,127,
990001471,1189,8,2024-08-20 10:18:00,128,
990001471,1190,8,2024-08-20 10:18:10,129,
990001471,1191,8,2024-08-20 10:18:20,130,
990001471,1192,8,2024-08-20 10:18:30,131,
990001471,1193,8,2024-08-20 10:18:40,132,
990001471,1194,8,2024-08-20 10:18:50,133,
990001471,1195,8,2024-08-20 10:19:00,134,
990001471,1196,8,2024-08-20 10:19:10,135,
990001471,1197,8,2024-08-20 10:19:20,136,
990001471,1198,8,2024-08-20 10:19:30,137,
990001471,1199,8,2024-08-20 10:19:40,138,
990001471,1200,8,2024-08-20 10:19:50,139,
990001471,1201,8,2024-08-20 10:20:00,100,
990001471,1202,8,2024-08-20 10:20:10,101,
990001471,1203,8,2024-08-20 10:20:20,102,
990001471,1204,8,2024-08-20 10:20:30,103,
990001471,1205,8,2024-08-20 10:20:40,104,
990001471,1206,8,2024-08-20 10:20:50,105,
990001471,1207,8,2024-08-20 10:21:00,106,
990001471,1208,8,2024-08-20 10:21:10,107,
990001471,1209,8,2024-08-20 10:21:20,108,
990001471,1210,8,2024-08-20 10:21:30,109,
990001471,1211,8,2024-08-20 10:21:40,110,
990001471,1212,8,2024-08-20 10:21:50,111,
990001471,1213,8,2024-08-20 10:22:00,112,
990001471,1214,8,2024-08-20 10:22:10,113,
990001471,1215,8,2024-08-20 10:22:20,114,
990001471,1216,8,2024-08-20 10:22:30,115,
990001471,1217,8,2024-08-20 10:22:40,116,
990001471,1218,8,2024-08-20 10:22:50,117,
990001471,1219,8,2024-08-20 10:23:00,118,
990001471,1220,8,2024-08-20 10:23:10,119,
990001471,1221,8,2024-08-20 10:23:20,120,
990001471,1222,8,2024-08-20 10:23:30,121,
990001471,1223,8,2024-08-20 10:23:40,122,
990001471,1224,8,2024-08-20 10:23:50,123,
990001471,1225,8,2024-08-20 10:24:00,124,
990001471,1226,8,2024-08-20 10:24:10,125,
990001471,1227,8,2024-08-20 10:24:20,126,
990001471,1228,8,2024-08-20 10:24:30,127,
990001471,1229,8,2024-08-20 10:24:40,128,
990001471,1230,8,2024-08-20 10:24:50,129,
990001471,1231,8,2024-08-20 10:25:00,130,
990001471,1232,8,2024-08-20 10:25:10,131,
990001471,1233,8,2024-08-20 10:25:20,132,
990001471,1234,8,2024-08-20 10:25:30,133,
990001471,1235,8,2024-08-20 10:25:40,134,
990001471,1236,8,2024-08-20 10:25:50,135,
990001471,1237,8,2024-08-20 10:26:00,136,
990001471,1238,8,2024-08-20 10:26:10,137,
990001471,1239,8,2024-08-20 10:26:20,138,
990001471,1240,8,2024-08-20 10:26:30,139,
990001471,1241,8,2024-08-20 10:26:40,100,
990001471,1242,8,2024-08-20 10:26:50,101,
990001471,1243,8,2024-08-20 10:27:00,102,
990001471,1244,8,2024-08-20 10:27:10,103,
990001471,1245,8,2024-08-20 10:27:20,104,
990001471,1246,8,2024-08-20 10:27:30,105,
990001471,1247,8,2024-08-20 10:27:40,106,
990001471,1248,8,2024-08-20 10:27:50,107,
990001471,1249,8,2024-08-20 10:28:00,108,
990001471,1250,8,2024-08-20 10:28:10,109,
990001471,1251,8,2024-08-20 10:28:20,110,
990001471,1252,8,2024-08-20 10:28:30,111,
990001471,1253,8,2024-08-20 10:28:40,112,
990001471,1254,8,2024-08-20 10:28:50,113,
990001471,1255,8,2024-08-20 10:29:00,114,
990001471,1256,8,2024-08-20 10:29:10,115,
990001471,1257,8,2024-08-20 10:29:20,116,
990001471,1258,8,2024-08-20 10:29:30,117,
990001471,1259,8,2024-08-20 10:29:40,118,
990001471,1260,8,2024-08-20 10:29:50,119,
990001471,1261,8,2024-08-20 10:30:00,120,
990001471,1262,8,2024-08-20 10:30:10,121,
990001471,1263,8,2024-08-20 10:30:20,122,
990001471,1264,8,2024-08-20 10:30:30,123,
990001471,1265,8,2024-08-20 10:30:40,124,
990001471,1266,8,2024-08-20 10:30:50,125,
990001471,1267,8,2024-08-20 10:31:00,126,
990001471,1268,8,2024-08-20 10:31:10,127,
990001471,1269,8,2024-08-20 10:31:20,128,
990001471,1270,8,2024-08-20 10:31:30,129,
990001471,1271,8,2024-08-20 10:31:40,130,
990001471,1272,8,2024-08-20 10:31:50,131,
990001471,1273,8,2024-08-20 10:32:00,132,
990001471,1274,8,2024-08-20 10:32:10,133,
990001471,1275,8,2024-08-20 10:32:20,134,
990001471,1276,8,2024-08-20 10:32:30,135,
990001471,1277,8,2024-08-20 10:32:40,136,
990001471,1278,8,2024-08-20 10:32:50,137,
990001471,1279,8,2024-08-20 10:33:00,138,
990001471,1280,8,2024-08-20 10:33:10,139,
990001471,1281,8,2024-08-20 10:33:20,100,
990001471,1282,8,2024-08-20 10:33:30,101,
990001471,1283,8,2024-08-20 10:33:40,102,
990001471,1284,8,2024-08-20 10:33:50,103,
990001471,1285,8,2024-08-20 10:34:00,104,
990001471,1286,8,2024-08-20 10:34:10,105,
990001471,1287,8,2024-08-20 10:34:20,106,
990001471,1288,8,2024-08-20 10:34:30,107,
990001471,1289,8,2024-08-20 10:34:40,108,
990001471,1290,8,2024-08-20 10:34:50,109,
990001471,1291,8,2024-08-20 10:35:00,110,
990001471,1292,8,2024-08-20 10:35:10,111,
990001471,1293,8,2024-08-20 10:35:20,112,
990001471,1294,8,2024-08-20 10:35:30,113,
990001471,1295,8,2024-08-20 10:35:40,114,
990001471,1296,8,2024-08-20 10:35:50,115,
990001471,1297,8,2024-08-20 10:36:00,116,
990001471,1298,8,2024-08-20 10:36:10,117,
990001471,1299,8,2024-08-20 10:36:20,118,
990001471,1300,8,2024-08-20 10:36:30,119,
990001471,1301,8,2024-08-20 10:36:40,120,
990001471,1302,8,2024-08-20 10:36:50,121,
990001471,1303,8,2024-08-20 10:37:00,122,
990001471,1304,8,2024-08-20 10:37:10,123,
990001471,1305,8,2024-08-20 10:37:20,124,
990001471,1306,8,2024-08-20 10:37:30,125,
990001471,1307,8,2024-08-20 10:37:40,126,
990001471,1308,8,2024-08-20 10:37:50,127,
990001471,1309,8,2024-08-20 10:38:00,128,
990001471,1310,8,2024-08-20 10:38:10,129,
990001471,1311,8,2024-08-20 10:38:20,130,
990001471,1312,8,2024-08-20 10:38:30,131,
990001471,1313,8,2024-08-20 10:38:40,132,
990001471,1314,8,2024-08-20 10:38:50,133,
990001471,1315,8,2024-08-20 10:39:00,134,
990001471,1316,8,2024-08-20 10:39:10,135,
990001471,1317,8,2024-08-20 10:39:20,136,
990001471,1318,8,2024-08-20 10:39:30,137,
990001471,1319,8,2024-08-20 10:39:40,138,
990001471,1320,8,2024-08-20 10:39:50,139,
990001471,1321,8,2024-08-20 10:40:00,100,
990001471,1322,8,2024-08-20 10:40:10,101,
990001471,1323,8,2024-08-20 10:40:20,102,
990001471,1324,8,2024-08-20 10:40:30,103,
990001471,1325,8,2024-08-20 10:40:40,104,
990001471,1326,8,2024-08-20 10:40:50,105,
990001471,1327,8,2024-08-20 10:41:00,106,
990001471,1328,8,2024-08-20 10:41:10,107,
990001471,1329,8,2024-08-20 10:41:20,108,
990001471,1330,8,2024-08-20 10:41:30,109,
990001471,1331,8,2024-08-20 10:41:40,110,
990001471,1332,8,2024-08-20 10:41:50,111,
990001471,1333,8,2024-08-20 10:42:00,112,
990001471,1334,8,2024-08-20 10:42:10,113,
990001471,1335,8,2024-08-20 10:42:20,114,
990001471,1336,8,2024-08-20 10:42:30,115,
990001471,1337,8,2024-08-20 10:42:40,116,
990001471,1338,8,2024-08-20 10:42:50,117,
990001471,1339,8,2024-08-20 10:43:00,118,
990001471,1340,8,2024-08-20 10:43:10,119,
990001471,1341,8,2024-08-20 10:43:20,120,
990001471,1342,8,2024-08-20 10:43:30,121,
990001471,1343,8,2024-08-20 10:43:40,122,
990001471,1344,8,2024-08-20 10:43:50,123,
990001471,1345,8,2024-08-20 10:44:00,124,
990001471,1346,8,2024-08-20 10:44:10,125,
990001471,1347,8,2024-08-20 10:44:20,126,
990001471,1348,8,2024-08-20 10:44:30,127,
990001471,1349,8,2024-08-20 10:44:40,128,
990001471,1350,8,2024-08-20 10:44:50,129,
990001471,1351,8,2024-08-20 10:45:00,130,
990001471,1352,8,2024-08-20 10:45:10,131,
990001471,1353,8,2024-08-20 10:45:20,132,
990001471,1354,8,2024-08-20 10:45:30,133,
990001471,1355,8,2024-08-20 10:45:40,134,
990001471,1356,8,2024-08-20 10:45:50,135,
990001471,1357,8,2024-08-20 10:46:00,136,
990001471,1358,8,2024-08-20 10:46:10,137,
990001471,1359,8,2024-08-20 10:46:20,138,
990001471,1360,8,2024-08-20 10:46:30,139,
990001471,1361,8,2024-08-20 10:46:40,100,
990001471,1362,8,2024-08-20 10:46:50,101,
990001471,1363,8,2024-08-20 10:47:00,102,
990001471,1364,8,2024-08-20 10:47:10,103,
990001471,1365,8,2024-08-20 10:47:20,104,
990001471,1366,8,2024-08-20 10:47:30,105,
990001471,1367,8,2024-08-20 10:47:40,106,
990001471,1368,8,2024-08-20 10:47:50,107,
990001471,1369,8,2024-08-20 10:48:00,108,
990001471,1370,8,2024-08-20 10:48:10,109,
990001471,1371,8,2024-08-20 10:48:20,110,
990001471,1372,8,2024-08-20 10:48:30,111,
990001471,1373,8,2024-08-20 10:48:40,112,
990001471,1374,8,2024-08-20 10:48:50,113,
990001471,1375,8,2024-08-20 10:49:00,114,
990001471,1376,8,2024-08-20 10:49:10,115,
990001471,1377,8,2024-08-20 10:49:20,116,
990001471,1378,8,2024-08-20 10:49:30,117,
990001471,1379,8,2024-08-20 10:49:40,118,
990001471,1380,8,2024-08-20 10:49:50,119,
990001471,1381,8,2024-08-20 10:50:00,120,
990001471,1382,8,2024-08-20 10:50:10,121,
990001471,1383,8,2024-08-20 10:50:20,122,
990001471,1384,8,2024-08-20 10:50:30,123,
990001471,1385,8,2024-08-20 10:50:40,124,
990001471,1386,8,2024-08-20 10:50:50,125,
990001471,1387,8,2024-08-20 10:51:00,126,
990001471,1388,8,2024-08-20 10:51:10,127,
990001471,1389,8,2024-08-20 10:51:20,128,
990001471,1390,8,2024-08-20 10:51:30,129,
990001471,1391,8,2024-08-20 10:51:40,130,
990001471,1392,8,2024-08-20 10:51:50,131,
990001471,1393,8,2024-08-20 10:52:00,132,
990001471,1394,8,2024-08-20 10:52:10,133,
990001471,1395,8,2024-08-20 10:52:20,134,
990001471,1396,8,2024-08-20 10:52:30,135,
990001471,1397,8,2024-08-20 10:52:40,136,
990001471,1398,8,2024-08-20 10:52:50,137,
990001471,1399,8,2024-08-20 10:53:00,138,
990001471,1400,8,2024-08-20 10:53:10,139,
990001471,1401,8,2024-08-20 10:53:20,100,
990001471,1402,8,2024-08-20 10:53:30,101,
990001471,1403,8,2024-08-20 10:53:40,102,
990001471,1404,8,2024-08-20 10:53:50,103,
990001471,1405,8,2024-08-20 10:54:00,104,
990001471,1406,8,2024-08-20 10:54:10,105,
990001471,1407,8,2024-08-20 10:54:20,106,
990001471,1408,8,2024-08-20 10:54:30,107,
990001471,1409,8,2024-08-20 10:54:40,108,
990001471,1410,8,2024-08-20 10:54:50,109,
990001471,1411,8,2024-08-20 10:55:00,110,
990001471,1412,8,2024-08-20 10:55:10,111,
990001471,1413,8,2024-08-20 10:55:20,112,
990001471,1414,8,2024-08-20 10:55:30,113,
990001471,1415,8,2024-08-20 10:55:40,114,
990001471,1416,8,2024-08-20 10:55:50,115,
990001471,1417,8,2024-08-20 10:56:00,116,
990001471,1418,8,2024-08-20 10:56:10,117,
990001471,1419,8,2024-08-20 10:56:20,118,
990001471,1420,8,2024-08-20 10:56:30,119,
990001471,1421,8,2024-08-20 10:56:40,120,
990001471,1422,8,2024-08-20 10:56:50,121,
990001471,1423,8,2024-08-20 10:57:00,122,
990001471,1424,8,2024-08-20 10:57:10,123,
990001471,1425,8,2024-08-20 10:57:20,124,
990001471,1426,8,2024-08-20 10:57:30,125,
990001471,1427,8,2024-08-20 10:57:40,126,
990001471,1428,8,2024-08-20 10:57:50,127,
990001471,1429,8,2024-08-20 10:58:00,128,
990001471,1430,8,2024-08-20 10:58:10,129,
990001471,1431,8,2024-08-20 10:58:20,130,
990001471,1432,8,2024-08-20 10:58:30,131,
990001471,1433,8,2024-08-20 10:58:40,132,
990001471,1434,8,2024-08-20 10:58:50,133,
990001471,1435,8,2024-08-20 10:59:00,134,
990001471,1436,8,2024-08-20 10:59:10,135,
990001471,1437,8,2024-08-20 10:59:20,136,
990001471,1438,8,2024-08-20 10:59:30,137,
990001471,1439,8,2024-08-20 10:59:40,138,
990001471,1440,8,2024-08-20 10:59:50,139,
990001471,1441,8,2024-08-20 11:00:00,100,
990001471,1442,8,2024-08-20 11:00:10,101,
990001471,1443,8,2024-08-20 11:00:20,102,
990001471,1444,8,2024-08-20 11:00:30,103,
990001471,1445,8,2024-08-20 11:00:40,104,
990001471,1446,8,2024-08-20 11:00:50,105,
990001471,1447,8,2024-08-20 11:01:00,106,
990001471,1448,8,2024-08-20 11:01:10,107,
990001471,1449,8,2024-08-20 11:01:20,108,
990001471,1450,8,2024-08-20 11:01:30,109,
990001471,1451,8,2024-08-20 11:01:40,110,
990001471,1452,8,2024-08-20 11:01:50,111,
990001471,1453,8,2024-08-20 11:02:00,112,
990001471,1454,8,2024-08-20 11:02:10,113,
990001471,1455,8,2024-08-20 11:02:20,114,
990001471,1456,8,2024-08-20 11:02:30,115,
990001471,1457,8,2024-08-20 11:02:40,116,
990001471,1458,8,2024-08-20 11:02:50,117,
990001471,1459,8,2024-08-20 11:03:00,118,
990001471,1460,8,2024-08-20 11:03:10,119,
990001471,1461,8,2024-08-20 11:03:20,120,
990001471,1462,8,2024-08-20 11:03:30,121,
990001471,1463,8,2024-08-20 11:03:40,122,
990001471,1464,8,2024-08-20 11:03:50,123,
990001471,1465,8,2024-08-20 11:04:00,124,
990001471,1466,8,2024-08-20 11:04:10,125,
990001471,1467,8,2024-08-20 11:04:20,126,
990001471,1468,8,2024-08-20 11:04:30,127,
990001471,1469,8,2024-08-20 11:04:40,128,
990001471,1470,8,2024-08-20 11:04:50,129,
990001471,1471,8,2024-08-20 11:05:00,130,
990001471,1472,8,2024-08-20 11:05:10,131,
990001471,1473,8,2024-08-20 11:05:20,132,
990001471,1474,8,2024-08-20 11:05:30,133,
990001471,1475,8,2024-08-20 11:05:40,134,
990001471,1476,8,2024-08-20 11:05:50,135,
990001471,1477,8,2024-08-20 11:06:00,136,
990001471,1478,8,2024-08-20 11:06:10,137,
990001471,1479,8,2024-08-20 11:06:20,138,
990001471,1480,8,2024-08-20 11:06:30,139,
990001471,1481,8,2024-08-20 11:06:40,100,
990001471,1482,8,2024-08-20 11:06:50,101,
990001471,1483,8,2024-08-20 11:07:00,102,
990001471,1484,8,2024-08-20 11:07:10,103,
990001471,1485,8,2024-08-20 11:07:20,104,
990001471,1486,8,2024-08-20 11:07:30,105,
990001471,1487,8,2024-08-20 11:07:40,106,
990001471,1488,8,2024-08-20 11:07:50,107,
990001471,1489,8,2024-08-20 11:08:00,108,
990001471,1490,8,2024-08-20 11:08:10,109,
990001471,1491,8,2024-08-20 11:08:20,110,
990001471,1492,8,2024-08-20 11:08:30,111,
990001471,1493,8,2024-08-20 11:08:40,112,
990001471,1494,8,2024-08-20 11:08:50,113,
990001471,1495,8,2024-08-20 11:09:00,114,
990001471,1496,8,2024-08-20 11:09:10,115,
990001471,1497,8,2024-08-20 11:09:20,116,
990001471,1498,8,2024-08-20 11:09:30,117,
990001471,1499,8,2024-08-20 11:09:40,118,
990001471,1500,8,2024-08-20 11:09:50,119,
990001471,1501,8,2024-08-20 11:10:00,120,
990001471,1502,8,2024-08-20 11:10:10,121,
990001471,1503,8,2024-08-20 11:10:20,122,
990001471,1504,8,2024-08-20 11:10:30,123,
990001471,1505,8,2024-08-20 11:10:40,124,
990001471,1506,8,2024-08-20 11:10:50,125,
990001471,1507,8,2024-08-20 11:11:00,126,
990001471,1508,8,2024-08-20 11:11:10,127,
990001471,1509,8,2024-08-20 11:11:20,128,
990001471,1510,8,2024-08-20 11:11:30,129,
990001471,1511,8,2024-08-20 11:11:40,130,
990001471,1512,8,2024-08-20 11:11:50,131,
990001471,1513,8,2024-08-20 11:12:00,132,
990001471,1514,8,2024-08-20 11:12:10,133,
990001471,1515,8,2024-08-20 11:12:20,134,
990001471,1516,8,2024-08-20 11:12:30,135,
990001471,1517,8,2024-08-20 11:12:40,136,
990001471,1518,8,2024-08-20 11:12:50,137,
990001471,1519,8,2024-08-20 11:13:00,138,
990001471,1520,8,2024-08-20 11:13:10,139,
990001471,1521,8,2024-08-20 11:13:20,100,
990001471,1522,8,2024-08-20 11:13:30,101,
990001471,1523,8,2024-08-20 11:13:40,102,
990001471,1524,8,2024-08-20 11:13:50,103,
990001471,1525,8,2024-08-20 11:14:00,104,
990001471,1526,8,2024-08-20 11:14:10,105,
990001471,1527,8,2024-08-20 11:14:20,106,
990001471,1528,8,2024-08-20 11:14:30,107,
990001471,1529,8,2024-08-20 11:14:40,108,
990001471,1530,8,2024-08-20 11:14:50,109,
990001471,1531,8,2024-08-20 11:15:00,110,
990001471,1532,8,2024-08-20 11:15:10,111,
990001471,1533,8,2024-08-20 11:15:20,112,
990001471,1534,8,2024-08-20 11:15:30,113,
990001471,1535,8,2024-08-20 11:15:40,114,
990001471,1536,8,2024-08-20 11:15:50,115,
990001471,1537,8,2024-08-20 11:16:00,116,
990001471,1538,8,2024-08-20 11:16:10,117,
990001471,1539,8,2024-08-20 11:16:20,118,
990001471,1540,8,2024-08-20 11:16:30,119,
990001471,1541,8,2024-08-20 11:16:40,120,
990001471,1542,8,2024-08-20 11:16:50,121,
990001471,1543,8,2024-08-20 11:17:00,122,
990001471,1544,8,2024-08-20 11:17:10,123,
990001471,1545,8,2024-08-20 11:17:20,124,
990001471,1546,8,2024-08-20 11:17:30,125,
990001471,1547,8,2024-08-20 11:17:40,126,
990001471,1548,8,2024-08-20 11:17:50,127,
990001471,1549,8,2024-08-20 11:18:00,128,
990001471,1550,8,2024-08-20 11:18:10,129,
990001471,1551,8,2024-08-20 11:18:20,130,
990001471,1552,8,2024-08-20 11:18:30,131,
990001471,1553,8,2024-08-20 11:18:40,132,
990001471,1554,8,2024-08-20 11:18:50,133,
990001471,1555,8,2024-08-20 11:19:00,134,
990001471,1556,8,2024-08-20 11:19:10,135,
990001471,1557,8,2024-08-20 11:19:20,136,
990001471,1558,8,2024-08-20 11:19:30,137,
990001471,1559,8,2024-08-20 11:19:40,138,
990001471,1560,8,2024-08-20 11:19:50,139,
990001471,1561,8,2024-08-20 11:20:00,100,
990001471,1562,8,2024-08-20 11:20:10,101,
990001471,1563,8,2024-08-20 11:20:20,102,
990001471,1564,8,2024-08-20 11:20:30,103,
990001471,1565,8,2024-08-20 11:20:40,104,
990001471,1566,8,2024-08-20 11:20:50,105,
990001471,1567,8,2024-08-20 11:21:00,106,
990001471,1568,8,2024-08-20 11:21:10,107,
990001471,1569,8,2024-08-20 11:21:20,108,
990001471,1570,8,2024-08-20 11:21:30,109,
990001471,1571,8,2024-08-20 11:21:40,110,
990001471,1572,8,2024-08-20 11:21:50,111,
990001471,1573,8,2024-08-20 11:22:00,112,
990001471,1574,8,2024-08-20 11:22:10,113,
990001471,1575,8,2024-08-20 11:22:20,114,
990001471,1576,8,2024-08-20 11:22:30,115,
990001471,1577,8,2024-08-20 11:22:40,116,
990001471,1578,8,2024-08-20 11:22:50,117,
990001471,1579,8,2024-08-20 11:23:00,118,
990001471,1580,8,2024-08-20 11:23:10,119,
990001471,1581,8,2024-08-20 11:23:20,120,
990001471,1582,8,2024-08-20 11:23:30,121,
990001471,1583,8,2024-08-20 11:23:40,122,
990001471,1584,8,2024-08-20 11:23:50,123,
990001471,1585,8,2024-08-20 11:24:00,124,
990001471,1586,8,2024-08-20 11:24:10,125,
990001471,1587,8,2024-08-20 11:24:20,126,
990001471,1588,8,2024-08-20 11:24:30,127,
990001471,1589,8,2024-08-20 11:24:40,128,
990001471,1590,8,2024-08-20 11:24:50,129,
990001471,1591,8,2024-08-20 11:25:00,130,
990001471,1592,8,2024-08-20 11:25:10,131,
990001471,1593,8,2024-08-20 11:25:20,132,
990001471,1594,8,2024-08-20 11:25:30,133,
990001471,1595,8,2024-08-20 11:25:40,134,
990001471,1596,8,2024-08-20 11:25:50,135,
990001471,1597,8,2024-08-20 11:26:00,136,
990001471,1598,8,2024-08-20 11:26:10,137,
990001471,1599,8,2024-08-20 11:26:20,138,
990001471,1600,8,2024-08-20 11:26:30,139,
990001471,1601,8,2024-08-20 11:26:40,100,
990001471,1602,8,2024-08-20 11:26:50,101,
990001471,1603,8,2024-08-20 11:27:00,102,
990001471,1604,8,2024-08-20 11:27:10,103,
990001471,1605,8,2024-08-20 11:27:20,104,
990001471,1606,8,2024-08-20 11:27:30,105,
990001471,1607,8,2024-08-20 11:27:40,106,
990001471,1608,8,2024-08-20 11:27:50,107,
990001471,1609,8,2024-08-20 11:28:00,108,
990001471,1610,8,2024-08-20 11:28:10,109,
990001471,1611,8,2024-08-20 11:28:20,110,
990001471,1612,8,2024-08-20 11:28:30,111,
990001471,1613,8,2024-08-20 11:28:40,112,
990001471,1614,8,2024-08-20 11:28:50,113,
990001471,1615,8,2024-08-20 11:29:00,114,
990001471,1616,8,2024-08-20 11:29:10,115,
990001471,1617,8,2024-08-20 11:29:20,116,
990001471,1618,8,2024-08-20 11:29:30,117,
990001471,1619,8,2024-08-20 11:29:40,118,
990001471,1620,8,2024-08-20 11:29:50,119,
990001471,1621,8,2024-08-20 11:30:00,120,
990001471,1622,8,2024-08-20 11:30:10,121,
990001471,1623,8,2024-08-20 11:30:20,122,
990001471,1624,8,2024-08-20 11:30:30,123,
990001471,1625,8,2024-08-20 11:30:40,124,
990001471,1626,8,2024-08-20 11:30:50,125,
990001471,1627,8,2024-08-20 11:31:00,126,
990001471,1628,8,2024-08-20 11:31:10,127,
990001471,1629,8,2024-08-20 11:31:20,128,
990001471,1630,8,2024-08-20 11:31:30,129,
990001471,1631,8,2024-08-20 11:31:40,130,
990001471,1632,8,2024-08-20 11:31:50,131,
990001471,1633,8,2024-08-20 11:32:00,132,
990001471,1634,8,2024-08-20 11:32:10,133,
990001471,1635,8,2024-08-20 11:32:20,134,
990001471,1636,8,2024-08-20 11:32:30,135,
990001471,1637,8,2024-08-20 11:32:40,136,
990001471,1638,8,2024-08-20 11:32:50,137,
990001471,1639,8,2024-08-20 11:33:00,138,
990001471,1640,8,2024-08-20 11:33:10,139,
990001471,1641,8,2024-08-20 11:33:20,100,
990001471,1642,8,2024-08-20 11:33:30,101,
990001471,1643,8,2024-08-20 11:33:40,102,
990001471,1644,8,2024-08-20 11:33:50,103,
990001471,1645,8,2024-08-20 11:34:00,104,
990001471,1646,8,2024-08-20 11:34:10,105,
990001471,1647,8,2024-08-20 11:34:20,106,
990001471,1648,8,2024-08-20 11:34:30,107,
990001471,1649,8,2024-08-20 11:34:40,108,
990001471,1650,8,2024-08-20 11:34:50,109,
990001471,1651,8,2024-08-20 11:35:00,110,
990001471,1652,8,2024-08-20 11:35:10,111,
990001471,1653,8,2024-08-20 11:35:20,112,
990001471,1654,8,2024-08-20 11:35:30,113,
990001471,1655,8,2024-08-20 11:35:40,114,
990001471,1656,8,2024-08-20 11:35:50,115,
990001471,1657,8,2024-08-20 11:36:00,116,
990001471,1658,8,2024-08-20 11:36:10,117,
990001471,1659,8,2024-08-20 11:36:20,118,
990001471,1660,8,2024-08-20 11:36:30,119,
990001471,1661,8,2024-08-20 11:36:40,120,
990001471,1662,8,2024-08-20 11:36:50,121,
990001471,1663,8,2024-08-20 11:37:00,122,
990001471,1664,8,2024-08-20 11:37:10,123,
990001471,1665,8,2024-08-20 11:37:20,124,
990001471,1666,8,2024-08-20 11:37:30,125,
990001471,1667,8,2024-08-20 11:37:40,126,
990001471,1668,8,2024-08-20 11:37:50,127,
990001471,1669,8,2024-08-20 11:38:00,128,
990001471,1670,8,2024-08-20 11:38:10,129,
990001471,1671,8,2024-08-20 11:38:20,130,
990001471,1672,8,2024-08-20 11:38:30,131,
990001471,1673,8,2024-08-20 11:38:40,132,
990001471,1674,8,2024-08-20 11:38:50,133,
990001471,1675,8,2024-08-20 11:39:00,134,
990001471,1676,8,2024-08-20 11:39:10,135,
990001471,1677,8,2024-08-20 11:39:20,136,
990001471,1678,8,2024-08-20 11:39:30,137,
990001471,1679,8,2024-08-20 11:39:40,138,
990001471,1680,8,2024-08-20 11:39:50,139,
990001471,1681,8,2024-08-20 11:40:00,100,
990001471,1682,8,2024-08-20 11:40:10,101,
990001471,1683,8,2024-08-20 11:40:20,102,
990001471,1684,8,2024-08-20 11:40:30,103,
990001471,1685,8,2024-08-20 11:40:40,104,
990001471,1686,8,2024-08-20 11:40:50,105,
990001471,1687,8,2024-08-20 11:41:00,106,
990001471,1688,8,2024-08-20 11:41:10,107,
990001471,1689,8,2024-08-20 11:41:20,108,
990001471,1690,8,2024-08-20 11:41:30,109,
990001471,1691,8,2024-08-20 11:41:40,110,
990001471,1692,8,2024-08-20 11:41:50,111,
990001471,1693,8,2024-08-20 11:42:00,112,
990001471,1694,8,2024-08-20 11:42:10,113,
990001471,1695,8,2024-08-20 11:42:20,114,
990001471,1696,8,2024-08-20 11:42:30,115,
990001471,1697,8,2024-08-20 11:42:40,116,
990001471,1698,8,2024-08-20 11:42:50,117,
990001471,1699,8,2024-08-20 11:43:00,118,
990001471,1700,8,2024-08-20 11:43:10,119,
990001471,1701,8,2024-08-20 11:43:20,120,
990001471,1702,8,2024-08-20 11:43:30,121,
990001471,1703,8,2024-08-20 11:43:40,122,
990001471,1704,8,2024-08-20 11:43:50,123,
990001471,1705,8,2024-08-20 11:44:00,124,
990001471,1706,8,2024-08-20 11:44:10,125,
990001471,1707,8,2024-08-20 11:44:20,126,
990001471,1708,8,2024-08-20 11:44:30,127,
990001471,1709,8,2024-08-20 11:44:40,128,
990001471,1710,8,2024-08-20 11:44:50,129,
990001471,1711,8,2024-08-20 11:45:00,130,
990001471,1712,8,2024-08-20 11:45:10,131,
990001471,1713,8,2024-08-20 11:45:20,132,
990001471,1714,8,2024-08-20 11:45:30,133,
990001471,1715,8,2024-08-20 11:45:40,134,
990001471,1716,8,2024-08-20 11:45:50,135,
990001471,1717,8,2024-08-20 11:46:00,136,
990001471,1718,8,2024-08-20 11:46:10,137,
990001471,1719,8,2024-08-20 11:46:20,138,
990001471,1720,8,2024-08-20 11:46:30,139,
990001471,1721,8,2024-08-20 11:46:40,100,
990001471,1722,8,2024-08-20 11:46:50,101,
990001471,1723,8,2024-08-20 11:47:00,102,
990001471,1724,8,2024-08-20 11:47:10,103,
990001471,1725,8,2024-08-20 11:47:20,104,
990001471,1726,8,2024-08-20 11:47:30,105,
990001471,1727,8,2024-08-20 11:47:40,106,
990001471,1728,8,2024-08-20 11:47:50,107,
990001471,1729,8,2024-08-20 11:48:00,108,
990001471,1730,8,2024-08-20 11:48:10,109,
990001471,1731,8,2024-08-20 11:48:20,110,
990001471,1732,8,2024-08-20 11:48:30,111,
990001471,1733,8,2024-08-20 11:48:40,112,
990001471,1734,8,2024-08-20 11:48:50,113,
990001471,1735,8,2024-08-20 11:49:00,114,
990001471,1736,8,2024-08-20 11:49:10,115,
990001471,1737,8,2024-08-20 11:49:20,116,
990001471,1738,8,2024-08-20 11:49:30,117,
990001471,1739,8,2024-08-20 11:49:40,118,
990001471,1740,8,2024-08-20 11:49:50,119,
990001471,1741,8,2024-08-20 11:50:00,120,
990001471,1742,8,2024-08-20 11:50:10,121,
990001471,1743,8,2024-08-20 11:50:20,122,
990001471,1744,8,2024-08-20 11:50:30,123,
990001471,1745,8,2024-08-20 11:50:40,124,
990001471,1746,8,2024-08-20 11:50:50,125,
990001471,1747,8,2024-08-20 11:51:00,126,
990001471,1748,8,2024-08-20 11:51:10,127,
990001471,1749,8,2024-08-20 11:51:20,128,
990001471,1750,8,2024-08-20 11:51:30,129,
990001471,1751,8,2024-08-20 11:51:40,130,
990001471,1752,8,2024-08-20 11:51:50,131,
990001471,1753,8,2024-08-20 11:52:00,132,
990001471,1754,8,2024-08-20 11:52:10,133,
990001471,1755,8,2024-08-20 11:52:20,134,
990001471,1756,8,2024-08-20 11:52:30,135,
990001471,1757,8,2024-08-20 11:52:40,136,
990001471,1758,8,2024-08-20 11:52:50,137,
990001471,1759,8,2024-08-20 11:53:00,138,
990001471,1760,8,2024-08-20 11:53:10,139,
990001471,1761,8,2024-08-20 11:53:20,100,
990001471,1762,8,2024-08-20 11:53:30,101,
990001471,1763,8,2024-08-20 11:53:40,102,
990001471,1764,8,2024-08-20 11:53:50,103,
990001471,1765,8,2024-08-20 11:54:00,104,
990001471,1766,8,2024-08-20 11:54:10,105,
990001471,1767,8,2024-08-20 11:54:20,106,
990001471,1768,8,2024-08-20 11:54:30,107,
990001471,1769,8,2024-08-20 11:54:40,108,
990001471,1770,8,2024-08-20 11:54:50,109,
990001471,1771,8,2024-08-20 11:55:00,110,
990001471,1772,8,2024-08-20 11:55:10,111,
990001471,1773,8,2024-08-20 11:55:20,112,
990001471,1774,8,2024-08-20 11:55:30,113,
990001471,1775,8,2024-08-20 11:55:40,114,
990001471,1776,8,2024-08-20 11:55:50,115,
990001471,1777,8,2024-08-20 11:56:00,116,
990001471,1778,8,2024-08-20 11:56:10,117,
990001471,1779,8,2024-08-20 11:56:20,118,
990001471,1780,8,2024-08-20 11:56:30,119,
990001471,1781,8,2024-08-20 11:56:40,120,
990001471,1782,8,2024-08-20 11:56:50,121,
990001471,1783,8,2024-08-20 11:57:00,122,
990001471,1784,8,2024-08-20 11:57:10,123,
990001471,1785,8,2024-08-20 11:57:20,124,
990001471,1786,8,2024-08-20 11:57:30,125,
990001471,1787,8,2024-08-20 11:57:40,126,
990001471,1788,8,2024-08-20 11:57:50,127,
990001471,1789,8,2024-08-20 11:58:00,128,
990001471,1790,8,2024-08-20 11:58:10,129,
990001471,1791,8,2024-08-20 11:58:20,130,
990001471,1792,8,2024-08-20 11:58:30,131,
990001471,1793,8,2024-08-20 11:58:40,132,
990001471,1794,8,2024-08-20 11:58:50,133,
990001471,1795,8,2024-08-20 11:59:00,134,
990001471,1796,8,2024-08-20 11:59:10,135,
990001471,1797,8,2024-08-20 11:59:20,136,
990001471,1798,8,2024-08-20 11:59:30,137,
990001471,1799,8,2024-08-20 11:59:40,138,
990001471,1800,8,2024-08-20 11:59:50,139,
990001471,1801,8,2024-08-20 12:00:00,100,
990001471,1802,8,2024-08-20 12:00:10,101,
990001471,1803,8,2024-08-20 12:00:20,102,
990001471,1804,8,2024-08-20 12:00:30,103,
990001471,1805,8,2024-08-20 12:00:40,104,
990001471,1806,8,2024-08-20 12:00:50,105,
990001471,1807,8,2024-08-20 12:01:00,106,
990001471,1808,8,2024-08-20 12:01:10,107,
990001471,1809,8,2024-08-20 12:01:20,108,
990001471,1810,8,2024-08-20 12:01:30,109,
990001471,1811,8,2024-08-20 12:01:40,110,
990001471,1812,8,2024-08-20 12:01:50,111,
990001471,1813,8,2024-08-20 12:02:00,112,
990001471,1814,8,2024-08-20 12:02:10,113,
990001471,1815,8,2024-08-20 12:02:20,114,
990001471,1816,8,2024-08-20 12:02:30,115,
990001471,1817,8,2024-08-20 12:02:40,116,
990001471,1818,8,2024-08-20 12:02:50,117,
990001471,1819,8,2024-08-20 12:03:00,118,
990001471,1820,8,2024-08-20 12:03:10,119,
990001471,1821,8,2024-08-20 12:03:20,120,
990001471,1822,8,2024-08-20 12:03:30,121,
990001471,1823,8,2024-08-20 12:03:40,122,
990001471,1824,8,2024-08-20 12:03:50,123,
990001471,1825,8,2024-08-20 12:04:00,124,
990001471,1826,8,2024-08-20 12:04:10,125,
990001471,1827,8,2024-08-20 12:04:20,126,
990001471,1828,8,2024-08-20 12:04:30,127,
990001471,1829,8,2024-08-20 12:04:40,128,
990001471,1830,8,2024-08-20 12:04:50,129,
990001471,1831,8,2024-08-20 12:05:00,130,
990001471,1832,8,2024-08-20 12:05:10,131,
990001471,1833,8,2024-08-20 12:05:20,132,
990001471,1834,8,2024-08-20 12:05:30,133,
990001471,1835,8,2024-08-20 12:05:40,134,
990001471,1836,8,2024-08-20 12:05:50,135,
990001471,1837,8,2024-08-20 12:06:00,136,
990001471,1838,8,2024-08-20 12:06:10,137,
990001471,1839,8,2024-08-20 12:06:20,138,
990001471,1840,8,2024-08-20 12:06:30,139,
990001471,1841,8,2024-08-20 12:06:40,100,
990001471,1842,8,2024-08-20 12:06:50,101,
990001471,1843,8,2024-08-20 12:07:00,102,
990001471,1844,8,2024-08-20 12:07:10,103,
990001471,1845,8,2024-08-20 12:07:20,104,
990001471,1846,8,2024-08-20 12:07:30,105,
990001471,1847,8,2024-08-20 12:07:40,106,
990001471,1848,8,2024-08-20 12:07:50,107,
990001471,1849,8,2024-08-20 12:08:00,108,
990001471,1850,8,2024-08-20 12:08:10,109,
990001471,1851,8,2024-08-20 12:08:20,110,
990001471,1852,8,2024-08-20 12:08:30,111,
990001471,1853,8,2024-08-20 12:08:40,112,
990001471,1854,8,2024-08-20 12:08:50,113,
990001471,1855,8,2024-08-20 12:09:00,114,
990001471,1856,8,2024-08-20 12:09:10,115,
990001471,1857,8,2024-08-20 12:09:20,116,
990001471,1858,8,2024-08-20 12:09:30,117,
990001471,1859,8,2024-08-20 12:09:40,118,
990001471,1860,8,2024-08-20 12:09:50,119,
990001471,1861,8,2024-08-20 12:10:00,120,
990001471,1862,8,2024-08-20 12:10:10,121,
990001471,1863,8,2024-08-20 12:10:20,122,
990001471,1864,8,2024-08-20 12:10:30,123,
990001471,1865,8,2024-08-20 12:10:40,124,
990001471,1866,8,2024-08-20 12:10:50,125,
990001471,1867,8,2024-08-20 12:11:00,126,
990001471,1868,8,2024-08-20 12:11:10,127,
990001471,1869,8,2024-08-20 12:11:20,128,
990001471,1870,8,2024-08-20 12:11:30,129,
990001471,1871,8,2024-08-20 12:11:40,130,
990001471,1872,8,2024-08-20 12:11:50,131,
990001471,1873,8,2024-08-20 12:12:00,132,
990001471,1874,8,2024-08-20 12:12:10,133,
990001471,1875,8,2024-08-20 12:12:20,134,
990001471,1876,8,2024-08-20 12:12:30,135,
990001471,1877,8,2024-08-20 12:12:40,136,
990001471,1878,8,2024-08-20 12:12:50,137,
990001471,1879,8,2024-08-20 12:13:00,138,
990001471,1880,8,2024-08-20 12:13:10,139,
990001471,1881,8,2024-08-20 12:13:20,100,
990001471,1882,8,2024-08-20 12:13:30,101,
990001471,1883,8,2024-08-20 12:13:40,102,
990001471,1884,8,2024-08-20 12:13:50,103,
990001471,1885,8,2024-08-20 12:14:00,104,
990001471,1886,8,2024-08-20 12:14:10,105,
990001471,1887,8,2024-08-20 12:14:20,106,
990001471,1888,8,2024-08-20 12:14:30,107,
990001471,1889,8,2024-08-20 12:14:40,108,
990001471,1890,8,2024-08-20 12:14:50,109,
990001471,1891,8,2024-08-20 12:15:00,110,
990001471,1892,8,2024-08-20 12:15:10,111,
990001471,1893,8,2024-08-20 12:15:20,112,
990001471,1894,8,2024-08-20 12:15:30,113,
990001471,1895,8,2024-08-20 12:15:40,114,
990001471,1896,8,2024-08-20 12:15:50,115,
990001471,1897,8,2024-08-20 12:16:00,116,
990001471,1898,8,2024-08-20 12:16:10,117,
990001471,1899,8,2024-08-20 12:16:20,118,
990001471,1900,8,2024-08-20 12:16:30,119,
990001471,1901,8,2024-08-20 12:16:40,120,
990001471,1902,8,2024-08-20 12:16:50,121,
990001471,1903,8,2024-08-20 12:17:00,122,
990001471,1904,8,2024-08-20 12:17:10,123,
990001471,1905,8,2024-08-20 12:17:20,124,
990001471,1906,8,2024-08-20 12:17:30,125,
990001471,1907,8,2024-08-20 12:17:40,126,
990001471,1908,8,2024-08-20 12:17:50,127,
990001471,1909,8,2024-08-20 12:18:00,128,
990001471,1910,8,2024-08-20 12:18:10,129,
990001471,1911,8,2024-08-20 12:18:20,130,
990001471,1912,8,2024-08-20 12:18:30,131,
990001471,1913,8,2024-08-20 12:18:40,132,
990001471,1914,8,2024-08-20 12:18:50,133,
990001471,1915,8,2024-08-20 12:19:00,134,
990001471,1916,8,2024-08-20 12:19:10,135,
990001471,1917,8,2024-08-20 12:19:20,136,
990001471,1918,8,2024-08-20 12:19:30,137,
990001471,1919,8,2024-08-20 12:19:40,138,
990001471,1920,8,2024-08-20 12:19:50,139,
990001471,1921,8,2024-08-20 12:20:00,100,
990001471,1922,8,2024-08-20 12:20:10,101,
990001471,1923,8,2024-08-20 12:20:20,102,
990001471,1924,8,2024-08-20 12:20:30,103,
990001471,1925,8,2024-08-20 12:20:40,104,
990001471,1926,8,2024-08-20 12:20:50,105,
990001471,1927,8,2024-08-20 12:21:00,106,
990001471,1928,8,2024-08-20 12:21:10,107,
990001471,1929,8,2024-08-20 12:21:20,108,
990001471,1930,8,2024-08-20 12:21:30,109,
990001471,1931,8,2024-08-20 12:21:40,110,
990001471,1932,8,2024-08-20 12:21:50,111,
990001471,1933,8,2024-08-20 12:22:00,112,
990001471,1934,8,2024-08-20 12:22:10,113,
990001471,1935,8,2024-08-20 12:22:20,114,
990001471,1936,8,2024-08-20 12:22:30,115,
990001471,1937,8,2024-08-20 12:22:40,116,
990001471,1938,8,2024-08-20 12:22:50,117,
990001471,1939,8,2024-08-20 12:23:00,118,
990001471,1940,8,2024-08-20 12:23:10,119,
990001471,1941,8,2024-08-20 12:23:20,120,
990001471,1942,8,2024-08-20 12:23:30,121,
990001471,1943,8,2024-08-20 12:23:40,122,
990001471,1944,8,2024-08-20 12:23:50,123,
990001471,1945,8,2024-08-20 12:24:00,124,
990001471,1946,8,2024-08-20 12:24:10,125,
990001471,1947,8,2024-08-20 12:24:20,126,
990001471,1948,8,2024-08-20 12:24:30,127,
990001471,1949,8,2024-08-20 12:24:40,128,
990001471,1950,8,2024-08-20 12:24:50,129,
990001471,1951,8,2024-08-20 12:25:00,130,
990001471,1952,8,2024-08-20 12:25:10,131,
990001471,1953,8,2024-08-20 12:25:20,132,
990001471,1954,8,2024-08-20 12:25:30,133,
990001471,1955,8,2024-08-20 12:25:40,134,
990001471,1956,8,2024-08-20 12:25:50,135,
990001471,1957,8,2024-08-20 12:26:00,136,
990001471,1958,8,2024-08-20 12:26:10,137,
990001471,1959,8,2024-08-20 12:26:20,138,
990001471,1960,8,2024-08-20 12:26:30,139,
990001471,1961,8,2024-08-20 12:26:40,100,
990001471,1962,8,2024-08-20 12:26:50,101,
990001471,1963,8,2024-08-20 12:27:00,102,
990001471,1964,8,2024-08-20 12:27:10,103,
990001471,1965,8,2024-08-20 12:27:20,104,
990001471,1966,8,2024-08-20 12:27:30,105,
990001471,1967,8,2024-08-20 12:27:40,106,
990001471,1968,8,2024-08-20 12:27:50,107,
990001471,1969,8,2024-08-20 12:28:00,108,
990001471,1970,8,2024-08-20 12:28:10,109,
990001471,1971,8,2024-08-20 12:28:20,110,
990001471,1972,8,2024-08-20 12:28:30,111,
990001471,1973,8,2024-08-20 12:28:40,112,
990001471,1974,8,2024-08-20 12:28:50,113,
990001471,1975,8,2024-08-20 12:29:00,114,
990001471,1976,8,2024-08-20 12:29:10,115,
990001471,1977,8,2024-08-20 12:29:20,116,
990001471,1978,8,2024-08-20 12:29:30,117,
990001471,1979,8,2024-08-20 12:29:40,118,
990001471,1980,8,2024-08-20 12:29:50,119,
990001471,1981,8,2024-08-20 12:30:00,120,
990001471,1982,8,2024-08-20 12:30:10,121,
990001471,1983,8,2024-08-20 12:30:20,122,
990001471,1984,8,2024-08-20 12:30:30,123,
990001471,1985,8,2024-08-20 12:30:40,124,
990001471,1986,8,2024-08-20 12:30:50,125,
990001471,1987,8,2024-08-20 12:31:00,126,
990001471,1988,8,2024-08-20 12:31:10,127,
990001471,1989,8,2024-08-20 12:31:20,128,
990001471,1990,8,2024-08-20 12:31:30,129,
990001471,1991,8,2024-08-20 12:31:40,130,
990001471,1992,8,2024-08-20 12:31:50,131,
990001471,1993,8,2024-08-20 12:32:00,132,
990001471,1994,8,2024-08-20 12:32:10,133,
990001471,1995,8,2024-08-20 12:32:20,134,
990001471,1996,8,2024-08-20 12:32:30,135,
990001471,1997,8,2024-08-20 12:32:40,136,
990001471,1998,8,2024-08-20 12:32:50,137,
990001471,1999,8,2024-08-20 12:33:00,138,
990001471,2000,8,2024-08-20 12:33:10,139,
990001471,2001,8,2024-08-20 12:33:20,100,
990001471,2002,8,2024-08-20 12:33:30,101,
990001471,2003,8,2024-08-20 12:33:40,102,
990001471,2004,8,2024-08-20 12:33:50,103,
990001471,2005,8,2024-08-20 12:34:00,104,
990001471,2006,8,2024-08-20 12:34:10,105,
990001471,2007,8,2024-08-20 12:34:20,106,
990001471,2008,8,2024-08-20 12:34:30,107,
990001471,2009,8,2024-08-20 12:34:40,108,
990001471,2010,8,2024-08-20 12:34:50,109,
990001471,2011,8,2024-08-20 12:35:00,110,
990001471,2012,8,2024-08-20 12:35:10,111,
990001471,2013,8,2024-08-20 12:35:20,112,
990001471,2014,8,2024-08-20 12:35:30,113,
990001471,2015,8,2024-08-20 12:35:40,114,
990001471,2016,8,2024-08-20 12:35:50,115,
990001471,2017,8,2024-08-20 12:36:00,116,
990001471,2018,8,2024-08-20 12:36:10,117,
990001471,2019,8,2024-08-20 12:36:20,118,
990001471,2020,8,2024-08-20 12:36:30,119,
990001471,2021,8,2024-08-20 12:36:40,120,
990001471,2022,8,2024-08-20 12:36:50,121,
990001471,2023,8,2024-08-20 12:37:00,122,
990001471,2024,8,2024-08-20 12:37:10,123,
990001471,2025,8,2024-08-20 12:37:20,124,
990001471,2026,8,2024-08-20 12:37:30,125,
990001471,2027,8,2024-08-20 12:37:40,126,
990001471,2028,8,2024-08-20 12:37:50,127,
990001471,2029,8,2024-08-20 12:38:00,128,
990001471,2030,8,2024-08-20 12:38:10,129,
990001471,2031,8,2024-08-20 12:38:20,130,
990001471,2032,8,2024-08-20 12:38:30,131,
990001471,2033,8,2024-08-20 12:38:40,132,
990001471,2034,8,2024-08-20 12:38:50,133,
990001471,2035,8,2024-08-20 12:39:00,134,
990001471,2036,8,2024-08-20 12:39:10,135,
990001471,2037,8,2024-08-20 12:39:20,136,
990001471,2038,8,2024-08-20 12:39:30,137,
990001471,2039,8,2024-08-20 12:39:40,138,
990001471,2040,8,2024-08-20 12:39:50,139,
990001471,2041,8,2024-08-20 12:40:00,100,
990001471,2042,8,2024-08-20 12:40:10,101,
990001471,2043,8,2024-08-20 12:40:20,102,
990001471,2044,8,2024-08-20 12:40:30,103,
990001471,2045,8,2024-08-20 12:40:40,104,
990001471,2046,8,2024-08-20 12:40:50,105,
990001471,2047,8,2024-08-20 12:41:00,106,
990001471,2048,8,2024-08-20 12:41:10,107,
990001471,2049,8,2024-08-20 12:41:20,108,
990001471,2050,8,2024-08-20 12:41:30,109,
990001471,2051,8,2024-08-20 12:41:40,110,
990001471,2052,8,2024-08-20 12:41:50,111,
990001471,2053,8,2024-08-20 12:42:00,112,
990001471,2054,8,2024-08-20 12:42:10,113,
990001471,2055,8,2024-08-20 12:42:20,114,
990001471,2056,8,2024-08-20 12:42:30,115,
990001471,2057,8,2024-08-20 12:42:40,116,
990001471,2058,8,2024-08-20 12:42:50,117,
990001471,2059,8,2024-08-20 12:43:00,118,
990001471,2060,8,2024-08-20 12:43:10,119,
990001471,2061,8,2024-08-20 12:43:20,120,
990001471,2062,8,2024-08-20 12:43:30,121,
990001471,2063,8,2024-08-20 12:43:40,122,
990001471,2064,8,2024-08-20 12:43:50,123,
990001471,2065,8,2024-08-20 12:44:00,124,
990001471,2066,8,2024-08-20 12:44:10,125,
990001471,2067,8,2024-08-20 12:44:20,126,
990001471,2068,8,2024-08-20 12:44:30,127,
990001471,2069,8,2024-08-20 12:44:40,128,
990001471,2070,8,2024-08-20 12:44:50,129,
990001471,2071,8,2024-08-20 12:45:00,130,
990001471,2072,8,2024-08-20 12:45:10,131,
990001471,2073,8,2024-08-20 12:45:20,132,
990001471,2074,8,2024-08-20 12:45:30,133,
990001471,2075,8,2024-08-20 12:45:40,134,
990001471,2076,8,2024-08-20 12:45:50,135,
990001471,2077,8,2024-08-20 12:46:00,136,
990001471,2078,8,2024-08-20 12:46:10,137,
990001471,2079,8,2024-08-20 12:46:20,138,
990001471,2080,8,2024-08-20 12:46:30,139,
990001471,2081,8,2024-08-20 12:46:40,100,
990001471,2082,8,2024-08-20 12:46:50,101,
990001471,2083,8,2024-08-20 12:47:00,102,
990001471,2084,8,2024-08-20 12:47:10,103,
990001471,2085,8,2024-08-20 12:47:20,104,
990001471,2086,8,2024-08-20 12:47:30,105,
990001471,2087,8,2024-08-20 12:47:40,106,
990001471,2088,8,2024-08-20 12:47:50,107,
990001471,2089,8,2024-08-20 12:48:00,108,
990001471,2090,8,2024-08-20 12:48:10,109,
990001471,2091,8,2024-08-20 12:48:20,110,
990001471,2092,8,2024-08-20 12:48:30,111,
990001471,2093,8,2024-08-20 12:48:40,112,
990001471,2094,8,2024-08-20 12:48:50,113,
990001471,2095,8,2024-08-20 12:49:00,114,
990001471,2096,8,2024-08-20 12:49:10,115,
990001471,2097,8,2024-08-20 12:49:20,116,
990001471,2098,8,2024-08-20 12:49:30,117,
990001471,2099,8,2024-08-20 12:49:40,118,
990001471,2100,8,2024-08-20 12:49:50,119,
990001471,2101,8,2024-08-20 12:50:00,120,
990001471,2102,8,2024-08-20 12:50:10,121,
990001471,2103,8,2024-08-20 12:50:20,122,
990001471,2104,8,2024-08-20 12:50:30,123,
990001471,2105,8,2024-08-20 12:50:40,124,
990001471,2106,8,2024-08-20 12:50:50,125,
990001471,2107,8,2024-08-20 12:51:00,126,
990001471,2108,8,2024-08-20 12:51:10,127,
990001471,2109,8,2024-08-20 12:51:20,128,
990001471,2110,8,2024-08-20 12:51:30,129,
990001471,2111,8,2024-08-20 12:51:40,130,
990001471,2112,8,2024-08-20 12:51:50,131,
990001471,2113,8,2024-08-20 12:52:00,132,
990001471,2114,8,2024-08-20 12:52:10,133,
990001471,2115,8,2024-08-20 12:52:20,134,
990001471,2116,8,2024-08-20 12:52:30,135,
990001471,2117,8,2024-08-20 12:52:40,136,
990001471,2118,8,2024-08-20 12:52:50,137,
990001471,2119,8,2024-08-20 12:53:00,138,
990001471,2120,8,2024-08-20 12:53:10,139,
990001471,2121,8,2024-08-20 12:53:20,100,
990001471,2122,8,2024-08-20 12:53:30,101,
990001471,2123,8,2024-08-20 12:53:40,102,
990001471,2124,8,2024-08-20 12:53:50,103,
990001471,2125,8,2024-08-20 12:54:00,104,
990001471,2126,8,2024-08-20 12:54:10,105,
990001471,2127,8,2024-08-20 12:54:20,106,
990001471,2128,8,2024-08-20 12:54:30,107,
990001471,2129,8,2024-08-20 12:54:40,108,
990001471,2130,8,2024-08-20 12:54:50,109,
990001471,2131,8,2024-08-20 12:55:00,110,
990001471,2132,8,2024-08-20 12:55:10,111,
990001471,2133,8,2024-08-20 12:55:20,112,
990001471,2134,8,2024-08-20 12:55:30,113,
990001471,2135,8,2024-08-20 12:55:40,114,
990001471,2136,8,2024-08-20 12:55:50,115,
990001471,2137,8,2024-08-20 12:56:00,116,
990001471,2138,8,2024-08-20 12:56:10,117,
990001471,2139,8,2024-08-20 12:56:20,118,
990001471,2140,8,2024-08-20 12:56:30,119,
990001471,2141,8,2024-08-20 12:56:40,120,
990001471,2142,8,2024-08-20 12:56:50,121,
990001471,2143,8,2024-08-20 12:57:00,122,
990001471,2144,8,2024-08-20 12:57:10,123,
990001471,2145,8,2024-08-20 12:57:20,124,
990001471,2146,8,2024-08-20 12:57:30,125,
990001471,2147,8,2024-08-20 12:57:40,126,
990001471,2148,8,2024-08-20 12:57:50,127,
990001471,2149,8,2024-08-20 12:58:00,128,
990001471,2150,8,2024-08-20 12:58:10,129,
990001471,2151,8,2024-08-20 12:58:20,130,
990001471,2152,8,2024-08-20 12:58:30,131,
990001471,2153,8,2024-08-20 12:58:40,132,
990001471,2154,8,2024-08-20 12:58:50,133,
990001471,2155,8,2024-08-20 12:59:00,134,
990001471,2156,8,2024-08-20 12:59:10,135,
990001471,2157,8,2024-08-20 12:59:20,136,
990001471,2158,8,2024-08-20 12:59:30,137,
990001471,2159,8,2024-08-20 12:59:40,138,
990001471,2160,8,2024-08-20 12:59:50,139,
990001471,2161,8,2024-08-20 13:00:00,100,
990001471,2162,8,2024-08-20 13:00:10,101,
990001471,2163,8,2024-08-20 13:00:20,102,
990001471,2164,8,2024-08-20 13:00:30,103,
990001471,2165,8,2024-08-20 13:00:40,104,
990001471,2166,8,2024-08-20 13:00:50,105,
990001471,2167,8,2024-08-20 13:01:00,106,
990001471,2168,8,2024-08-20 13:01:10,107,
990001471,2169,8,2024-08-20 13:01:20,108,
990001471,2170,8,2024-08-20 13:01:30,109,
990001471,2171,8,2024-08-20 13:01:40,110,
990001471,2172,8,2024-08-20 13:01:50,111,
990001471,2173,8,2024-08-20 13:02:00,112,
990001471,2174,8,2024-08-20 13:02:10,113,
990001471,2175,8,2024-08-20 13:02:20,114,
990001471,2176,8,2024-08-20 13:02:30,115,
990001471,2177,8,2024-08-20 13:02:40,116,
990001471,2178,8,2024-08-20 13:02:50,117,
990001471,2179,8,2024-08-20 13:03:00,118,
990001471,2180,8,2024-08-20 13:03:10,119,
990001471,2181,8,2024-08-20 13:03:20,120,
990001471,2182,8,2024-08-20 13:03:30,121,
990001471,2183,8,2024-08-20 13:03:40,122,
990001471,2184,8,2024-08-20 13:03:50,123,
990001471,2185,8,2024-08-20 13:04:00,124,
990001471,2186,8,2024-08-20 13:04:10,125,
990001471,2187,8,2024-08-20 13:04:20,126,
990001471,2188,8,2024-08-20 13:04:30,127,
990001471,2189,8,2024-08-20 13:04:40,128,
990001471,2190,8,2024-08-20 13:04:50,129,
990001471,2191,8,2024-08-20 13:05:00,130,
990001471,2192,8,2024-08-20 13:05:10,131,
990001471,2193,8,2024-08-20 13:05:20,132,
990001471,2194,8,2024-08-20 13:05:30,133,
990001471,2195,8,2024-08-20 13:05:40,134,
990001471,2196,8,2024-08-20 13:05:50,135,
990001471,2197,8,2024-08-20 13:06:00,136,
990001471,2198,8,2024-08-20 13:06:10,137,
990001471,2199,8,2024-08-20 13:06:20,138,
990001471,2200,8,2024-08-20 13:06:30,139,
990001471,2201,8,2024-08-20 13:06:40,100,
990001471,2202,8,2024-08-20 13:06:50,101,
990001471,2203,8,2024-08-20 13:07:00,102,
990001471,2204,8,2024-08-20 13:07:10,103,
990001471,2205,8,2024-08-20 13:07:20,104,
990001471,2206,8,2024-08-20 13:07:30,105,
990001471,2207,8,2024-08-20 13:07:40,106,
990001471,2208,8,2024-08-20 13:07:50,107,
990001471,2209,8,2024-08-20 13:08:00,108,
990001471,2210,8,2024-08-20 13:08:10,109,
990001471,2211,8,2024-08-20 13:08:20,110,
990001471,2212,8,2024-08-20 13:08:30,111,
990001471,2213,8,2024-08-20 13:08:40,112,
990001471,2214,8,2024-08-20 13:08:50,113,
990001471,2215,8,2024-08-20 13:09:00,114,
990001471,2216,8,2024-08-20 13:09:10,115,
990001471,2217,8,2024-08-20 13:09:20,116,
990001471,2218,8,2024-08-20 13:09:30,117,
990001471,2219,8,2024-08-20 13:09:40,118,
990001471,2220,8,2024-08-20 13:09:50,119,
990001471,2221,8,2024-08-20 13:10:00,120,
990001471,2222,8,2024-08-20 13:10:10,121,
990001471,2223,8,2024-08-20 13:10:20,122,
990001471,2224,8,2024-08-20 13:10:30,123,
990001471,2225,8,2024-08-20 13:10:40,124,
990001471,2226,8,2024-08-20 13:10:50,125,
990001471,2227,8,2024-08-20 13:11:00,126,
990001471,2228,8,2024-08-20 13:11:10,127,
990001471,2229,8,2024-08-20 13:11:20,128,
990001471,2230,8,2024-08-20 13:11:30,129,
990001471,2231,8,2024-08-20 13:11:40,130,
990001471,2232,8,2024-08-20 13:11:50,131,
990001471,2233,8,2024-08-20 13:12:00,132,
990001471,2234,8,2024-08-20 13:12:10,133,
990001471,2235,8,2024-08-20 13:12:20,134,
990001471,2236,8,2024-08-20 13:12:30,135,
990001471,2237,8,2024-08-20 13:12:40,136,
990001471,2238,8,2024-08-20 13:12:50,137,
990001471,2239,8,2024-08-20 13:13:00,138,
990001471,2240,8,2024-08-20 13:13:10,139,
990001471,2241,8,2024-08-20 13:13:20,100,
990001471,2242,8,2024-08-20 13:13:30,101,
990001471,2243,8,2024-08-20 13:13:40,102,
990001471,2244,8,2024-08-20 13:13:50,103,
990001471,2245,8,2024-08-20 13:14:00,104,
990001471,2246,8,2024-08-20 13:14:10,105,
990001471,2247,8,2024-08-20 13:14:20,106,
990001471,2248,8,2024-08-20 13:14:30,107,
990001471,2249,8,2024-08-20 13:14:40,108,
990001471,2250,8,2024-08-20 13:14:50,109,
990001471,2251,8,2024-08-20 13:15:00,110,
990001471,2252,8,2024-08-20 13:15:10,111,
990001471,2253,8,2024-08-20 13:15:20,112,
990001471,2254,8,2024-08-20 13:15:30,113,
990001471,2255,8,2024-08-20 13:15:40,114,
990001471,2256,8,2024-08-20 13:15:50,115,
990001471,2257,8,2024-08-20 13:16:00,116,
990001471,2258,8,2024-08-20 13:16:10,117,
990001471,2259,8,2024-08-20 13:16:20,118,
990001471,2260,8,2024-08-20 13:16:30,119,
990001471,2261,8,2024-08-20 13:16:40,120,
990001471,2262,8,2024-08-20 13:16:50,121,
990001471,2263,8,2024-08-20 13:17:00,122,
990001471,2264,8,2024-08-20 13:17:10,123,
990001471,2265,8,2024-08-20 13:17:20,124,
990001471,2266,8,2024-08-20 13:17:30,125,
990001471,2267,8,2024-08-20 13:17:40,126,
990001471,2268,8,2024-08-20 13:17:50,127,
990001471,2269,8,2024-08-20 13:18:00,128,
990001471,2270,8,2024-08-20 13:18:10,129,
990001471,2271,8,2024-08-20 13:18:20,130,
990001471,2272,8,2024-08-20 13:18:30,131,
990001471,2273,8,2024-08-20 13:18:40,132,
990001471,2274,8,2024-08-20 13:18:50,133,
990001471,2275,8,2024-08-20 13:19:00,134,
990001471,2276,8,2024-08-20 13:19:10,135,
990001471,2277,8,2024-08-20 13:19:20,136,
990001471,2278,8,2024-08-20 13:19:30,137,
990001471,2279,8,2024-08-20 13:19:40,138,
990001471,2280,8,2024-08-20 13:19:50,139,
990001471,2281,8,2024-08-20 13:20:00,100,
990001471,2282,8,2024-08-20 13:20:10,101,
990001471,2283,8,2024-08-20 13:20:20,102,
990001471,2284,8,2024-08-20 13:20:30,103,
990001471,2285,8,2024-08-20 13:20:40,104,
990001471,2286,8,2024-08-20 13:20:50,105,
990001471,2287,8,2024-08-20 13:21:00,106,
990001471,2288,8,2024-08-20 13:21:10,107,
990001471,2289,8,2024-08-20 13:21:20,108,
990001471,2290,8,2024-08-20 13:21:30,109,
990001471,2291,8,2024-08-20 13:21:40,110,
990001471,2292,8,2024-08-20 13:21:50,111,
990001471,2293,8,2024-08-20 13:22:00,112,
990001471,2294,8,2024-08-20 13:22:10,113,
990001471,2295,8,2024-08-20 13:22:20,114,
990001471,2296,8,2024-08-20 13:22:30,115,
990001471,2297,8,2024-08-20 13:22:40,116,
990001471,2298,8,2024-08-20 13:22:50,117,
990001471,2299,8,2024-08-20 13:23:00,118,
990001471,2300,8,2024-08-20 13:23:10,119,
990001471,2301,8,2024-08-20 13:23:20,120,
990001471,2302,8,2024-08-20 13:23:30,121,
990001471,2303,8,2024-08-20 13:23:40,122,
990001471,2304,8,2024-08-20 13:23:50,123,
990001471,2305,8,2024-08-20 13:24:00,124,
990001471,2306,8,2024-08-20 13:24:10,125,
990001471,2307,8,2024-08-20 13:24:20,126,
990001471,2308,8,2024-08-20 13:24:30,127,
990001471,2309,8,2024-08-20 13:24:40,128,
990001471,2310,8,2024-08-20 13:24:50,129,
990001471,2311,8,2024-08-20 13:25:00,130,
990001471,2312,8,2024-08-20 13:25:10,131,
990001471,2313,8,2024-08-20 13:25:20,132,
990001471,2314,8,2024-08-20 13:25:30,133,
990001471,2315,8,2024-08-20 13:25:40,134,
990001471,2316,8,2024-08-20 13:25:50,135,
990001471,2317,8,2024-08-20 13:26:00,136,
990001471,2318,8,2024-08-20 13:26:10,137,
990001471,2319,8,2024-08-20 13:26:20,138,
990001471,2320,8,2024-08-20 13:26:30,139,
990001471,2321,8,2024-08-20 13:26:40,100,
990001471,2322,8,2024-08-20 13:26:50,101,
990001471,2323,8,2024-08-20 13:27:00,102,
990001471,2324,8,2024-08-20 13:27:10,103,
990001471,2325,8,2024-08-20 13:27:20,104,
990001471,2326,8,2024-08-20 13:27:30,105,
990001471,2327,8,2024-08-20 13:27:40,106,
990001471,2328,8,2024-08-20 13:27:50,107,
990001471,2329,8,2024-08-20 13:28:00,108,
990001471,2330,8,2024-08-20 13:28:10,109,
990001471,2331,8,2024-08-20 13:28:20,110,
990001471,2332,8,2024-08-20 13:28:30,111,
990001471,2333,8,2024-08-20 13:28:40,112,
990001471,2334,8,2024-08-20 13:28:50,113,
990001471,2335,8,2024-08-20 13:29:00,114,
990001471,2336,8,2024-08-20 13:29:10,115,
990001471,2337,8,2024-08-20 13:29:20,116,
990001471,2338,8,2024-08-20 13:29:30,117,
990001471,2339,8,2024-08-20 13:29:40,118,
990001471,2340,8,2024-08-20 13:29:50,119,
990001471,2341,8,2024-08-20 13:30:00,120,
990001471,2342,8,2024-08-20 13:30:10,121,
990001471,2343,8,2024-08-20 13:30:20,122,
990001471,2344,8,2024-08-20 13:30:30,123,
990001471,2345,8,2024-08-20 13:30:40,124,
990001471,2346,8,2024-08-20 13:30:50,125,
990001471,2347,8,2024-08-20 13:31:00,126,
990001471,2348,8,2024-08-20 13:31:10,127,
990001471,2349,8,2024-08-20 13:31:20,128,
990001471,2350,8,2024-08-20 13:31:30,129,
990001471,2351,8,2024-08-20 13:31:40,130,
990001471,2352,8,2024-08-20 13:31:50,131,
990001471,2353,8,2024-08-20 13:32:00,132,
990001471,2354,8,2024-08-20 13:32:10,133,
990001471,2355,8,2024-08-20 13:32:20,134,
990001471,2356,8,2024-08-20 13:32:30,135,
990001471,2357,8,2024-08-20 13:32:40,136,
990001471,2358,8,2024-08-20 13:32:50,137,
990001471,2359,8,2024-08-20 13:33:00,138,
990001471,2360,8,2024-08-20 13:33:10,139,
990001471,2361,8,2024-08-20 13:33:20,100,
990001471,2362,8,2024-08-20 13:33:30,101,
990001471,2363,8,2024-08-20 13:33:40,102,
990001471,2364,8,2024-08-20 13:33:50,103,
990001471,2365,8,2024-08-20 13:34:00,104,
990001471,2366,8,2024-08-20 13:34:10,105,
990001471,2367,8,2024-08-20 13:34:20,106,
990001471,2368,8,2024-08-20 13:34:30,107,
990001471,2369,8,2024-08-20 13:34:40,108,
990001471,2370,8,2024-08-20 13:34:50,109,
990001471,2371,8,2024-08-20 13:35:00,110,
990001471,2372,8,2024-08-20 13:35:10,111,
990001471,2373,8,2024-08-20 13:35:20,112,
990001471,2374,8,2024-08-20 13:35:30,113,
990001471,2375,8,2024-08-20 13:35:40,114,
990001471,2376,8,2024-08-20 13:35:50,115,
990001471,2377,8,2024-08-20 13:36:00,116,
990001471,2378,8,2024-08-20 13:36:10,117,
990001471,2379,8,2024-08-20 13:36:20,118,
990001471,2380,8,2024-08-20 13:36:30,119,
990001471,2381,8,2024-08-20 13:36:40,120,
990001471,2382,8,2024-08-20 13:36:50,121,
990001471,2383,8,2024-08-20 13:37:00,122,
990001471,2384,8,2024-08-20 13:37:10,123,
990001471,2385,8,2024-08-20 13:37:20,124,
990001471,2386,8,2024-08-20 13:37:30,125,
990001471,2387,8,2024-08-20 13:37:40,126,
990001471,2388,8,2024-08-20 13:37:50,127,
990001471,2389,8,2024-08-20 13:38:00,128,
990001471,2390,8,2024-08-20 13:38:10,129,
990001471,2391,8,2024-08-20 13:38:20,130,
990001471,2392,8,2024-08-20 13:38:30,131,
990001471,2393,8,2024-08-20 13:38:40,132,
990001471,2394,8,2024-08-20 13:38:50,133,
990001471,2395,8,2024-08-20 13:39:00,134,
990001471,2396,8,2024-08-20 13:39:10,135,
990001471,2397,8,2024-08-20 13:39:20,136,
990001471,2398,8,2024-08-20 13:39:30,137,
990001471,2399,8,2024-08-20 13:39:40,138,
990001471,2400,8,2024-08-20 13:39:50,139,
990001471,2401,8,2024-08-20 13:40:00,100,
990001471,2402,8,2024-08-20 13:40:10,101,
990001471,2403,8,2024-08-20 13:40:20,102,
990001471,2404,8,2024-08-20 13:40:30,103,
990001471,2405,8,2024-08-20 13:40:40,104,
990001471,2406,8,2024-08-20 13:40:50,105,
990001471,2407,8,2024-08-20 13:41:00,106,
990001471,2408,8,2024-08-20 13:41:10,107,
990001471,2409,8,2024-08-20 13:41:20,108,
990001471,2410,8,2024-08-20 13:41:30,109,
990001471,2411,8,2024-08-20 13:41:40,110,
990001471,2412,8,2024-08-20 13:41:50,111,
990001471,2413,8,2024-08-20 13:42:00,112,
990001471,2414,8,2024-08-20 13:42:10,113,
990001471,2415,8,2024-08-20 13:42:20,114,
990001471,2416,8,2024-08-20 13:42:30,115,
990001471,2417,8,2024-08-20 13:42:40,116,
990001471,2418,8,2024-08-20 13:42:50,117,
990001471,2419,8,2024-08-20 13:43:00,118,
990001471,2420,8,2024-08-20 13:43:10,119,
990001471,2421,8,2024-08-20 13:43:20,120,
990001471,2422,8,2024-08-20 13:43:30,121,
990001471,2423,8,2024-08-20 13:43:40,122,
990001471,2424,8,2024-08-20 13:43:50,123,
990001471,2425,8,2024-08-20 13:44:00,124,
990001471,2426,8,2024-08-20 13:44:10,125,
990001471,2427,8,2024-08-20 13:44:20,126,
990001471,2428,8,2024-08-20 13:44:30,127,
990001471,2429,8,2024-08-20 13:44:40,128,
990001471,2430,8,2024-08-20 13:44:50,129,
990001471,2431,8,2024-08-20 13:45:00,130,
990001471,2432,8,2024-08-20 13:45:10,131,
990001471,2433,8,2024-08-20 13:45:20,132,
990001471,2434,8,2024-08-20 13:45:30,133,
990001471,2435,8,2024-08-20 13:45:40,134,
990001471,2436,8,2024-08-20 13:45:50,135,
990001471,2437,8,2024-08-20 13:46:00,136,
990001471,2438,8,2024-08-20 13:46:10,137,
990001471,2439,8,2024-08-20 13:46:20,138,
990001471,2440,8,2024-08-20 13:46:30,139,
990001471,2441,8,2024-08-20 13:46:40,100,
990001471,2442,8,2024-08-20 13:46:50,101,
990001471,2443,8,2024-08-20 13:47:00,102,
990001471,2444,8,2024-08-20 13:47:10,103,
990001471,2445,8,2024-08-20 13:47:20,104,
990001471,2446,8,2024-08-20 13:47:30,105,
990001471,2447,8,2024-08-20 13:47:40,106,
990001471,2448,8,2024-08-20 13:47:50,107,
990001471,2449,8,2024-08-20 13:48:00,108,
990001471,2450,8,2024-08-20 13:48:10,109,
990001471,2451,8,2024-08-20 13:48:20,110,
990001471,2452,8,2024-08-20 13:48:30,111,
990001471,2453,8,2024-08-20 13:48:40,112,
990001471,2454,8,2024-08-20 13:48:50,113,
990001471,2455,8,2024-08-20 13:49:00,114,
990001471,2456,8,2024-08-20 13:49:10,115,
990001471,2457,8,2024-08-20 13:49:20,116,
990001471,2458,8,2024-08-20 13:49:30,117,
990001471,2459,8,2024-08-20 13:49:40,118,
990001471,2460,8,2024-08-20 13:49:50,119,
990001471,2461,8,2024-08-20 13:50:00,120,
990001471,2462,8,2024-08-20 13:50:10,121,
990001471,2463,8,2024-08-20 13:50:20,122,
990001471,2464,8,2024-08-20 13:50:30,123,
990001471,2465,8,2024-08-20 13:50:40,124,
990001471,2466,8,2024-08-20 13:50:50,125,
990001471,2467,8,2024-08-20 13:51:00,126,
990001471,2468,8,2024-08-20 13:51:10,127,
990001471,2469,8,2024-08-20 13:51:20,128,
990001471,2470,8,2024-08-20 13:51:30,129,
990001471,2471,8,2024-08-20 13:51:40,130,
990001471,2472,8,2024-08-20 13:51:50,131,
990001471,2473,8,2024-08-20 13:52:00,132,
990001471,2474,8,2024-08-20 13:52:10,133,
990001471,2475,8,2024-08-20 13:52:20,134,
990001471,2476,8,2024-08-20 13:52:30,135,
990001471,2477,8,2024-08-20 13:52:40,136,
990001471,2478,8,2024-08-20 13:52:50,137,
990001471,2479,8,2024-08-20 13:53:00,138,
990001471,2480,8,2024-08-20 13:53:10,139,
990001471,2481,8,2024-08-20 13:53:20,100,
990001471,2482,8,2024-08-20 13:53:30,101,
990001471,2483,8,2024-08-20 13:53:40,102,
990001471,2484,8,2024-08-20 13:53:50,103,
990001471,2485,8,2024-08-20 13:54:00,104,
990001471,2486,8,2024-08-20 13:54:10,105,
990001471,2487,8,2024-08-20 13:54:20,106,
990001471,2488,8,2024-08-20 13:54:30,107,
990001471,2489,8,2024-08-20 13:54:40,108,
990001471,2490,8,2024-08-20 13:54:50,109,
990001471,2491,8,2024-08-20 13:55:00,110,
990001471,2492,8,2024-08-20 13:55:10,111,
990001471,2493,8,2024-08-20 13:55:20,112,
990001471,2494,8,2024-08-20 13:55:30,113,
990001471,2495,8,2024-08-20 13:55:40,114,
990001471,2496,8,2024-08-20 13:55:50,115,
990001471,2497,8,2024-08-20 13:56:00,116,
990001471,2498,8,2024-08-20 13:56:10,117,
990001471,2499,8,2024-08-20 13:56:20,118,
990001471,2500,8,2024-08-20 13:56:30,119,
990001471,2501,8,2024-08-20 13:56:40,120,
990001471,2502,8,2024-08-20 13:56:50,121,
990001471,2503,8,2024-08-20 13:57:00,122,
990001471,2504,8,2024-08-20 13:57:10,123,
990001471,2505,8,2024-08-20 13:57:20,124,
990001471,2506,8,2024-08-20 13:57:30,125,
990001471,2507,8,2024-08-20 13:57:40,126,
990001471,2508,8,2024-08-20 13:57:50,127,
990001471,2509,8,2024-08-20 13:58:00,128,
990001471,2510,8,2024-08-20 13:58:10,129,
990001471,2511,8,2024-08-20 13:58:20,130,
990001471,2512,8,2024-08-20 13:58:30,131,
990001471,2513,8,2024-08-20 13:58:40,132,
990001471,2514,8,2024-08-20 13:58:50,133,
990001471,2515,8,2024-08-20 13:59:00,134,
990001471,2516,8,2024-08-20 13:59:10,135,
990001471,2517,8,2024-08-20 13:59:20,136,
990001471,2518,8,2024-08-20 13:59:30,137,
990001471,2519,8,2024-08-20 13:59:40,138,
990001471,2520,8,2024-08-20 13:59:50,139,
990001471,2521,8,2024-08-20 14:00:00,100,
990001471,2522,8,2024-08-20 14:00:10,101,
990001471,2523,8,2024-08-20 14:00:20,102,
990001471,2524,8,2024-08-20 14:00:30,103,
990001471,2525,8,2024-08-20 14:00:40,104,
990001471,2526,8,2024-08-20 14:00:50,105,
990001471,2527,8,2024-08-20 14:01:00,106,
990001471,2528,8,2024-08-20 14:01:10,107,
990001471,2529,8,2024-08-20 14:01:20,108,
990001471,2530,8,2024-08-20 14:01:30,109,
990001471,2531,8,2024-08-20 14:01:40,110,
990001471,2532,8,2024-08-20 14:01:50,111,
990001471,2533,8,2024-08-20 14:02:00,112,
990001471,2534,8,2024-08-20 14:02:10,113,
990001471,2535,8,2024-08-20 14:02:20,114,
990001471,2536,8,2024-08-20 14:02:30,115,
990001471,2537,8,2024-08-20 14:02:40,116,
990001471,2538,8,2024-08-20 14:02:50,117,
990001471,2539,8,2024-08-20 14:03:00,118,
990001471,2540,8,2024-08-20 14:03:10,119,
990001471,2541,8,2024-08-20 14:03:20,120,
990001471,2542,8,2024-08-20 14:03:30,121,
990001471,2543,8,2024-08-20 14:03:40,122,
990001471,2544,8,2024-08-20 14:03:50,123,
990001471,2545,8,2024-08-20 14:04:00,124,
990001471,2546,8,2024-08-20 14:04:10,125,
990001471,2547,8,2024-08-20 14:04:20,126,
990001471,2548,8,2024-08-20 14:04:30,127,
990001471,2549,8,2024-08-20 14:04:40,128,
990001471,2550,8,2024-08-20 14:04:50,129,
990001471,2551,8,2024-08-20 14:05:00,130,
990001471,2552,8,2024-08-20 14:05:10,131,
990001471,2553,8,2024-08-20 14:05:20,132,
990001471,2554,8,2024-08-20 14:05:30,133,
990001471,2555,8,2024-08-20 14:05:40,134,
990001471,2556,8,2024-08-20 14:05:50,135,
990001471,2557,8,2024-08-20 14:06:00,136,
990001471,2558,8,2024-08-20 14:06:10,137,
990001471,2559,8,2024-08-20 14:06:20,138,
990001471,2560,8,2024-08-20 14:06:30,139,
990001471,2561,8,2024-08-20 14:06:40,100,
990001471,2562,8,2024-08-20 14:06:50,101,
990001471,2563,8,2024-08-20 14:07:00,102,
990001471,2564,8,2024-08-20 14:07:10,103,
990001471,2565,8,2024-08-20 14:07:20,104,
990001471,2566,8,2024-08-20 14:07:30,105,
990001471,2567,8,2024-08-20 14:07:40,106,
990001471,2568,8,2024-08-20 14:07:50,107,
990001471,2569,8,2024-08-20 14:08:00,108,
990001471,2570,8,2024-08-20 14:08:10,109,
990001471,2571,8,2024-08-20 14:08:20,110,
990001471,2572,8,2024-08-20 14:08:30,111,
990001471,2573,8,2024-08-20 14:08:40,112,
990001471,2574,8,2024-08-20 14:08:50,113,
990001471,2575,8,2024-08-20 14:09:00,114,
990001471,2576,8,2024-08-20 14:09:10,115,
990001471,2577,8,2024-08-20 14:09:20,116,
990001471,2578,8,2024-08-20 14:09:30,117,
990001471,2579,8,2024-08-20 14:09:40,118,
990001471,2580,8,2024-08-20 14:09:50,119,
990001471,2581,8,2024-08-20 14:10:00,120,
990001471,2582,8,2024-08-20 14:10:10,121,
990001471,2583,8,2024-08-20 14:10:20,122,
990001471,2584,8,2024-08-20 14:10:30,123,
990001471,2585,8,2024-08-20 14:10:40,124,
990001471,2586,8,2024-08-20 14:10:50,125,
990001471,2587,8,2024-08-20 14:11:00,126,
990001471,2588,8,2024-08-20 14:11:10,127,
990001471,2589,8,2024-08-20 14:11:20,128,
990001471,2590,8,2024-08-20 14:11:30,129,
990001471,2591,8,2024-08-20 14:11:40,130,
990001471,2592,8,2024-08-20 14:11:50,131,
990001471,2593,8,2024-08-20 14:12:00,132,
990001471,2594,8,2024-08-20 14:12:10,133,
990001471,2595,8,2024-08-20 14:12:20,134,
990001471,2596,8,2024-08-20 14:12:30,135,
990001471,2597,8,2024-08-20 14:12:40,136,
990001471,2598,8,2024-08-20 14:12:50,137,
990001471,2599,8,2024-08-20 14:13:00,138,
990001471,2600,8,2024-08-20 14:13:10,139,
990001471,2601,8,2024-08-20 14:13:20,100,
990001471,2602,8,2024-08-20 14:13:30,101,
990001471,2603,8,2024-08-20 14:13:40,102,
990001471,2604,8,2024-08-20 14:13:50,103,
990001471,2605,8,2024-08-20 14:14:00,104,
990001471,2606,8,2024-08-20 14:14:10,105,
990001471,2607,8,2024-08-20 14:14:20,106,
990001471,2608,8,2024-08-20 14:14:30,107,
990001471,2609,8,2024-08-20 14:14:40,108,
990001471,2610,8,2024-08-20 14:14:50,109,
990001471,2611,8,2024-08-20 14:15:00,110,
990001471,2612,8,2024-08-20 14:15:10,111,
990001471,2613,8,2024-08-20 14:15:20,112,
990001471,2614,8,2024-08-20 14:15:30,113,
990001471,2615,8,2024-08-20 14:15:40,114,
990001471,2616,8,2024-08-20 14:15:50,115,
990001471,2617,8,2024-08-20 14:16:00,116,
990001471,2618,8,2024-08-20 14:16:10,117,
990001471,2619,8,2024-08-20 14:16:20,118,
990001471,2620,8,2024-08-20 14:16:30,119,
990001471,2621,8,2024-08-20 14:16:40,120,
990001471,2622,8,2024-08-20 14:16:50,121,
990001471,2623,8,2024-08-20 14:17:00,122,
990001471,2624,8,2024-08-20 14:17:10,123,
990001471,2625,8,2024-08-20 14:17:20,124,
990001471,2626,8,2024-08-20 14:17:30,125,
990001471,2627,8,2024-08-20 14:17:40,126,
990001471,2628,8,2024-08-20 14:17:50,127,
990001471,2629,8,2024-08-20 14:18:00,128,
990001471,2630,8,2024-08-20 14:18:10,129,
990001471,2631,8,2024-08-20 14:18:20,130,
990001471,2632,8,2024-08-20 14:18:30,131,
990001471,2633,8,2024-08-20 14:18:40,132,
990001471,2634,8,2024-08-20 14:18:50,133,
990001471,2635,8,2024-08-20 14:19:00,134,
990001471,2636,8,2024-08-20 14:19:10,135,
990001471,2637,8,2024-08-20 14:19:20,136,
990001471,2638,8,2024-08-20 14:19:30,137,
990001471,2639,8,2024-08-20 14:19:40,138,
990001471,2640,8,2024-08-20 14:19:50,139,
990001471,2641,8,2024-08-20 14:20:00,100,
990001471,2642,8,2024-08-20 14:20:10,101,
990001471,2643,8,2024-08-20 14:20:20,102,
990001471,2644,8,2024-08-20 14:20:30,103,
990001471,2645,8,2024-08-20 14:20:40,104,
990001471,2646,8,2024-08-20 14:20:50,105,
990001471,2647,8,2024-08-20 14:21:00,106,
990001471,2648,8,2024-08-20 14:21:10,107,
990001471,2649,8,2024-08-20 14:21:20,108,
990001471,2650,8,2024-08-20 14:21:30,109,
990001471,2651,8,2024-08-20 14:21:40,110,
990001471,2652,8,2024-08-20 14:21:50,111,
990001471,2653,8,2024-08-20 14:22:00,112,
990001471,2654,8,2024-08-20 14:22:10,113,
990001471,2655,8,2024-08-20 14:22:20,114,
990001471,2656,8,2024-08-20 14:22:30,115,
990001471,2657,8,2024-08-20 14:22:40,116,
990001471,2658,8,2024-08-20 14:22:50,117,
990001471,2659,8,2024-08-20 14:23:00,118,
990001471,2660,8,2024-08-20 14:23:10,119,
990001471,2661,8,2024-08-20 14:23:20,120,
990001471,2662,8,2024-08-20 14:23:30,121,
990001471,2663,8,2024-08-20 14:23:40,122,
990001471,2664,8,2024-08-20 14:23:50,123,
990001471,2665,8,2024-08-20 14:24:00,124,
990001471,2666,8,2024-08-20 14:24:10,125,
990001471,2667,8,2024-08-20 14:24:20,126,
990001471,2668,8,2024-08-20 14:24:30,127,
990001471,2669,8,2024-08-20 14:24:40,128,
990001471,2670,8,2024-08-20 14:24:50,129,
990001471,2671,8,2024-08-20 14:25:00,130,
990001471,2672,8,2024-08-20 14:25:10,131,
990001471,2673,8,2024-08-20 14:25:20,132,
990001471,2674,8,2024-08-20 14:25:30,133,
990001471,2675,8,2024-08-20 14:25:40,134,
990001471,2676,8,2024-08-20 14:25:50,135,
990001471,2677,8,2024-08-20 14:26:00,136,
990001471,2678,8,2024-08-20 14:26:10,137,
990001471,2679,8,2024-08-20 14:26:20,138,
990001471,2680,8,2024-08-20 14:26:30,139,
990001471,2681,8,2024-08-20 14:26:40,100,
990001471,2682,8,2024-08-20 14:26:50,101,
990001471,2683,8,2024-08-20 14:27:00,102,
990001471,2684,8,2024-08-20 14:27:10,103,
990001471,2685,8,2024-08-20 14:27:20,104,
990001471,2686,8,2024-08-20 14:27:30,105,
990001471,2687,8,2024-08-20 14:27:40,106,
990001471,2688,8,2024-08-20 14:27:50,107,
990001471,2689,8,2024-08-20 14:28:00,108,
990001471,2690,8,2024-08-20 14:28:10,109,
990001471,2691,8,2024-08-20 14:28:20,110,
990001471,2692,8,2024-08-20 14:28:30,111,
990001471,2693,8,2024-08-20 14:28:40,112,
990001471,2694,8,2024-08-20 14:28:50,113,
990001471,2695,8,2024-08-20 14:29:00,114,
990001471,2696,8,2024-08-20 14:29:10,115,
990001471,2697,8,2024-08-20 14:29:20,116,
990001471,2698,8,2024-08-20 14:29:30,117,
990001471,2699,8,2024-08-20 14:29:40,118,
990001471,2700,8,2024-08-20 14:29:50,119,
990001471,2701,8,2024-08-20 14:30:00,120,
990001471,2702,8,2024-08-20 14:30:10,121,
990001471,2703,8,2024-08-20 14:30:20,122,
990001471,2704,8,2024-08-20 14:30:30,123,
990001471,2705,8,2024-08-20 14:30:40,124,
990001471,2706,8,2024-08-20 14:30:50,125,
990001471,2707,8,2024-08-20 14:31:00,126,
990001471,2708,8,2024-08-20 14:31:10,127,
990001471,2709,8,2024-08-20 14:31:20,128,
990001471,2710,8,2024-08-20 14:31:30,129,
990001471,2711,8,2024-08-20 14:31:40,130,
990001471,2712,8,2024-08-20 14:31:50,131,
990001471,2713,8,2024-08-20 14:32:00,132,
990001471,2714,8,2024-08-20 14:32:10,133,
990001471,2715,8,2024-08-20 14:32:20,134,
990001471,2716,8,2024-08-20 14:32:30,135,
990001471,2717,8,2024-08-20 14:32:40,136,
990001471,2718,8,2024-08-20 14:32:50,137,
990001471,2719,8,2024-08-20 14:33:00,138,
990001471,2720,8,2024-08-20 14:33:10,139,
990001471,2721,8,2024-08-20 14:33:20,100,
990001471,2722,8,2024-08-20 14:33:30,101,
990001471,2723,8,2024-08-20 14:33:40,102,
990001471,2724,8,2024-08-20 14:33:50,103,
990001471,2725,8,2024-08-20 14:34:00,104,
990001471,2726,8,2024-08-20 14:34:10,105,
990001471,2727,8,2024-08-20 14:34:20,106,
990001471,2728,8,2024-08-20 14:34:30,107,
990001471,2729,8,2024-08-20 14:34:40,108,
990001471,2730,8,2024-08-20 14:34:50,109,
990001471,2731,8,2024-08-20 14:35:00,110,
990001471,2732,8,2024-08-20 14:35:10,111,
990001471,2733,8,2024-08-20 14:35:20,112,
990001471,2734,8,2024-08-20 14:35:30,113,
990001471,2735,8,2024-08-20 14:35:40,114,
990001471,2736,8,2024-08-20 14:35:50,115,
990001471,2737,8,2024-08-20 14:36:00,116,
990001471,2738,8,2024-08-20 14:36:10,117,
990001471,2739,8,2024-08-20 14:36:20,118,
990001471,2740,8,2024-08-20 14:36:30,119,
990001471,2741,8,2024-08-20 14:36:40,120,
990001471,2742,8,2024-08-20 14:36:50,121,
990001471,2743,8,2024-08-20 14:37:00,122,
990001471,2744,8,2024-08-20 14:37:10,123,
990001471,2745,8,2024-08-20 14:37:20,124,
990001471,2746,8,2024-08-20 14:37:30,125,
990001471,2747,8,2024-08-20 14:37:40,126,
990001471,2748,8,2024-08-20 14:37:50,127,
990001471,2749,8,2024-08-20 14:38:00,128,
990001471,2750,8,2024-08-20 14:38:10,129,
990001471,2751,8,2024-08-20 14:38:20,130,
990001471,2752,8,2024-08-20 14:38:30,131,
990001471,2753,8,2024-08-20 14:38:40,132,
990001471,2754,8,2024-08-20 14:38:50,133,
990001471,2755,8,2024-08-20 14:39:00,134,
990001471,2756,8,2024-08-20 14:39:10,135,
990001471,2757,8,2024-08-20 14:39:20,136,
990001471,2758,8,2024-08-20 14:39:30,137,
990001471,2759,8,2024-08-20 14:39:40,138,
990001471,2760,8,2024-08-20 14:39:50,139,
990001471,2761,8,2024-08-20 14:40:00,100,
990001471,2762,8,2024-08-20 14:40:10,101,
990001471,2763,8,2024-08-20 14:40:20,102,
990001471,2764,8,2024-08-20 14:40:30,103,
990001471,2765,8,2024-08-20 14:40:40,104,
990001471,2766,8,2024-08-20 14:40:50,105,
990001471,2767,8,2024-08-20 14:41:00,106,
990001471,2768,8,2024-08-20 14:41:10,107,
990001471,2769,8,2024-08-20 14:41:20,108,
990001471,2770,8,2024-08-20 14:41:30,109,
990001471,2771,8,2024-08-20 14:41:40,110,
990001471,2772,8,2024-08-20 14:41:50,111,
990001471,2773,8,2024-08-20 14:42:00,112,
990001471,2774,8,2024-08-20 14:42:10,113,
990001471,2775,8,2024-08-20 14:42:20,114,
990001471,2776,8,2024-08-20 14:42:30,115,
990001471,2777,8,2024-08-20 14:42:40,116,
990001471,2778,8,2024-08-20 14:42:50,117,
990001471,2779,8,2024-08-20 14:43:00,118,
990001471,2780,8,2024-08-20 14:43:10,119,
990001471,2781,8,2024-08-20 14:43:20,120,
990001471,2782,8,2024-08-20 14:43:30,121,
990001471,2783,8,2024-08-20 14:43:40,122,
990001471,2784,8,2024-08-20 14:43:50,123,
990001471,2785,8,2024-08-20 14:44:00,124,
990001471,2786,8,2024-08-20 14:44:10,125,
990001471,2787,8,2024-08-20 14:44:20,126,
990001471,2788,8,2024-08-20 14:44:30,127,
990001471,2789,8,2024-08-20 14:44:40,128,
990001471,2790,8,2024-08-20 14:44:50,129,
990001471,2791,8,2024-08-20 14:45:00,130,
990001471,2792,8,2024-08-20 14:45:10,131,
990001471,2793,8,2024-08-20 14:45:20,132,
990001471,2794,8,2024-08-20 14:45:30,133,
990001471,2795,8,2024-08-20 14:45:40,134,
990001471,2796,8,2024-08-20 14:45:50,135,
990001471,2797,8,2024-08-20 14:46:00,136,
990001471,2798,8,2024-08-20 14:46:10,137,
990001471,2799,8,2024-08-20 14:46:20,138,
990001471,2800,8,2024-08-20 14:46:30,139,
990001471,2801,8,2024-08-20 14:46:40,100,
990001471,2802,8,2024-08-20 14:46:50,101,
990001471,2803,8,2024-08-20 14:47:00,102,
990001471,2804,8,2024-08-20 14:47:10,103,
990001471,2805,8,2024-08-20 14:47:20,104,
990001471,2806,8,2024-08-20 14:47:30,105,
990001471,2807,8,2024-08-20 14:47:40,106,
990001471,2808,8,2024-08-20 14:47:50,107,
990001471,2809,8,2024-08-20 14:48:00,108,
990001471,2810,8,2024-08-20 14:48:10,109,
990001471,2811,8,2024-08-20 14:48:20,110,
990001471,2812,8,2024-08-20 14:48:30,111,
990001471,2813,8,2024-08-20 14:48:40,112,
990001471,2814,8,2024-08-20 14:48:50,113,
990001471,2815,8,2024-08-20 14:49:00,114,
990001471,2816,8,2024-08-20 14:49:10,115,
990001471,2817,8,2024-08-20 14:49:20,116,
990001471,2818,8,2024-08-20 14:49:30,117,
990001471,2819,8,2024-08-20 14:49:40,118,
990001471,2820,8,2024-08-20 14:49:50,119,
990001471,2821,8,2024-08-20 14:50:00,120,
990001471,2822,8,2024-08-20 14:50:10,121,
990001471,2823,8,2024-08-20 14:50:20,122,
990001471,2824,8,2024-08-20 14:50:30,123,
990001471,2825,8,2024-08-20 14:50:40,124,
990001471,2826,8,2024-08-20 14:50:50,125,
990001471,2827,8,2024-08-20 14:51:00,126,
990001471,2828,8,2024-08-20 14:51:10,127,
990001471,2829,8,2024-08-20 14:51:20,128,
990001471,2830,8,2024-08-20 14:51:30,129,
990001471,2831,8,2024-08-20 14:51:40,130,
990001471,2832,8,2024-08-20 14:51:50,131,
990001471,2833,8,2024-08-20 14:52:00,132,
990001471,2834,8,2024-08-20 14:52:10,133,
990001471,2835,8,2024-08-20 14:52:20,134,
990001471,2836,8,2024-08-20 14:52:30,135,
990001471,2837,8,2024-08-20 14:52:40,136,
990001471,2838,8,2024-08-20 14:52:50,137,
990001471,2839,8,2024-08-20 14:53:00,138,
990001471,2840,8,2024-08-20 14:53:10,139,
990001471,2841,8,2024-08-20 14:53:20,100,
990001471,2842,8,2024-08-20 14:53:30,101,
990001471,2843,8,2024-08-20 14:53:40,102,
990001471,2844,8,2024-08-20 14:53:50,103,
990001471,2845,8,2024-08-20 14:54:00,104,
990001471,2846,8,2024-08-20 14:54:10,105,
990001471,2847,8,2024-08-20 14:54:20,106,
990001471,2848,8,2024-08-20 14:54:30,107,
990001471,2849,8,2024-08-20 14:54:40,108,
990001471,2850,8,2024-08-20 14:54:50,109,
990001471,2851,8,2024-08-20 14:55:00,110,
990001471,2852,8,2024-08-20 14:55:10,111,
990001471,2853,8,2024-08-20 14:55:20,112,
990001471,2854,8,2024-08-20 14:55:30,113,
990001471,2855,8,2024-08-20 14:55:40,114,
990001471,2856,8,2024-08-20 14:55:50,115,
990001471,2857,8,2024-08-20 14:56:00,116,
990001471,2858,8,2024-08-20 14:56:10,117,
990001471,2859,8,2024-08-20 14:56:20,118,
990001471,2860,8,2024-08-20 14:56:30,119,
990001471,2861,8,2024-08-20 14:56:40,120,
990001471,2862,8,2024-08-20 14:56:50,121,
990001471,2863,8,2024-08-20 14:57:00,122,
990001471,2864,8,2024-08-20 14:57:10,123,
990001471,2865,8,2024-08-20 14:57:20,124,
990001471,2866,8,2024-08-20 14:57:30,125,
990001471,2867,8,2024-08-20 14:57:40,126,
990001471,2868,8,2024-08-20 14:57:50,127,
990001471,2869,8,2024-08-20 14:58:00,128,
990001471,2870,8,2024-08-20 14:58:10,129,
990001471,2871,8,2024-08-20 14:58:20,130,
990001471,2872,8,2024-08-20 14:58:30,131,
990001471,2873,8,2024-08-20 14:58:40,132,
990001471,2874,8,2024-08-20 14:58:50,133,
990001471,2875,8,2024-08-20 14:59:00,134,
990001471,2876,8,2024-08-20 14:59:10,135,
990001471,2877,8,2024-08-20 14:59:20,136,
990001471,2878,8,2024-08-20 14:59:30,137,
990001471,2879,8,2024-08-20 14:59:40,138,
990001471,2880,8,2024-08-20 14:59:50,139,
990001471,2881,8,2024-08-20 15:00:00,100,
990001471,2882,8,2024-08-20 15:00:10,101,
990001471,2883,8,2024-08-20 15:00:20,102,
990001471,2884,8,2024-08-20 15:00:30,103,
990001471,2885,8,2024-08-20 15:00:40,104,
990001471,2886,8,2024-08-20 15:00:50,105,
990001471,2887,8,2024-08-20 15:01:00,106,
990001471,2888,8,2024-08-20 15:01:10,107,
990001471,2889,8,2024-08-20 15:01:20,108,
990001471,2890,8,2024-08-20 15:01:30,109,
990001471,2891,8,2024-08-20 15:01:40,110,
990001471,2892,8,2024-08-20 15:01:50,111,
990001471,2893,8,2024-08-20 15:02:00,112,
990001471,2894,8,2024-08-20 15:02:10,113,
990001471,2895,8,2024-08-20 15:02:20,114,
990001471,2896,8,2024-08-20 15:02:30,115,
990001471,2897,8,2024-08-20 15:02:40,116,
990001471,2898,8,2024-08-20 15:02:50,117,
990001471,2899,8,2024-08-20 15:03:00,118,
990001471,2900,8,2024-08-20 15:03:10,119,
990001471,2901,8,2024-08-20 15:03:20,120,
990001471,2902,8,2024-08-20 15:03:30,121,
990001471,2903,8,2024-08-20 15:03:40,122,
990001471,2904,8,2024-08-20 15:03:50,123,
990001471,2905,8,2024-08-20 15:04:00,124,
990001471,2906,8,2024-08-20 15:04:10,125,
990001471,2907,8,2024-08-20 15:04:20,126,
990001471,2908,8,2024-08-20 15:04:30,127,
990001471,2909,8,2024-08-20 15:04:40,128,
990001471,2910,8,2024-08-20 15:04:50,129,
990001471,2911,8,2024-08-20 15:05:00,130,
990001471,2912,8,2024-08-20 15:05:10,131,
990001471,2913,8,2024-08-20 15:05:20,132,
990001471,2914,8,2024-08-20 15:05:30,133,
990001471,2915,8,2024-08-20 15:05:40,134,
990001471,2916,8,2024-08-20 15:05:50,135,
990001471,2917,8,2024-08-20 15:06:00,136,
990001471,2918,8,2024-08-20 15:06:10,137,
990001471,2919,8,2024-08-20 15:06:20,138,
990001471,2920,8,2024-08-20 15:06:30,139,
990001471,2921,8,2024-08-20 15:06:40,100,
990001471,2922,8,2024-08-20 15:06:50,101,
990001471,2923,8,2024-08-20 15:07:00,102,
990001471,2924,8,2024-08-20 15:07:10,103,
990001471,2925,8,2024-08-20 15:07:20,104,
990001471,2926,8,2024-08-20 15:07:30,105,
990001471,2927,8,2024-08-20 15:07:40,106,
990001471,2928,8,2024-08-20 15:07:50,107,
990001471,2929,8,2024-08-20 15:08:00,108,
990001471,2930,8,2024-08-20 15:08:10,109,
990001471,2931,8,2024-08-20 15:08:20,110,
990001471,2932,8,2024-08-20 15:08:30,111,
990001471,2933,8,2024-08-20 15:08:40,112,
990001471,2934,8,2024-08-20 15:08:50,113,
990001471,2935,8,2024-08-20 15:09:00,114,
990001471,2936,8,2024-08-20 15:09:10,115,
990001471,2937,8,2024-08-20 15:09:20,116,
990001471,2938,8,2024-08-20 15:09:30,117,
990001471,2939,8,2024-08-20 15:09:40,118,
990001471,2940,8,2024-08-20 15:09:50,119,
990001471,2941,8,2024-08-20 15:10:00,120,
990001471,2942,8,2024-08-20 15:10:10,121,
990001471,2943,8,2024-08-20 15:10:20,122,
990001471,2944,8,2024-08-20 15:10:30,123,
990001471,2945,8,2024-08-20 15:10:40,124,
990001471,2946,8,2024-08-20 15:10:50,125,
990001471,2947,8,2024-08-20 15:11:00,126,
990001471,2948,8,2024-08-20 15:11:10,127,
990001471,2949,8,2024-08-20 15:11:20,128,
990001471,2950,8,2024-08-20 15:11:30,129,
990001471,2951,8,2024-08-20 15:11:40,130,
990001471,2952,8,2024-08-20 15:11:50,131,
990001471,2953,8,2024-08-20 15:12:00,132,
990001471,2954,8,2024-08-20 15:12:10,133,
990001471,2955,8,2024-08-20 15:12:20,134,
990001471,2956,8,2024-08-20 15:12:30,135,
990001471,2957,8,2024-08-20 15:12:40,136,
990001471,2958,8,2024-08-20 15:12:50,137,
990001471,2959,8,2024-08-20 15:13:00,138,
990001471,2960,8,2024-08-20 15:13:10,139,
990001471,2961,8,2024-08-20 15:13:20,100,
990001471,2962,8,2024-08-20 15:13:30,101,
990001471,2963,8,2024-08-20 15:13:40,102,
990001471,2964,8,2024-08-20 15:13:50,103,
990001471,2965,8,2024-08-20 15:14:00,104,
990001471,2966,8,2024-08-20 15:14:10,105,
990001471,2967,8,2024-08-20 15:14:20,106,
990001471,2968,8,2024-08-20 15:14:30,107,
990001471,2969,8,2024-08-20 15:14:40,108,
990001471,2970,8,2024-08-20 15:14:50,109,
990001471,2971,8,2024-08-20 15:15:00,110,
990001471,2972,8,2024-08-20 15:15:10,111,
990001471,2973,8,2024-08-20 15:15:20,112,
990001471,2974,8,2024-08-20 15:15:30,113,
990001471,2975,8,2024-08-20 15:15:40,114,
990001471,2976,8,2024-08-20 15:15:50,115,
990001471,2977,8,2024-08-20 15:16:00,116,
990001471,2978,8,2024-08-20 15:16:10,117,
990001471,2979,8,2024-08-20 15:16:20,118,
990001471,2980,8,2024-08-20 15:16:30,119,
990001471,2981,8,2024-08-20 15:16:40,120,
990001471,2982,8,2024-08-20 15:16:50,121,
990001471,2983,8,2024-08-20 15:17:00,122,
990001471,2984,8,2024-08-20 15:17:10,123,
990001471,2985,8,2024-08-20 15:17:20,124,
990001471,2986,8,2024-08-20 15:17:30,125,
990001471,2987,8,2024-08-20 15:17:40,126,
990001471,2988,8,2024-08-20 15:17:50,127,
990001471,2989,8,2024-08-20 15:18:00,128,
990001471,2990,8,2024-08-20 15:18:10,129,
990001471,2991,8,2024-08-20 15:18:20,130,
990001471,2992,8,2024-08-20 15:18:30,131,
990001471,2993,8,2024-08-20 15:18:40,132,
990001471,2994,8,2024-08-20 15:18:50,133,
990001471,2995,8,2024-08-20 15:19:00,134,
990001471,2996,8,2024-08-20 15:19:10,135,
990001471,2997,8,2024-08-20 15:19:20,136,
990001471,2998,8,2024-08-20 15:19:30,137,
990001471,2999,8,2024-08-20 15:19:40,138,
990001471,3000,8,2024-08-20 15:19:50,139,
990001671,1,5,2024-09-03 07:40:00,91/51,
990001671,2,5,2024-09-03 07:50:00,92/52,
990001671,3,5,2024-09-03 10:10:00,93/53,
990001671,4,5,2024-09-03 10:20:00,94/54,
990002700,1,52,2024-05-11 09:00:00,55,
990002700,2,52,2024-05-11 09:10:00,56,
990002700,3,52,2024-05-11 09:19:00,54,
990002700,4,52,2024-05-11 09:20:00,35,
990002700,5,52,2024-05-11 09:21:00,36,
990002700,6,52,2024-05-11 09:22:00,37,
990002700,7,52,2024-05-11 09:23:00,35,
990002700,8,52,2024-05-11 09:24:00,36,
990002700,9,52,2024-05-11 09:25:00,37,
990002700,10,52,2024-05-11 09:26:00,35,
990002700,11,52,2024-05-11 09:27:00,36,
990002700,12,52,2024-05-11 09:28:00,37,
990002700,13,52,2024-05-11 09:29:00,35,
990002700,14,52,2024-05-11 09:30:00,55,
990002700,15,52,2024-05-11 09:40:00,57,
990002700,16,52,2024-05-11 10:00:00,58,
990002700,17,52,2024-05-11 10:30:00,56,
990002701,1,52,2024-05-22 09:00:00,55,
990002701,2,52,2024-05-22 09:10:00,56,
990002701,3,52,2024-05-22 09:19:00,54,
990002701,4,52,2024-05-22 09:20:00,35,
990002701,5,52,2024-05-22 09:21:00,36,
990002701,6,52,2024-05-22 09:22:00,37,
990002701,7,52,2024-05-22 09:23:00,35,
990002701,8,52,2024-05-22 09:24:00,36,
990002701,9,52,2024-05-22 09:25:00,37,
990002701,10,52,2024-05-22 09:26:00,35,
990002701,11,52,2024-05-22 09:27:00,36,
990002701,12,52,2024-05-22 09:28:00,37,
990002701,13,52,2024-05-22 09:29:00,35,
990002701,14,52,2024-05-22 09:30:00,55,
990002701,15,52,2024-05-22 09:40:00,57,
990002701,16,52,2024-05-22 10:00:00,58,
990002701,17,52,2024-05-22 10:30:00,56,
990002702,1,52,2024-06-02 09:00:00,55,
990002702,2,52,2024-06-02 09:10:00,56,
990002702,3,52,2024-06-02 09:19:00,54,
990002702,4,52,2024-06-02 09:20:00,35,
990002702,5,52,2024-06-02 09:21:00,36,
990002702,6,52,2024-06-02 09:22:00,37,
990002702,7,52,2024-06-02 09:23:00,35,
990002702,8,52,2024-06-02 09:24:00,36,
990002702,9,52,2024-06-02 09:25:00,37,
990002702,10,52,2024-06-02 09:26:00,35,
990002702,11,52,2024-06-02 09:27:00,36,
990002702,12,52,2024-06-02 09:28:00,37,
990002702,13,52,2024-06-02 09:29:00,35,
990002702,14,52,2024-06-02 09:30:00,55,
990002702,15,52,2024-06-02 09:40:00,57,
990002702,16,52,2024-06-02 10:00:00,58,
990002702,17,52,2024-06-02 10:30:00,56,
990002703,1,51,2024-06-11 09:10:00,62,
990002703,2,51,2024-06-11 09:20:00,35,
990002703,3,51,2024-06-11 09:40:00,60,
990002703,4,51,2024-06-11 10:00:00,61,
990002704,1,51,2024-06-20 08:50:00,35,
990002704,2,51,2024-06-20 09:00:00,60,
990002704,3,51,2024-06-20 09:30:00,61,
990002704,4,51,2024-06-20 10:00:00,62,
990002704,5,51,2024-06-20 11:30:00,34,
990002705,1,51,2024-06-30 09:00:00,60,
990002705,2,51,2024-06-30 09:30:00,59,
990002705,3,51,2024-06-30 10:28:00,35,
990002706,1,51,2024-07-11 09:00:00,60,
990002706,2,51,2024-07-11 09:30:00,58,
990002706,3,51,2024-07-11 10:00:00,35,
990002707,1,52,2024-07-20 09:00:00,55,
990002707,2,52,2024-07-20 09:10:00,50,
990002707,3,51,2024-07-20 09:10:00,35,
990002707,4,52,2024-07-20 09:12:00,52,
990002707,5,52,2024-07-20 10:30:00,54,
990003700,1,52,2024-03-29 08:00:00,60,
990003700,2,52,2024-03-29 08:10:00,35,
990003700,3,52,2024-03-29 08:13:00,60,
990003701,1,52,2024-04-08 08:00:00,60,
990003701,2,52,2024-04-08 08:10:00,35,
990003701,3,52,2024-04-08 08:13:00,60,
990003702,1,5,2024-04-11 09:30:00,50/30,
990003703,1,52,2024-04-20 09:00:00,60,
990003703,2,52,2024-04-20 09:10:00,35,N
990003703,3,52,2024-04-20 09:20:00,60,
990003704,1,51,2024-04-25 09:00:00,60,
990003704,2,51,2024-04-25 09:10:00,36,
990003704,3,51,2024-04-25 09:13:00,61,
990003705,1,52,2024-05-02 09:00:00,60,
990003705,2,52,2024-05-02 09:10:00,37,
990003705,3,52,2024-05-02 09:17:00,62,
990004700,1,52,2024-08-11 09:00:00,55,
990004700,2,52,2024-08-11 09:10:00,35,
990004700,3,52,2024-08-11 09:11:00,36,
990004700,4,51,2024-08-11 09:12:00,60,
990004700,5,52,2024-08-11 09:17:00,37,
990004700,6,52,2024-08-11 09:18:00,35,
990004700,7,52,2024-08-11 09:19:00,55,
990004700,8,52,2024-08-11 10:30:00,56,
